{"type":"FeatureCollection","features":[{"type":"Feature","geometry":{"type":"MultiPolygon","coordinates":[[[[-44.7502,-0.9558],[-44.7487,-0.9599],[-44.7511,-0.9637],[-44.7551,-0.9643],[-44.759,-0.9629],[-44.7635,-0.9616],[-44.7675,-0.9593],[-44.7688,-0.9551],[-44.7661,-0.952],[-44.7618,-0.9515],[-44.7574,-0.9517],[-44.7531,-0.9531],[-44.7502,-0.9558]]],[[[-44.7568,-0.9602],[-44.7595,-0.9572],[-44.7641,-0.9563],[-44.7605,-0.9591],[-44.7568,-0.9602]]]]},"properties":{"nome":"Recifes do Litoral do Maranh\u00e3o","regiao":"Recifes do Litoral do Maranh\u00e3o","area_km2":2.145}},{"type":"Feature","geometry":{"type":"MultiPolygon","coordinates":[[[[-39.6561,-18.3213],[-39.6579,-18.3251],[-39.6569,-18.3211],[-39.6561,-18.3213]]],[[[-39.0531,-16.5127],[-39.0531,-16.5129],[-39.0529,-16.5131],[-39.0529,-16.5132],[-39.0531,-16.5127]]],[[[-39.0588,-16.4925],[-39.0601,-16.4963],[-39.062,-16.5],[-39.0639,-16.5036],[-39.0651,-16.5076],[-39.0665,-16.5114],[-39.0675,-16.5154],[-39.0672,-16.5112],[-39.0658,-16.5074],[-39.0648,-16.5034],[-39.063,-16.4998],[-39.0608,-16.4963],[-39.0593,-16.4925],[-39.0588,-16.4925]]],[[[-39.0603,-16.4917],[-39.0603,-16.4918],[-39.0603,-16.492],[-39.0603,-16.4922],[-39.0603,-16.4917]]],[[[-39.0612,-16.4882],[-39.061,-16.4884],[-39.061,-16.4885],[-39.061,-16.4887],[-39.0612,-16.4882]]],[[[-39.0606,-16.4854],[-39.0606,-16.4857],[-39.0606,-16.4859],[-39.0606,-16.486],[-39.0606,-16.4854]]],[[[-39.0535,-16.4736],[-39.0536,-16.4738],[-39.0536,-16.4736],[-39.0535,-16.4736]]],[[[-39.0555,-16.4741],[-39.0555,-16.4739],[-39.0555,-16.4738],[-39.0555,-16.4736],[-39.0555,-16.4741]]],[[[-39.0553,-16.4741],[-39.0553,-16.4739],[-39.0555,-16.4741],[-39.0553,-16.4741]]],[[[-39.0536,-16.4738],[-39.0534,-16.4738],[-39.0534,-16.4736],[-39.0533,-16.4736],[-39.0536,-16.4738]]],[[[-39.0534,-16.4736],[-39.0535,-16.4736],[-39.0534,-16.4734],[-39.0534,-16.4736]]],[[[-39.0551,-16.4673],[-39.0551,-16.4675],[-39.055,-16.4675],[-39.055,-16.4676],[-39.0551,-16.4673]]],[[[-39.0534,-16.4676],[-39.0534,-16.4678],[-39.0536,-16.4678],[-39.0538,-16.4678],[-39.0534,-16.4676]]],[[[-39.0385,-16.4157],[-39.0385,-16.4159],[-39.0383,-16.4159],[-39.0382,-16.4159],[-39.0385,-16.4157]]],[[[-38.9879,-16.4068],[-38.9875,-16.407],[-38.987,-16.4072],[-38.9865,-16.4077],[-38.9879,-16.4068]]],[[[-38.9763,-16.3966],[-38.9727,-16.3989],[-38.9705,-16.4027],[-38.9702,-16.4071],[-38.9741,-16.4093],[-38.9759,-16.4129],[-38.9728,-16.4155],[-38.9757,-16.4183],[-38.9767,-16.4144],[-38.9783,-16.4181],[-38.98,-16.4143],[-38.9801,-16.41],[-38.9823,-16.4064],[-38.9831,-16.4024],[-38.9802,-16.3996],[-38.9786,-16.3958],[-38.9763,-16.3966]]],[[[-38.9774,-16.3978],[-38.9774,-16.3979],[-38.9773,-16.3979],[-38.9773,-16.398],[-38.9774,-16.3978]]],[[[-38.9752,-16.3986],[-38.9752,-16.3987],[-38.9751,-16.3987],[-38.975,-16.3987],[-38.9752,-16.3986]]],[[[-38.9801,-16.401],[-38.98,-16.401],[-38.9799,-16.401],[-38.9799,-16.401],[-38.9801,-16.401]]],[[[-38.9788,-16.4021],[-38.9788,-16.4022],[-38.9788,-16.4022],[-38.9787,-16.4022],[-38.9788,-16.4021]]],[[[-38.9765,-16.4022],[-38.9765,-16.4023],[-38.9765,-16.4024],[-38.9765,-16.4024],[-38.9765,-16.4022]]],[[[-38.9816,-16.4026],[-38.9816,-16.4026],[-38.9816,-16.4026],[-38.9817,-16.4026],[-38.9816,-16.4026]]],[[[-38.972,-16.4043],[-38.972,-16.4044],[-38.9719,-16.4044],[-38.9719,-16.4044],[-38.972,-16.4043]]],[[[-38.9787,-16.409],[-38.9787,-16.409],[-38.9787,-16.4091],[-38.9787,-16.4092],[-38.9787,-16.409]]],[[[-38.9983,-16.3532],[-38.9981,-16.3534],[-38.9979,-16.3534],[-38.9979,-16.3536],[-38.9983,-16.3532]]],[[[-38.9959,-16.3492],[-38.9959,-16.3494],[-38.9957,-16.3494],[-38.9955,-16.3494],[-38.9959,-16.3492]]],[[[-38.9806,-16.2463],[-38.9806,-16.2465],[-38.9804,-16.2465],[-38.9804,-16.2467],[-38.9806,-16.2463]]],[[[-38.9401,-16.2261],[-38.9401,-16.2263],[-38.9403,-16.2263],[-38.9405,-16.2263],[-38.9401,-16.2261]]],[[[-38.9453,-16.217],[-38.9434,-16.2206],[-38.9447,-16.2244],[-38.9474,-16.2275],[-38.9438,-16.2295],[-38.9434,-16.2335],[-38.9451,-16.2372],[-38.9476,-16.2404],[-38.9509,-16.2427],[-38.954,-16.24],[-38.9515,-16.2368],[-38.9532,-16.2331],[-38.953,-16.2291],[-38.9499,-16.2265],[-38.9488,-16.2224],[-38.9492,-16.2184],[-38.9455,-16.217],[-38.9453,-16.217]]],[[[-38.915,-16.1763],[-38.915,-16.1761],[-38.9149,-16.1761],[-38.915,-16.1763]]],[[[-38.915,-16.1763],[-38.9111,-16.1773],[-38.9092,-16.1809],[-38.9106,-16.1848],[-38.9146,-16.1842],[-38.9179,-16.1817],[-38.9161,-16.1781],[-38.915,-16.1763]]],[[[-38.9165,-16.1817],[-38.9165,-16.1819],[-38.9163,-16.1819],[-38.9161,-16.1819],[-38.9165,-16.1817]]],[[[-38.9449,-16.1714],[-38.9449,-16.1716],[-38.9447,-16.1716],[-38.9447,-16.1718],[-38.9449,-16.1714]]],[[[-38.9462,-14.0923],[-38.9463,-14.0923],[-38.9463,-14.0922],[-38.9462,-14.0922],[-38.9462,-14.0923]]],[[[-38.9465,-14.0844],[-38.9463,-14.0885],[-38.9468,-14.0844],[-38.9465,-14.0844]]],[[[-38.947,-14.0805],[-38.9468,-14.0806],[-38.9467,-14.0806],[-38.9465,-14.0808],[-38.947,-14.0805]]],[[[-38.9464,-14.0789],[-38.9464,-14.0791],[-38.9462,-14.0791],[-38.9462,-14.0792],[-38.9464,-14.0789]]],[[[-38.9443,-14.0689],[-38.9443,-14.0691],[-38.9444,-14.0691],[-38.9446,-14.0691],[-38.9443,-14.0689]]],[[[-38.9433,-14.0648],[-38.9433,-14.0648],[-38.9431,-14.0648],[-38.9431,-14.065],[-38.9433,-14.0648]]],[[[-38.9433,-14.0648],[-38.9434,-14.0647],[-38.9434,-14.0645],[-38.9436,-14.0645],[-38.9433,-14.0648]]],[[[-38.9428,-14.0634],[-38.9425,-14.0637],[-38.9423,-14.0637],[-38.9423,-14.0639],[-38.9428,-14.0634]]],[[[-38.9418,-14.0617],[-38.9417,-14.0618],[-38.9414,-14.0618],[-38.9414,-14.062],[-38.9418,-14.0617]]],[[[-38.9404,-14.0536],[-38.9401,-14.0577],[-38.9407,-14.0538],[-38.9404,-14.0536]]],[[[-38.9399,-14.0515],[-38.9399,-14.0516],[-38.9397,-14.0516],[-38.9396,-14.0516],[-38.9399,-14.0515]]],[[[-38.9399,-14.0515],[-38.9399,-14.0514],[-38.9397,-14.0514],[-38.9399,-14.0515]]],[[[-38.9397,-14.0514],[-38.9396,-14.0513],[-38.9396,-14.0514],[-38.9397,-14.0514]]],[[[-38.9396,-14.0513],[-38.9396,-14.0512],[-38.9394,-14.0512],[-38.9396,-14.0513]]],[[[-38.931,-13.8481],[-38.931,-13.8482],[-38.931,-13.8484],[-38.9309,-13.8486],[-38.931,-13.8481]]],[[[-38.9135,-13.6743],[-38.9136,-13.6744],[-38.9137,-13.6743],[-38.914,-13.6743],[-38.9135,-13.6743]]],[[[-38.914,-13.6679],[-38.9141,-13.6681],[-38.9138,-13.6681],[-38.9138,-13.6683],[-38.914,-13.6679]]],[[[-38.9186,-13.6667],[-38.9185,-13.6668],[-38.9183,-13.6668],[-38.9182,-13.6669],[-38.9186,-13.6667]]],[[[-38.9113,-13.6631],[-38.9116,-13.6632],[-38.9114,-13.6632],[-38.9112,-13.6632],[-38.9113,-13.6631]]],[[[-38.9098,-13.6622],[-38.9098,-13.6624],[-38.9096,-13.6624],[-38.9097,-13.6625],[-38.9098,-13.6622]]],[[[-38.9136,-13.6613],[-38.9135,-13.6614],[-38.9133,-13.6614],[-38.9132,-13.6615],[-38.9136,-13.6613]]],[[[-38.9016,-13.6597],[-38.9015,-13.6598],[-38.9016,-13.6599],[-38.9016,-13.6601],[-38.9016,-13.6597]]],[[[-38.9095,-13.66],[-38.9097,-13.66],[-38.91,-13.66],[-38.9102,-13.66],[-38.9095,-13.66]]],[[[-38.9016,-13.6597],[-38.9017,-13.6596],[-38.9015,-13.6597],[-38.9016,-13.6597]]],[[[-38.9105,-13.6597],[-38.9105,-13.6599],[-38.9107,-13.6599],[-38.9108,-13.66],[-38.9105,-13.6597]]],[[[-38.9095,-13.66],[-38.9063,-13.6574],[-38.9054,-13.6613],[-38.9095,-13.6613],[-38.9095,-13.66]]],[[[-38.902,-13.6311],[-38.8984,-13.6331],[-38.898,-13.6372],[-38.8981,-13.6414],[-38.8981,-13.6456],[-38.8984,-13.6498],[-38.9005,-13.6533],[-38.9046,-13.6534],[-38.904,-13.6493],[-38.9013,-13.6462],[-38.9012,-13.642],[-38.9003,-13.638],[-38.9002,-13.634],[-38.902,-13.6311]]],[[[-38.902,-13.6311],[-38.9022,-13.6311],[-38.9024,-13.6311],[-38.9024,-13.6309],[-38.902,-13.6311]]],[[[-38.9024,-13.6309],[-38.9033,-13.6269],[-38.9044,-13.623],[-38.9015,-13.62],[-38.9,-13.6163],[-38.8966,-13.6186],[-38.8966,-13.6228],[-38.8974,-13.6268],[-38.8966,-13.6308],[-38.9006,-13.6306],[-38.9024,-13.6309]]],[[[-38.911,-13.6009],[-38.908,-13.6037],[-38.9121,-13.6042],[-38.9109,-13.6081],[-38.914,-13.6108],[-38.9126,-13.607],[-38.9135,-13.603],[-38.911,-13.6009]]],[[[-38.9098,-13.5976],[-38.9061,-13.5994],[-38.9101,-13.6005],[-38.9099,-13.5965],[-38.9098,-13.5976]]],[[[-38.9088,-13.5891],[-38.9051,-13.5907],[-38.905,-13.5949],[-38.909,-13.5941],[-38.9112,-13.5907],[-38.9088,-13.5891]]],[[[-38.9089,-13.5918],[-38.9088,-13.5919],[-38.9085,-13.5919],[-38.9084,-13.592],[-38.9089,-13.5918]]],[[[-38.9059,-13.5926],[-38.9059,-13.5928],[-38.9059,-13.593],[-38.9058,-13.5931],[-38.9059,-13.5926]]],[[[-38.9027,-13.5861],[-38.9028,-13.5862],[-38.9028,-13.5859],[-38.9027,-13.5858],[-38.9027,-13.5861]]],[[[-38.9082,-13.587],[-38.9081,-13.5871],[-38.9079,-13.5871],[-38.9078,-13.5872],[-38.9082,-13.587]]],[[[-38.907,-13.5874],[-38.9072,-13.5874],[-38.9072,-13.5871],[-38.9072,-13.5869],[-38.907,-13.5874]]],[[[-38.9027,-13.5861],[-38.9025,-13.5861],[-38.9024,-13.5863],[-38.9022,-13.5863],[-38.9027,-13.5861]]],[[[-38.9027,-13.588],[-38.9025,-13.5881],[-38.9023,-13.5881],[-38.9022,-13.588],[-38.9027,-13.588]]],[[[-38.9115,-13.4871],[-38.9117,-13.4871],[-38.9118,-13.487],[-38.9119,-13.4869],[-38.9115,-13.4871]]],[[[-38.9114,-13.4808],[-38.9116,-13.4808],[-38.9117,-13.4807],[-38.9114,-13.4808]]],[[[-38.9148,-13.4799],[-38.9128,-13.4835],[-38.9136,-13.4877],[-38.9131,-13.4918],[-38.9168,-13.4937],[-38.9167,-13.4977],[-38.9207,-13.4981],[-38.9235,-13.5012],[-38.9268,-13.5036],[-38.9304,-13.5053],[-38.9282,-13.5019],[-38.9255,-13.4989],[-38.9223,-13.4962],[-38.9195,-13.4933],[-38.9171,-13.4901],[-38.9169,-13.486],[-38.9188,-13.4824],[-38.916,-13.4794],[-38.9148,-13.4799]]],[[[-38.9088,-13.4785],[-38.9087,-13.4827],[-38.9128,-13.4822],[-38.9108,-13.4787],[-38.9088,-13.4785]]],[[[-38.9114,-13.4808],[-38.9115,-13.4807],[-38.9116,-13.4806],[-38.9117,-13.4805],[-38.9114,-13.4808]]],[[[-38.9095,-13.4822],[-38.9096,-13.4823],[-38.9097,-13.4824],[-38.9099,-13.4824],[-38.9095,-13.4822]]],[[[-38.8923,-13.4405],[-38.8916,-13.4445],[-38.8938,-13.4479],[-38.8949,-13.4518],[-38.8944,-13.4558],[-38.8959,-13.4596],[-38.8983,-13.4628],[-38.9019,-13.4647],[-38.9045,-13.4678],[-38.907,-13.471],[-38.9109,-13.4722],[-38.9142,-13.4698],[-38.9107,-13.4678],[-38.9075,-13.4653],[-38.9049,-13.462],[-38.9025,-13.4587],[-38.8992,-13.4563],[-38.8974,-13.4526],[-38.8965,-13.4485],[-38.8978,-13.4446],[-38.8948,-13.4419],[-38.8923,-13.4405]]],[[[-38.8998,-13.4589],[-38.8997,-13.459],[-38.8995,-13.459],[-38.8994,-13.4589],[-38.8998,-13.4589]]],[[[-38.9,-13.4613],[-38.8999,-13.4614],[-38.8999,-13.4616],[-38.8997,-13.4616],[-38.9,-13.4613]]],[[[-38.9027,-13.4627],[-38.9026,-13.4628],[-38.9024,-13.4628],[-38.9024,-13.463],[-38.9027,-13.4627]]],[[[-38.911,-13.4687],[-38.911,-13.4689],[-38.9108,-13.4689],[-38.9106,-13.4689],[-38.911,-13.4687]]],[[[-38.9038,-13.4362],[-38.9038,-13.4365],[-38.9038,-13.4362],[-38.9038,-13.4362]]],[[[-38.9038,-13.4362],[-38.9007,-13.4334],[-38.8999,-13.4293],[-38.898,-13.4258],[-38.8957,-13.4292],[-38.8947,-13.4331],[-38.8988,-13.4331],[-38.9016,-13.4361],[-38.9038,-13.4362]]],[[[-38.8991,-13.4284],[-38.8993,-13.4281],[-38.8993,-13.4283],[-38.8993,-13.4284],[-38.8991,-13.4284]]],[[[-38.8991,-13.4286],[-38.8991,-13.4284],[-38.8991,-13.4284],[-38.8991,-13.4286]]],[[[-38.9071,-13.4222],[-38.9029,-13.4229],[-38.8997,-13.4255],[-38.9024,-13.4286],[-38.9049,-13.4255],[-38.9081,-13.4227],[-38.9075,-13.4187],[-38.9071,-13.4222]]],[[[-38.9095,-13.411],[-38.9094,-13.4111],[-38.9093,-13.411],[-38.9092,-13.4109],[-38.9095,-13.411]]],[[[-38.9046,-13.4074],[-38.9046,-13.4114],[-38.9058,-13.4076],[-38.9046,-13.4074]]],[[[-38.9074,-13.4005],[-38.9053,-13.404],[-38.9073,-13.4075],[-38.9103,-13.4048],[-38.9101,-13.4006],[-38.9074,-13.4005]]],[[[-38.9085,-13.4014],[-38.9086,-13.4015],[-38.9087,-13.4016],[-38.9088,-13.4017],[-38.9085,-13.4014]]],[[[-38.9089,-13.3983],[-38.9089,-13.3985],[-38.9087,-13.3985],[-38.9086,-13.3984],[-38.9089,-13.3983]]],[[[-38.9071,-13.3919],[-38.907,-13.392],[-38.9067,-13.392],[-38.9066,-13.3921],[-38.9071,-13.3919]]],[[[-38.9078,-13.3912],[-38.9076,-13.3912],[-38.9075,-13.3914],[-38.9074,-13.3915],[-38.9078,-13.3912]]],[[[-38.9078,-13.3912],[-38.9078,-13.3912],[-38.9078,-13.3912],[-38.9078,-13.3912]]],[[[-38.9093,-13.3911],[-38.9088,-13.3953],[-38.9102,-13.3991],[-38.9105,-13.3951],[-38.9093,-13.3911]]],[[[-38.9096,-13.3776],[-38.9095,-13.3777],[-38.9094,-13.3776],[-38.9092,-13.3776],[-38.9096,-13.3776]]],[[[-38.9078,-13.3912],[-38.9082,-13.3872],[-38.9088,-13.3832],[-38.9072,-13.3795],[-38.9055,-13.3832],[-38.9064,-13.3872],[-38.9076,-13.391],[-38.9078,-13.3912]]],[[[-38.9118,-13.3774],[-38.9117,-13.3775],[-38.9115,-13.3775],[-38.9113,-13.3775],[-38.9118,-13.3774]]],[[[-38.907,-13.3748],[-38.907,-13.375],[-38.907,-13.3752],[-38.907,-13.3754],[-38.907,-13.3748]]],[[[-38.9081,-13.3759],[-38.908,-13.376],[-38.9077,-13.376],[-38.9076,-13.3761],[-38.9081,-13.3759]]],[[[-38.9145,-13.3729],[-38.9145,-13.3732],[-38.9144,-13.3733],[-38.9142,-13.3733],[-38.9145,-13.3729]]],[[[-38.9686,-13.3279],[-38.9687,-13.3319],[-38.9688,-13.3279],[-38.9686,-13.3279]]],[[[-38.7379,-13.1231],[-38.7363,-13.1268],[-38.7375,-13.1308],[-38.7375,-13.1268],[-38.7379,-13.1231]]],[[[-38.7379,-13.1231],[-38.7378,-13.1228],[-38.7378,-13.123],[-38.7378,-13.1231],[-38.7379,-13.1231]]],[[[-38.4842,-13.0168],[-38.4841,-13.0169],[-38.4839,-13.0169],[-38.4837,-13.0169],[-38.4842,-13.0168]]],[[[-38.4742,-13.0122],[-38.4703,-13.0113],[-38.4735,-13.0138],[-38.4742,-13.0122]]],[[[-38.4742,-13.0123],[-38.4741,-13.0121],[-38.4742,-13.0122],[-38.4742,-13.0123]]],[[[-38.4689,-13.0092],[-38.469,-13.0093],[-38.4691,-13.0094],[-38.4691,-13.0096],[-38.4689,-13.0092]]],[[[-38.4689,-13.0092],[-38.4651,-13.0075],[-38.4617,-13.0053],[-38.463,-13.0091],[-38.4671,-13.0095],[-38.4689,-13.0092]]],[[[-38.453,-13.0013],[-38.4547,-13.005],[-38.4588,-13.0053],[-38.4557,-13.0026],[-38.4525,-13.0001],[-38.453,-13.0013]]],[[[-38.4461,-12.9963],[-38.4463,-12.9963],[-38.4463,-12.9962],[-38.4463,-12.9961],[-38.4461,-12.9963]]],[[[-38.4303,-12.9807],[-38.4305,-12.9807],[-38.4305,-12.9805],[-38.4304,-12.9804],[-38.4303,-12.9807]]],[[[-38.4211,-12.9755],[-38.421,-12.9756],[-38.4209,-12.9756],[-38.4208,-12.9757],[-38.4211,-12.9755]]],[[[-38.4195,-12.9753],[-38.4195,-12.9754],[-38.4196,-12.9753],[-38.4196,-12.9751],[-38.4195,-12.9753]]],[[[-38.4174,-12.973],[-38.4173,-12.9731],[-38.4171,-12.9731],[-38.417,-12.9732],[-38.4174,-12.973]]],[[[-38.4166,-12.9727],[-38.4168,-12.9727],[-38.4169,-12.9727],[-38.4168,-12.9726],[-38.4166,-12.9727]]],[[[-38.4092,-12.9687],[-38.4091,-12.9688],[-38.409,-12.9689],[-38.4089,-12.9689],[-38.4092,-12.9687]]],[[[-38.408,-12.9687],[-38.4082,-12.9687],[-38.4083,-12.9686],[-38.4083,-12.9684],[-38.408,-12.9687]]],[[[-38.4058,-12.9667],[-38.4057,-12.9666],[-38.4057,-12.9666],[-38.4058,-12.9667]]],[[[-38.4056,-12.9666],[-38.4057,-12.9666],[-38.4055,-12.9665],[-38.4056,-12.9666]]],[[[-38.4058,-12.9667],[-38.4056,-12.9666],[-38.4055,-12.9666],[-38.4054,-12.9665],[-38.4058,-12.9667]]],[[[-38.3983,-12.9593],[-38.3983,-12.9592],[-38.3982,-12.9592],[-38.3981,-12.9592],[-38.3983,-12.9593]]],[[[-38.3983,-12.9594],[-38.3983,-12.9596],[-38.3979,-12.9593],[-38.3981,-12.9593],[-38.3983,-12.9594]]],[[[-38.3968,-12.9593],[-38.3969,-12.9593],[-38.397,-12.9592],[-38.3969,-12.9592],[-38.3968,-12.9593]]],[[[-38.3581,-12.9544],[-38.3583,-12.9543],[-38.3582,-12.9543],[-38.3581,-12.9544]]],[[[-38.3583,-12.9543],[-38.3583,-12.9543],[-38.358,-12.9545],[-38.3581,-12.9544],[-38.3583,-12.9543]]],[[[-38.3799,-12.9527],[-38.3813,-12.9565],[-38.3801,-12.9526],[-38.3799,-12.9527]]],[[[-38.3792,-12.9527],[-38.3791,-12.9529],[-38.3789,-12.9529],[-38.3787,-12.9529],[-38.3792,-12.9527]]],[[[-38.3769,-12.9529],[-38.3771,-12.9529],[-38.3771,-12.9528],[-38.3772,-12.9527],[-38.3769,-12.9529]]],[[[-38.3761,-12.9551],[-38.3763,-12.9551],[-38.3763,-12.9549],[-38.3762,-12.9548],[-38.3761,-12.9551]]],[[[-38.3661,-12.949],[-38.366,-12.9491],[-38.3659,-12.9492],[-38.3663,-12.9491],[-38.3661,-12.949]]],[[[-38.3348,-12.9409],[-38.3349,-12.9409],[-38.335,-12.9408],[-38.335,-12.9407],[-38.3348,-12.9409]]],[[[-38.3097,-12.9144],[-38.3099,-12.9144],[-38.3099,-12.9142],[-38.3099,-12.914],[-38.3097,-12.9144]]],[[[-38.3083,-12.9127],[-38.3084,-12.9127],[-38.3084,-12.9125],[-38.3083,-12.9124],[-38.3083,-12.9127]]],[[[-36.2756,-10.3613],[-36.278,-10.3646],[-36.2757,-10.3613],[-36.2756,-10.3613]]],[[[-36.2747,-10.3497],[-36.2749,-10.3538],[-36.2751,-10.3496],[-36.2747,-10.3497]]],[[[-36.2786,-10.3498],[-36.2778,-10.3537],[-36.2743,-10.3555],[-36.278,-10.3572],[-36.2787,-10.3612],[-36.2809,-10.3645],[-36.2795,-10.3608],[-36.283,-10.3628],[-36.2823,-10.3588],[-36.2804,-10.3553],[-36.2808,-10.3512],[-36.2786,-10.3498]]],[[[-36.2776,-10.355],[-36.2774,-10.355],[-36.2773,-10.3549],[-36.2772,-10.3548],[-36.2776,-10.355]]],[[[-36.1556,-10.2174],[-36.1557,-10.2175],[-36.1559,-10.2175],[-36.1559,-10.2173],[-36.1556,-10.2174]]],[[[-36.1556,-10.2157],[-36.1556,-10.2159],[-36.1556,-10.2161],[-36.1557,-10.2162],[-36.1556,-10.2157]]],[[[-36.1533,-10.2133],[-36.1531,-10.2133],[-36.1532,-10.2132],[-36.153,-10.2132],[-36.1533,-10.2133]]],[[[-36.1487,-10.2092],[-36.1483,-10.2132],[-36.1524,-10.2129],[-36.1505,-10.2093],[-36.1487,-10.2092]]],[[[-36.149,-10.2102],[-36.1491,-10.2103],[-36.1492,-10.2104],[-36.1493,-10.2105],[-36.149,-10.2102]]],[[[-36.1484,-10.2117],[-36.1485,-10.2118],[-36.1486,-10.2119],[-36.1487,-10.212],[-36.1484,-10.2117]]],[[[-36.1501,-10.2127],[-36.1503,-10.2127],[-36.1504,-10.2128],[-36.1505,-10.2129],[-36.1501,-10.2127]]],[[[-36.1559,-10.2065],[-36.1585,-10.2096],[-36.1561,-10.2062],[-36.1559,-10.2065]]],[[[-36.1324,-10.1802],[-36.1331,-10.1842],[-36.1371,-10.1836],[-36.1339,-10.1811],[-36.1324,-10.1802]]],[[[-36.1324,-10.1802],[-36.1325,-10.1802],[-36.1323,-10.1801],[-36.1324,-10.1802]]],[[[-36.0492,-10.0917],[-36.049,-10.0917],[-36.0489,-10.0916],[-36.0487,-10.0916],[-36.0492,-10.0917]]],[[[-36.056,-10.0855],[-36.0529,-10.0882],[-36.0562,-10.0859],[-36.056,-10.0855]]],[[[-36.0462,-10.0846],[-36.0448,-10.0884],[-36.046,-10.0923],[-36.0498,-10.0909],[-36.0479,-10.0873],[-36.0462,-10.0846]]],[[[-36.0469,-10.089],[-36.047,-10.0891],[-36.047,-10.0892],[-36.0472,-10.0893],[-36.0469,-10.089]]],[[[-36.0459,-10.0825],[-36.0459,-10.0826],[-36.0458,-10.0826],[-36.0458,-10.0827],[-36.0459,-10.0825]]],[[[-36.047,-10.0812],[-36.0496,-10.0843],[-36.0475,-10.0809],[-36.047,-10.0812]]],[[[-36.0472,-10.0812],[-36.047,-10.0812],[-36.047,-10.0812],[-36.0472,-10.0812]]],[[[-36.0456,-10.0806],[-36.0448,-10.0846],[-36.0458,-10.0806],[-36.0456,-10.0806]]],[[[-36.0456,-10.0806],[-36.0458,-10.0805],[-36.0456,-10.0805],[-36.0456,-10.0806]]],[[[-36.0338,-10.0764],[-36.0338,-10.0765],[-36.0339,-10.0765],[-36.0339,-10.0764],[-36.0338,-10.0764]]],[[[-36.0338,-10.0764],[-36.0338,-10.0762],[-36.0338,-10.0761],[-36.0339,-10.0761],[-36.0338,-10.0764]]],[[[-36.0366,-10.07],[-36.0366,-10.0701],[-36.0366,-10.0702],[-36.0366,-10.0704],[-36.0366,-10.07]]],[[[-36.0328,-10.0624],[-36.0328,-10.0627],[-36.0328,-10.0628],[-36.0328,-10.0629],[-36.0328,-10.0624]]],[[[-35.8697,-9.8258],[-35.8722,-9.8291],[-35.874,-9.8327],[-35.876,-9.8363],[-35.8782,-9.8397],[-35.8804,-9.8431],[-35.8824,-9.8465],[-35.8849,-9.8498],[-35.8872,-9.8532],[-35.8893,-9.8566],[-35.8917,-9.8601],[-35.8931,-9.8638],[-35.8955,-9.8671],[-35.895,-9.8631],[-35.8928,-9.8597],[-35.8905,-9.8563],[-35.8882,-9.8528],[-35.886,-9.8494],[-35.8836,-9.8461],[-35.8811,-9.8429],[-35.8789,-9.8395],[-35.8768,-9.836],[-35.8746,-9.8325],[-35.8727,-9.829],[-35.8703,-9.8257],[-35.8697,-9.8258]]],[[[-35.7166,-9.6882],[-35.7167,-9.6882],[-35.7169,-9.6882],[-35.717,-9.6882],[-35.7166,-9.6882]]],[[[-35.7172,-9.6832],[-35.7169,-9.6833],[-35.7169,-9.6832],[-35.7167,-9.6832],[-35.7172,-9.6832]]],[[[-35.7207,-9.6838],[-35.723,-9.6871],[-35.7212,-9.6836],[-35.7207,-9.6838]]],[[[-35.716,-9.6799],[-35.716,-9.6799],[-35.7162,-9.6799],[-35.7162,-9.68],[-35.716,-9.6799]]],[[[-35.7156,-9.6809],[-35.7156,-9.6809],[-35.7156,-9.6809],[-35.7157,-9.6809],[-35.7156,-9.6809]]],[[[-35.7159,-9.6814],[-35.7161,-9.6814],[-35.7161,-9.6818],[-35.7161,-9.6819],[-35.7159,-9.6814]]],[[[-35.7176,-9.678],[-35.7183,-9.6821],[-35.7177,-9.6781],[-35.7176,-9.678]]],[[[-35.7192,-9.6815],[-35.7192,-9.6815],[-35.7191,-9.6815],[-35.7191,-9.6816],[-35.7192,-9.6815]]],[[[-35.7075,-9.6772],[-35.7074,-9.6773],[-35.7073,-9.6773],[-35.7073,-9.6773],[-35.7075,-9.6772]]],[[[-35.7013,-9.674],[-35.7013,-9.674],[-35.7014,-9.674],[-35.7015,-9.6741],[-35.7013,-9.674]]],[[[-35.7049,-9.6738],[-35.705,-9.6739],[-35.705,-9.674],[-35.705,-9.674],[-35.7049,-9.6738]]],[[[-35.7026,-9.6704],[-35.7026,-9.6705],[-35.7025,-9.6706],[-35.7025,-9.6711],[-35.7026,-9.6704]]],[[[-35.6948,-9.6625],[-35.6948,-9.6625],[-35.6949,-9.6625],[-35.6949,-9.6626],[-35.6948,-9.6625]]],[[[-35.6881,-9.6571],[-35.6867,-9.6608],[-35.6848,-9.665],[-35.6865,-9.6688],[-35.6899,-9.6708],[-35.6934,-9.6728],[-35.6976,-9.6729],[-35.6981,-9.6684],[-35.6949,-9.6659],[-35.6914,-9.6677],[-35.6934,-9.6642],[-35.6926,-9.6602],[-35.6896,-9.6576],[-35.6881,-9.6571]]],[[[-35.6893,-9.6604],[-35.6893,-9.6604],[-35.6894,-9.6604],[-35.6895,-9.6605],[-35.6893,-9.6604]]],[[[-35.6902,-9.661],[-35.6906,-9.661],[-35.6906,-9.661],[-35.6906,-9.6611],[-35.6902,-9.661]]],[[[-35.6889,-9.6626],[-35.689,-9.6626],[-35.6891,-9.6626],[-35.6891,-9.6627],[-35.6889,-9.6626]]],[[[-35.6912,-9.6678],[-35.6912,-9.6679],[-35.6913,-9.668],[-35.6913,-9.6681],[-35.6912,-9.6678]]],[[[-35.6958,-9.6679],[-35.6958,-9.6675],[-35.6958,-9.6674],[-35.6958,-9.6673],[-35.6958,-9.6679]]],[[[-35.6944,-9.6714],[-35.6944,-9.6715],[-35.6946,-9.6715],[-35.6947,-9.6715],[-35.6944,-9.6714]]],[[[-35.6917,-9.6523],[-35.6917,-9.6524],[-35.6915,-9.6526],[-35.6915,-9.6526],[-35.6917,-9.6523]]],[[[-35.6923,-9.6528],[-35.6923,-9.6528],[-35.6924,-9.6528],[-35.6924,-9.6529],[-35.6923,-9.6528]]],[[[-35.6956,-9.6512],[-35.693,-9.6548],[-35.6955,-9.6579],[-35.6974,-9.6538],[-35.6956,-9.6512]]],[[[-35.6953,-9.6537],[-35.6953,-9.6538],[-35.6953,-9.6538],[-35.696,-9.6538],[-35.6953,-9.6537]]],[[[-35.6869,-9.6473],[-35.6869,-9.6473],[-35.6872,-9.6473],[-35.6873,-9.6473],[-35.6869,-9.6473]]],[[[-35.6897,-9.6462],[-35.6896,-9.6463],[-35.6896,-9.6463],[-35.6895,-9.6463],[-35.6897,-9.6462]]],[[[-35.6767,-9.6093],[-35.6767,-9.6095],[-35.6767,-9.6095],[-35.6768,-9.6095],[-35.6767,-9.6093]]],[[[-35.6769,-9.6064],[-35.677,-9.6065],[-35.6769,-9.6065],[-35.6769,-9.6067],[-35.6769,-9.6064]]],[[[-35.6781,-9.606],[-35.678,-9.606],[-35.678,-9.606],[-35.6778,-9.606],[-35.6781,-9.606]]],[[[-35.6633,-9.5951],[-35.6633,-9.5951],[-35.6632,-9.5952],[-35.6632,-9.5954],[-35.6633,-9.5951]]],[[[-35.6638,-9.5944],[-35.6637,-9.5944],[-35.6637,-9.5946],[-35.6637,-9.5946],[-35.6638,-9.5944]]],[[[-35.6645,-9.5935],[-35.6644,-9.5936],[-35.6644,-9.5939],[-35.6644,-9.5939],[-35.6645,-9.5935]]],[[[-35.6597,-9.5922],[-35.6598,-9.5923],[-35.6598,-9.5923],[-35.66,-9.5924],[-35.6597,-9.5922]]],[[[-35.6561,-9.5863],[-35.6562,-9.5868],[-35.6561,-9.5868],[-35.6561,-9.5869],[-35.6561,-9.5863]]],[[[-35.6588,-9.5875],[-35.6588,-9.5875],[-35.6588,-9.5875],[-35.6588,-9.5875],[-35.6588,-9.5875]]],[[[-35.6382,-9.5682],[-35.6381,-9.5683],[-35.6381,-9.5683],[-35.6381,-9.5683],[-35.6382,-9.5682]]],[[[-35.6296,-9.5533],[-35.6296,-9.5536],[-35.6297,-9.5537],[-35.6297,-9.5537],[-35.6296,-9.5533]]],[[[-35.0692,-8.7035],[-35.0692,-8.7037],[-35.0693,-8.7038],[-35.0693,-8.7041],[-35.0692,-8.7035]]],[[[-35.0719,-8.6996],[-35.0719,-8.7001],[-35.0719,-8.7001],[-35.0718,-8.7001],[-35.0719,-8.6996]]],[[[-35.0724,-8.6998],[-35.0724,-8.6998],[-35.0724,-8.6998],[-35.0724,-8.6998],[-35.0724,-8.6998]]],[[[-35.0709,-8.6994],[-35.0709,-8.6995],[-35.0707,-8.6995],[-35.0707,-8.6995],[-35.0709,-8.6994]]],[[[-35.0702,-8.6954],[-35.0702,-8.6956],[-35.0702,-8.6956],[-35.0697,-8.6956],[-35.0702,-8.6954]]],[[[-35.068,-8.6891],[-35.068,-8.6892],[-35.068,-8.6892],[-35.0679,-8.6893],[-35.068,-8.6891]]],[[[-35.0479,-8.6816],[-35.0497,-8.6852],[-35.0511,-8.6891],[-35.0528,-8.6927],[-35.0514,-8.689],[-35.0501,-8.6852],[-35.0483,-8.6815],[-35.0479,-8.6816]]],[[[-35.0612,-8.6744],[-35.0616,-8.6788],[-35.0655,-8.6809],[-35.0627,-8.678],[-35.0612,-8.6743],[-35.0612,-8.6744]]],[[[-35.0685,-8.6732],[-35.0685,-8.6732],[-35.0681,-8.6732],[-35.0681,-8.6732],[-35.0685,-8.6732]]],[[[-35.0687,-8.6734],[-35.0686,-8.6734],[-35.0686,-8.6734],[-35.0686,-8.6733],[-35.0687,-8.6734]]],[[[-35.0686,-8.6734],[-35.0686,-8.6734],[-35.0686,-8.6734],[-35.0686,-8.6734],[-35.0686,-8.6734]]],[[[-35.0693,-8.6731],[-35.0693,-8.6731],[-35.0694,-8.6731],[-35.0694,-8.6731],[-35.0693,-8.6731]]],[[[-35.0655,-8.6727],[-35.0655,-8.6729],[-35.0656,-8.6729],[-35.0656,-8.6731],[-35.0655,-8.6727]]],[[[-35.0594,-8.6674],[-35.0594,-8.6674],[-35.0593,-8.6674],[-35.0593,-8.6674],[-35.0594,-8.6674]]],[[[-35.0645,-8.6672],[-35.0645,-8.6673],[-35.0644,-8.6673],[-35.0644,-8.6674],[-35.0645,-8.6672]]],[[[-35.0652,-8.6673],[-35.0652,-8.6673],[-35.0652,-8.6672],[-35.0652,-8.6672],[-35.0652,-8.6673]]],[[[-35.0224,-8.6179],[-35.0224,-8.618],[-35.0223,-8.618],[-35.0222,-8.618],[-35.0224,-8.6179]]],[[[-35.0251,-8.6117],[-35.025,-8.6117],[-35.0249,-8.6116],[-35.0248,-8.6116],[-35.0251,-8.6117]]],[[[-35.0252,-8.6117],[-35.0253,-8.6117],[-35.0254,-8.6118],[-35.0255,-8.6119],[-35.0252,-8.6117]]],[[[-35.0365,-8.6081],[-35.0384,-8.6116],[-35.0401,-8.6152],[-35.0424,-8.6186],[-35.0407,-8.6149],[-35.0389,-8.6113],[-35.037,-8.6078],[-35.0365,-8.6081]]],[[[-35.036,-8.6054],[-35.036,-8.6055],[-35.0359,-8.6055],[-35.0359,-8.6056],[-35.036,-8.6054]]],[[[-35.0356,-8.6048],[-35.0356,-8.6049],[-35.0357,-8.6049],[-35.0357,-8.6048],[-35.0356,-8.6048]]],[[[-35.0356,-8.6048],[-35.0356,-8.6047],[-35.0356,-8.6046],[-35.0356,-8.6045],[-35.0356,-8.6048]]],[[[-35.0359,-8.6034],[-35.0358,-8.6035],[-35.0359,-8.6035],[-35.0359,-8.6034]]],[[[-35.035,-8.6003],[-35.0351,-8.6004],[-35.035,-8.6004],[-35.035,-8.6005],[-35.035,-8.6003]]],[[[-35.0285,-8.582],[-35.0297,-8.5858],[-35.0312,-8.5896],[-35.0327,-8.5933],[-35.0338,-8.5972],[-35.0335,-8.5932],[-35.0318,-8.5896],[-35.0306,-8.5857],[-35.0289,-8.5821],[-35.0285,-8.582]]],[[[-35.0068,-8.5679],[-35.0068,-8.5678],[-35.0068,-8.5679],[-35.0068,-8.5679]]],[[[-35.0073,-8.566],[-35.0073,-8.5659],[-35.0073,-8.566],[-35.0073,-8.566]]],[[[-35.0073,-8.566],[-35.0051,-8.5627],[-35.0052,-8.5587],[-35.0019,-8.561],[-35.0037,-8.5646],[-35.0016,-8.568],[-35.002,-8.572],[-35.0031,-8.5759],[-35.0066,-8.5738],[-35.0096,-8.5712],[-35.0082,-8.5674],[-35.0073,-8.566]]],[[[-35.0073,-8.5668],[-35.0073,-8.5669],[-35.0074,-8.5669],[-35.0074,-8.5669],[-35.0073,-8.5668]]],[[[-35.0068,-8.5678],[-35.0068,-8.5679],[-35.0069,-8.5679],[-35.0069,-8.5679],[-35.0068,-8.5678]]],[[[-35.0068,-8.5677],[-35.0068,-8.5678],[-35.0067,-8.5677],[-35.0068,-8.5677]]],[[[-35.0067,-8.5677],[-35.0066,-8.5677],[-35.0067,-8.5677],[-35.0067,-8.5677]]],[[[-35.0084,-8.5699],[-35.0084,-8.5699],[-35.0083,-8.5699],[-35.0083,-8.5698],[-35.0084,-8.5699]]],[[[-35.0075,-8.57],[-35.0076,-8.5698],[-35.0076,-8.5698],[-35.0077,-8.5698],[-35.0075,-8.57]]],[[[-35.0071,-8.5685],[-35.0071,-8.5686],[-35.0072,-8.5686],[-35.0072,-8.5687],[-35.0071,-8.5685]]],[[[-35.004,-8.5688],[-35.004,-8.5689],[-35.004,-8.5689],[-35.0041,-8.5689],[-35.004,-8.5688]]],[[[-35.0051,-8.5713],[-35.0051,-8.5714],[-35.0051,-8.5715],[-35.005,-8.5715],[-35.0051,-8.5713]]],[[[-35.0052,-8.5721],[-35.0052,-8.5722],[-35.0052,-8.5722],[-35.0053,-8.5722],[-35.0052,-8.5721]]],[[[-35.0071,-8.556],[-35.006,-8.5598],[-35.0073,-8.556],[-35.0071,-8.556]]],[[[-35.0049,-8.5551],[-35.0049,-8.5551],[-35.0049,-8.5551],[-35.0049,-8.5552],[-35.0049,-8.5551]]],[[[-35.0029,-8.5501],[-35.0029,-8.5501],[-35.0029,-8.5502],[-35.0029,-8.5503],[-35.0029,-8.5501]]],[[[-34.9982,-8.5499],[-34.9982,-8.55],[-34.9983,-8.55],[-34.9982,-8.5499]]],[[[-34.9993,-8.5475],[-34.9992,-8.5475],[-34.9992,-8.5475],[-34.9993,-8.5475]]],[[[-34.9959,-8.5437],[-34.9956,-8.5477],[-34.9953,-8.5518],[-34.9988,-8.5537],[-34.9998,-8.5576],[-35.0024,-8.5547],[-35.0022,-8.5507],[-35.0018,-8.5467],[-34.9982,-8.545],[-34.9959,-8.5437]]],[[[-34.9958,-8.5437],[-34.9957,-8.5437],[-34.9957,-8.5437],[-34.9959,-8.5437],[-34.9958,-8.5437]]],[[[-34.9956,-8.5437],[-34.9956,-8.5436],[-34.9957,-8.5437],[-34.9956,-8.5437]]],[[[-34.9992,-8.5475],[-34.9992,-8.5474],[-34.9993,-8.5474],[-34.9993,-8.5475],[-34.9992,-8.5475]]],[[[-35.0004,-8.5512],[-35.0004,-8.5511],[-35.0004,-8.5511],[-35.0005,-8.5511],[-35.0004,-8.5512]]],[[[-34.9991,-8.5509],[-34.999,-8.5509],[-34.999,-8.5509],[-34.9989,-8.5509],[-34.9991,-8.5509]]],[[[-34.9984,-8.5499],[-34.9985,-8.55],[-34.9985,-8.55],[-34.9985,-8.55],[-34.9984,-8.5499]]],[[[-34.9987,-8.5509],[-34.9987,-8.5509],[-34.9988,-8.5509],[-34.9987,-8.551],[-34.9987,-8.5509]]],[[[-35.0016,-8.5534],[-35.0017,-8.5534],[-35.0016,-8.5535],[-35.0017,-8.5535],[-35.0016,-8.5534]]],[[[-35.001,-8.5528],[-35.001,-8.5527],[-35.0009,-8.5527],[-35.0008,-8.5527],[-35.001,-8.5528]]],[[[-34.9994,-8.5519],[-34.9994,-8.5519],[-34.9993,-8.5519],[-34.9993,-8.5518],[-34.9994,-8.5519]]],[[[-34.9987,-8.551],[-34.9987,-8.551],[-34.9987,-8.551],[-34.9988,-8.551],[-34.9987,-8.551]]],[[[-34.9977,-8.5505],[-34.9977,-8.5506],[-34.9978,-8.5506],[-34.9978,-8.5506],[-34.9977,-8.5505]]],[[[-34.9969,-8.54],[-34.9969,-8.5401],[-34.997,-8.5401],[-34.997,-8.5401],[-34.9969,-8.54]]],[[[-34.9963,-8.5178],[-34.9963,-8.5178],[-34.9963,-8.5177],[-34.9962,-8.5177],[-34.9963,-8.5178]]],[[[-34.9966,-8.5023],[-34.9963,-8.5063],[-34.9961,-8.5103],[-34.9975,-8.514],[-34.9989,-8.5102],[-34.998,-8.5063],[-34.997,-8.5024],[-34.9966,-8.5023]]],[[[-34.9971,-8.5071],[-34.9971,-8.5072],[-34.9971,-8.5072],[-34.9972,-8.5072],[-34.9971,-8.5071]]],[[[-34.9973,-8.5104],[-34.9973,-8.5105],[-34.9974,-8.5105],[-34.9974,-8.5105],[-34.9973,-8.5104]]],[[[-34.9977,-8.5107],[-34.9978,-8.5107],[-34.9978,-8.5108],[-34.9979,-8.5108],[-34.9977,-8.5107]]],[[[-34.9812,-8.4594],[-34.9822,-8.4634],[-34.9818,-8.4593],[-34.9812,-8.4594]]],[[[-34.9803,-8.4566],[-34.9803,-8.4567],[-34.9802,-8.4567],[-34.9802,-8.4568],[-34.9803,-8.4566]]],[[[-34.9469,-8.3237],[-34.9474,-8.3277],[-34.9475,-8.3318],[-34.9479,-8.3358],[-34.9485,-8.3318],[-34.9478,-8.3278],[-34.9475,-8.3238],[-34.9469,-8.3237]]],[[[-34.9448,-8.3184],[-34.9448,-8.3185],[-34.9448,-8.3186],[-34.9448,-8.3187],[-34.9448,-8.3184]]],[[[-34.9367,-8.3054],[-34.9367,-8.3055],[-34.9368,-8.3055],[-34.9368,-8.3056],[-34.9367,-8.3054]]],[[[-34.9423,-8.2841],[-34.9422,-8.2843],[-34.9421,-8.2843],[-34.9421,-8.2842],[-34.9423,-8.2841]]],[[[-34.9425,-8.2666],[-34.9405,-8.27],[-34.9417,-8.2739],[-34.9421,-8.2779],[-34.9419,-8.2819],[-34.9442,-8.2853],[-34.9453,-8.2813],[-34.9445,-8.2774],[-34.9436,-8.2735],[-34.9431,-8.2694],[-34.9425,-8.2666]]],[[[-34.9088,-8.1979],[-34.9062,-8.2011],[-34.9073,-8.205],[-34.9096,-8.2084],[-34.911,-8.2122],[-34.9115,-8.2162],[-34.9154,-8.2151],[-34.9132,-8.2118],[-34.912,-8.208],[-34.9125,-8.2039],[-34.9117,-8.2],[-34.9088,-8.1979]]],[[[-34.9126,-8.214],[-34.9126,-8.2142],[-34.9127,-8.2142],[-34.9128,-8.2142],[-34.9126,-8.214]]],[[[-34.9109,-8.1899],[-34.9109,-8.19],[-34.9108,-8.19],[-34.9107,-8.19],[-34.9109,-8.1899]]],[[[-34.9104,-8.1891],[-34.9104,-8.1892],[-34.9103,-8.1892],[-34.9103,-8.1892],[-34.9104,-8.1891]]],[[[-34.9151,-8.1853],[-34.9151,-8.1854],[-34.9151,-8.1855],[-34.9151,-8.1856],[-34.9151,-8.1853]]],[[[-34.9143,-8.1821],[-34.9143,-8.1822],[-34.9144,-8.1822],[-34.9144,-8.1823],[-34.9143,-8.1821]]],[[[-34.9121,-8.1763],[-34.9138,-8.18],[-34.9123,-8.1762],[-34.9121,-8.1763]]],[[[-34.8977,-8.1347],[-34.8977,-8.1348],[-34.8977,-8.1349],[-34.8977,-8.135],[-34.8977,-8.1347]]],[[[-34.8963,-8.1317],[-34.8963,-8.1318],[-34.8963,-8.1319],[-34.8963,-8.132],[-34.8963,-8.1317]]],[[[-34.8948,-8.129],[-34.8948,-8.1291],[-34.8949,-8.1292],[-34.8949,-8.1293],[-34.8948,-8.129]]],[[[-34.8948,-8.129],[-34.8948,-8.1289],[-34.8948,-8.1288],[-34.8948,-8.1287],[-34.8948,-8.129]]],[[[-34.8934,-8.126],[-34.8934,-8.1261],[-34.8934,-8.1262],[-34.8934,-8.1262],[-34.8934,-8.126]]],[[[-34.893,-8.1237],[-34.893,-8.1238],[-34.8931,-8.1238],[-34.8931,-8.1239],[-34.893,-8.1237]]],[[[-34.8871,-8.1149],[-34.8893,-8.1183],[-34.8916,-8.1216],[-34.8895,-8.1182],[-34.8874,-8.1147],[-34.8871,-8.1149]]],[[[-34.7924,-7.1426],[-34.7915,-7.1467],[-34.793,-7.1428],[-34.7924,-7.1426]]],[[[-34.8226,-7.0805],[-34.8226,-7.0805],[-34.8226,-7.0806],[-34.8226,-7.0808],[-34.8226,-7.0805]]],[[[-34.8226,-7.0805],[-34.8249,-7.0838],[-34.8236,-7.0799],[-34.8226,-7.0805]]],[[[-34.8249,-7.0774],[-34.8239,-7.0814],[-34.8271,-7.0841],[-34.8294,-7.0808],[-34.8266,-7.0777],[-34.8249,-7.0774]]],[[[-34.828,-7.0793],[-34.828,-7.0795],[-34.8276,-7.0793],[-34.8278,-7.0793],[-34.828,-7.0793]]],[[[-34.8227,-7.024],[-34.8196,-7.0265],[-34.8186,-7.0305],[-34.8197,-7.0345],[-34.8191,-7.0386],[-34.8225,-7.0406],[-34.8264,-7.0392],[-34.8282,-7.0355],[-34.827,-7.0316],[-34.8265,-7.0275],[-34.8239,-7.0243],[-34.8227,-7.024]]],[[[-34.815,-7.0173],[-34.8152,-7.0215],[-34.8145,-7.0256],[-34.8161,-7.0219],[-34.8156,-7.0178],[-34.815,-7.0173]]],[[[-34.8148,-7.0168],[-34.8148,-7.0169],[-34.8148,-7.017],[-34.8149,-7.017],[-34.8148,-7.0168]]],[[[-34.8148,-7.0168],[-34.8148,-7.0166],[-34.8146,-7.0166],[-34.8146,-7.0168],[-34.8148,-7.0168]]],[[[-34.8228,-6.9533],[-34.8204,-6.9567],[-34.8188,-6.9604],[-34.8171,-6.9642],[-34.8161,-6.9681],[-34.816,-6.9721],[-34.8158,-6.9762],[-34.8155,-6.9802],[-34.8188,-6.9778],[-34.8203,-6.9741],[-34.8234,-6.9714],[-34.8249,-6.9676],[-34.8267,-6.964],[-34.8289,-6.9607],[-34.8322,-6.9584],[-34.8285,-6.9568],[-34.8253,-6.9543],[-34.8228,-6.9533]]],[[[-34.8228,-6.953],[-34.8226,-6.9532],[-34.8228,-6.9532],[-34.8228,-6.953]]],[[[-34.8417,-6.9085],[-34.8378,-6.9094],[-34.8418,-6.9093],[-34.8417,-6.9085]]],[[[-34.928,-6.7058],[-34.928,-6.7062],[-34.9282,-6.7062],[-34.9282,-6.706],[-34.928,-6.7058]]],[[[-34.9323,-6.6709],[-34.9323,-6.6711],[-34.9325,-6.6711],[-34.9325,-6.6713],[-34.9323,-6.6709]]],[[[-34.9689,-6.4728],[-34.9689,-6.4728],[-34.9689,-6.4728],[-34.9689,-6.4728]]],[[[-34.9692,-6.4662],[-34.9684,-6.4701],[-34.9702,-6.4665],[-34.9692,-6.4662]]],[[[-34.9721,-6.4578],[-34.9721,-6.4579],[-34.972,-6.4579],[-34.972,-6.4579],[-34.9721,-6.4578]]],[[[-34.9717,-6.455],[-34.9717,-6.4549],[-34.9717,-6.4548],[-34.9717,-6.4547],[-34.9717,-6.455]]],[[[-34.9718,-6.4543],[-34.9718,-6.4544],[-34.9718,-6.4545],[-34.9718,-6.4545],[-34.9718,-6.4543]]],[[[-34.9711,-6.4357],[-34.9704,-6.4396],[-34.9722,-6.436],[-34.9711,-6.4357]]],[[[-34.9781,-6.4138],[-34.9756,-6.417],[-34.9742,-6.4208],[-34.9765,-6.4174],[-34.9785,-6.4139],[-34.9781,-6.4138]]],[[[-34.9937,-6.3704],[-34.9903,-6.3725],[-34.9905,-6.3765],[-34.9925,-6.373],[-34.9937,-6.3704]]],[[[-35.029,-6.3404],[-35.029,-6.3404],[-35.029,-6.3405],[-35.0291,-6.3405],[-35.029,-6.3404]]],[[[-35.029,-6.3404],[-35.029,-6.3403],[-35.029,-6.3402],[-35.029,-6.3402],[-35.029,-6.3404]]],[[[-35.0272,-6.3343],[-35.0261,-6.3382],[-35.0276,-6.3344],[-35.0272,-6.3343]]],[[[-35.0307,-6.3311],[-35.0293,-6.3349],[-35.0287,-6.3389],[-35.0305,-6.3353],[-35.031,-6.3313],[-35.0307,-6.3311]]],[[[-35.0301,-6.3188],[-35.0298,-6.3228],[-35.0285,-6.3266],[-35.0279,-6.3306],[-35.0292,-6.3268],[-35.0304,-6.3229],[-35.0304,-6.3189],[-35.0301,-6.3188]]],[[[-35.0323,-6.3107],[-35.0309,-6.3145],[-35.0324,-6.3182],[-35.0336,-6.3143],[-35.0323,-6.3107]]],[[[-35.0339,-6.311],[-35.0339,-6.3111],[-35.034,-6.3111],[-35.0341,-6.3111],[-35.0339,-6.311]]],[[[-35.0313,-6.3139],[-35.0313,-6.314],[-35.0313,-6.3138],[-35.0313,-6.3138],[-35.0313,-6.3139]]],[[[-35.0952,-6.0636],[-35.0967,-6.0673],[-35.0968,-6.0715],[-35.0974,-6.0754],[-35.0979,-6.0795],[-35.0983,-6.0836],[-35.0985,-6.0796],[-35.0981,-6.0756],[-35.0979,-6.0715],[-35.0971,-6.0676],[-35.0955,-6.0638],[-35.0952,-6.0636]]],[[[-35.106,-5.9999],[-35.1057,-6.0039],[-35.1061,-5.9999],[-35.106,-5.9999]]],[[[-35.106,-5.9999],[-35.106,-5.9999],[-35.106,-5.9998],[-35.106,-5.9999]]],[[[-35.1115,-5.9924],[-35.1121,-5.9963],[-35.1118,-5.9923],[-35.1115,-5.9924]]],[[[-35.1206,-5.9794],[-35.1199,-5.9795],[-35.1194,-5.9799],[-35.1193,-5.9801],[-35.1206,-5.9794]]],[[[-35.1206,-5.9794],[-35.1207,-5.9793],[-35.1208,-5.9793],[-35.1208,-5.9792],[-35.1206,-5.9794]]],[[[-35.1245,-5.9745],[-35.1245,-5.9745],[-35.1245,-5.9745],[-35.1245,-5.9745]]],[[[-35.1245,-5.9744],[-35.1245,-5.9745],[-35.1245,-5.9745],[-35.1245,-5.9744],[-35.1245,-5.9744]]],[[[-35.1246,-5.9741],[-35.1246,-5.9741],[-35.1246,-5.9742],[-35.1246,-5.9742],[-35.1246,-5.9741]]],[[[-35.1247,-5.9739],[-35.1247,-5.9739],[-35.1247,-5.974],[-35.1247,-5.9741],[-35.1247,-5.9739]]],[[[-35.1208,-5.9789],[-35.1236,-5.9758],[-35.1204,-5.9782],[-35.1208,-5.9789]]],[[[-35.1801,-5.7017],[-35.18,-5.7058],[-35.1804,-5.7016],[-35.1801,-5.7017]]],[[[-35.1937,-5.6884],[-35.1937,-5.6888],[-35.1938,-5.6889],[-35.1938,-5.6891],[-35.1937,-5.6884]]],[[[-35.2084,-5.6537],[-35.2078,-5.6578],[-35.2094,-5.6539],[-35.2084,-5.6537]]],[[[-35.2096,-5.6468],[-35.2095,-5.6469],[-35.2096,-5.647],[-35.2096,-5.6472],[-35.2096,-5.6468]]],[[[-35.2187,-5.6289],[-35.2187,-5.6289],[-35.2188,-5.6289],[-35.2188,-5.6288],[-35.2187,-5.6289]]],[[[-35.2188,-5.6288],[-35.2188,-5.6288],[-35.2189,-5.6288],[-35.2189,-5.6287],[-35.2188,-5.6288]]],[[[-35.2147,-5.6278],[-35.211,-5.6293],[-35.2147,-5.6312],[-35.2183,-5.6294],[-35.2147,-5.6278]]],[[[-35.222,-5.5769],[-35.2219,-5.5811],[-35.2227,-5.5768],[-35.222,-5.5769]]],[[[-35.2218,-5.5712],[-35.2218,-5.5712],[-35.2219,-5.5712],[-35.222,-5.5711],[-35.2218,-5.5712]]],[[[-35.2373,-5.5535],[-35.2375,-5.5537],[-35.2379,-5.5537],[-35.2379,-5.5537],[-35.2373,-5.5535]]],[[[-35.2525,-5.4817],[-35.2532,-5.486],[-35.2534,-5.4816],[-35.2525,-5.4817]]],[[[-35.2593,-5.4841],[-35.2594,-5.4841],[-35.2594,-5.4841],[-35.2596,-5.4843],[-35.2593,-5.4841]]],[[[-35.2698,-5.4799],[-35.2664,-5.4822],[-35.2701,-5.4806],[-35.2698,-5.4799]]],[[[-35.2748,-5.4753],[-35.2748,-5.4753],[-35.2749,-5.4753],[-35.275,-5.4753],[-35.2748,-5.4753]]],[[[-35.2745,-5.4713],[-35.2746,-5.4713],[-35.275,-5.4713],[-35.2751,-5.4713],[-35.2745,-5.4713]]],[[[-35.2772,-5.4695],[-35.277,-5.4697],[-35.2767,-5.4697],[-35.2766,-5.4698],[-35.2772,-5.4695]]],[[[-35.288,-5.4498],[-35.288,-5.4498],[-35.2887,-5.4498],[-35.2889,-5.45],[-35.288,-5.4498]]],[[[-35.2883,-5.4467],[-35.2884,-5.4468],[-35.2887,-5.4468],[-35.2888,-5.4467],[-35.2883,-5.4467]]],[[[-35.2893,-5.4357],[-35.2894,-5.4357],[-35.2897,-5.4357],[-35.2897,-5.4357],[-35.2893,-5.4357]]],[[[-35.2941,-5.4264],[-35.294,-5.4265],[-35.2928,-5.4265],[-35.2927,-5.4266],[-35.2941,-5.4264]]],[[[-35.2443,-5.4093],[-35.2443,-5.4094],[-35.2444,-5.4094],[-35.2444,-5.4093],[-35.2443,-5.4093]]],[[[-35.2972,-5.3988],[-35.2944,-5.4021],[-35.2984,-5.4019],[-35.2972,-5.3988]]],[[[-35.2984,-5.4003],[-35.2983,-5.4003],[-35.2983,-5.4002],[-35.2984,-5.4002],[-35.2984,-5.4003]]],[[[-35.3106,-5.3313],[-35.3034,-5.3324],[-35.2997,-5.3337],[-35.296,-5.3354],[-35.2922,-5.3378],[-35.29,-5.3431],[-35.2906,-5.3473],[-35.2891,-5.3512],[-35.288,-5.3555],[-35.2859,-5.3591],[-35.2842,-5.3627],[-35.283,-5.3666],[-35.281,-5.3701],[-35.2789,-5.3738],[-35.2779,-5.3778],[-35.2766,-5.3816],[-35.2752,-5.3858],[-35.2738,-5.3896],[-35.2768,-5.3869],[-35.2781,-5.3831],[-35.2795,-5.3793],[-35.2818,-5.3757],[-35.2845,-5.3727],[-35.2871,-5.3695],[-35.2896,-5.3662],[-35.2911,-5.3622],[-35.2929,-5.3587],[-35.2944,-5.3548],[-35.295,-5.3506],[-35.2961,-5.3464],[-35.2977,-5.3424],[-35.2999,-5.339],[-35.3035,-5.337],[-35.3075,-5.3362],[-35.3114,-5.3349],[-35.3106,-5.3313]]],[[[-35.3475,-5.2531],[-35.3508,-5.2503],[-35.353,-5.247],[-35.3563,-5.2438],[-35.3586,-5.2405],[-35.3545,-5.2419],[-35.3521,-5.2451],[-35.3498,-5.2484],[-35.3475,-5.2531]]],[[[-35.356,-5.2122],[-35.352,-5.2119],[-35.348,-5.2129],[-35.3455,-5.2161],[-35.3425,-5.219],[-35.3393,-5.2216],[-35.3369,-5.225],[-35.3355,-5.2288],[-35.3311,-5.2292],[-35.3274,-5.2309],[-35.3247,-5.234],[-35.3228,-5.2376],[-35.321,-5.2411],[-35.3245,-5.2391],[-35.3261,-5.2351],[-35.3289,-5.2319],[-35.3342,-5.2308],[-35.3375,-5.2284],[-35.3393,-5.2248],[-35.342,-5.2217],[-35.3449,-5.2187],[-35.3471,-5.2152],[-35.3511,-5.2158],[-35.3552,-5.216],[-35.3573,-5.2124],[-35.356,-5.2122]]],[[[-35.4251,-5.0997],[-35.4223,-5.1025],[-35.4187,-5.1044],[-35.4155,-5.1072],[-35.4127,-5.1101],[-35.4095,-5.1129],[-35.4066,-5.1157],[-35.4112,-5.1161],[-35.4154,-5.1147],[-35.4127,-5.118],[-35.4099,-5.1212],[-35.4135,-5.1194],[-35.4173,-5.1175],[-35.4206,-5.1152],[-35.4192,-5.1189],[-35.4234,-5.1184],[-35.4266,-5.1156],[-35.4295,-5.1128],[-35.4327,-5.11],[-35.434,-5.1063],[-35.4377,-5.1044],[-35.4419,-5.102],[-35.4461,-5.1001],[-35.4494,-5.0978],[-35.4531,-5.0959],[-35.4573,-5.094],[-35.461,-5.0921],[-35.4643,-5.0897],[-35.4684,-5.0879],[-35.4741,-5.0869],[-35.4781,-5.0855],[-35.4721,-5.0851],[-35.468,-5.086],[-35.4643,-5.0874],[-35.4578,-5.0884],[-35.4522,-5.0897],[-35.4471,-5.0908],[-35.4425,-5.0921],[-35.4382,-5.0936],[-35.434,-5.095],[-35.4303,-5.0969],[-35.4266,-5.0984],[-35.4251,-5.0997]]],[[[-35.4256,-5.1002],[-35.4249,-5.1002],[-35.4249,-5.1001],[-35.4257,-5.0997],[-35.4256,-5.1002]]],[[[-35.4266,-5.1044],[-35.4266,-5.104],[-35.4266,-5.1039],[-35.4275,-5.1039],[-35.4266,-5.1044]]],[[[-35.429,-5.1127],[-35.4294,-5.1123],[-35.4294,-5.1124],[-35.4294,-5.1128],[-35.429,-5.1127]]],[[[-35.4266,-5.1048],[-35.4229,-5.1064],[-35.4206,-5.1096],[-35.4174,-5.1124],[-35.4187,-5.1077],[-35.423,-5.1058],[-35.4266,-5.1048]]],[[[-35.4168,-5.1081],[-35.4164,-5.1081],[-35.4164,-5.1081],[-35.4165,-5.1081],[-35.4168,-5.1081]]],[[[-35.4155,-5.109],[-35.4154,-5.109],[-35.4154,-5.1087],[-35.4158,-5.1087],[-35.4155,-5.109]]],[[[-35.4545,-5.0813],[-35.4546,-5.0813],[-35.4549,-5.0813],[-35.4549,-5.0813],[-35.4545,-5.0813]]],[[[-38.3572,-12.9546],[-38.3571,-12.9545],[-38.3569,-12.9545],[-38.3569,-12.9544],[-38.3572,-12.9546]]],[[[-38.3572,-12.9548],[-38.3571,-12.9546],[-38.3572,-12.9546],[-38.3572,-12.9548]]],[[[-35.1062,-5.9978],[-35.1061,-5.9978],[-35.106,-5.9978],[-35.106,-5.9978],[-35.1062,-5.9978]]],[[[-35.1063,-5.9979],[-35.1063,-5.998],[-35.1062,-5.9979],[-35.1063,-5.9979]]],[[[-35.1062,-5.9979],[-35.1062,-5.9979],[-35.1062,-5.9978],[-35.1062,-5.9978],[-35.1062,-5.9979]]]]},"properties":{"nome":"Recifes de Sergipe / Norte da Bahia","regiao":"Recifes de Sergipe / Norte da Bahia","area_km2":45.69}},{"type":"Feature","geometry":{"type":"MultiPolygon","coordinates":[[[[-39.2209,-18.0203],[-39.2243,-18.0228],[-39.2291,-18.023],[-39.2249,-18.0219],[-39.2257,-18.0176],[-39.2238,-18.0129],[-39.2198,-18.0133],[-39.2196,-18.0182],[-39.2209,-18.0203]]],[[[-38.7007,-17.976],[-38.6969,-17.9773],[-38.6975,-17.9812],[-38.7015,-17.9816],[-38.7031,-17.978],[-38.7007,-17.976]]],[[[-38.6998,-17.9784],[-38.6962,-17.9801],[-38.6997,-17.9782],[-38.6998,-17.9784]]],[[[-38.6981,-17.9784],[-38.6981,-17.9784],[-38.6981,-17.9784],[-38.6981,-17.9784],[-38.6981,-17.9784]]],[[[-38.6961,-17.9786],[-38.6962,-17.9786],[-38.6962,-17.9786],[-38.6962,-17.9786],[-38.6961,-17.9786]]],[[[-39.2557,-17.9732],[-39.2525,-17.9758],[-39.2537,-17.9797],[-39.2503,-17.9819],[-39.2466,-17.9838],[-39.2441,-17.9871],[-39.2434,-17.9912],[-39.2402,-17.9938],[-39.2376,-17.9971],[-39.234,-17.9988],[-39.2304,-18.0014],[-39.2318,-18.0054],[-39.2353,-18.0073],[-39.2376,-18.0109],[-39.2399,-18.0143],[-39.241,-18.0101],[-39.2424,-18.0062],[-39.2452,-18.0028],[-39.2494,-18.0024],[-39.2537,-18.0026],[-39.2588,-18.0026],[-39.2624,-18.0002],[-39.2667,-17.9987],[-39.2706,-17.9971],[-39.2688,-17.9932],[-39.2723,-17.9909],[-39.2747,-17.9875],[-39.2749,-17.9835],[-39.2734,-17.9797],[-39.2695,-17.9782],[-39.2656,-17.9768],[-39.2632,-17.9731],[-39.2588,-17.9736],[-39.2557,-17.9732]]],[[[-39.263,-17.9844],[-39.2622,-17.9846],[-39.2612,-17.9846],[-39.2609,-17.9843],[-39.263,-17.9844]]],[[[-39.2554,-17.9908],[-39.2528,-17.9944],[-39.2487,-17.9949],[-39.2525,-17.993],[-39.2554,-17.9908]]],[[[-39.2651,-17.9954],[-39.2654,-17.9958],[-39.2653,-17.9962],[-39.2653,-17.9965],[-39.2651,-17.9954]]],[[[-39.2351,-18.0023],[-39.2386,-18.0047],[-39.2347,-18.0064],[-39.2327,-18.0027],[-39.2351,-18.0023]]],[[[-38.7096,-17.962],[-38.7095,-17.9621],[-38.7095,-17.9621],[-38.7095,-17.9621],[-38.7096,-17.962]]],[[[-38.6982,-17.96],[-38.7019,-17.9616],[-38.7057,-17.9629],[-38.7018,-17.9637],[-38.6978,-17.9637],[-38.7017,-17.9643],[-38.7058,-17.9646],[-38.7056,-17.9605],[-38.7016,-17.9604],[-38.6982,-17.96]]],[[[-38.7056,-17.9616],[-38.7056,-17.9616],[-38.7056,-17.9616],[-38.7056,-17.9616],[-38.7056,-17.9616]]],[[[-38.6914,-17.9598],[-38.6914,-17.9598],[-38.6914,-17.9598],[-38.6914,-17.9598],[-38.6914,-17.9598]]],[[[-39.2013,-17.9448],[-39.2013,-17.9449],[-39.2013,-17.9449],[-39.2013,-17.9448],[-39.2013,-17.9448]]],[[[-39.2082,-17.9375],[-39.2043,-17.9389],[-39.1992,-17.9381],[-39.1946,-17.9384],[-39.1926,-17.9419],[-39.1949,-17.9452],[-39.1946,-17.9492],[-39.1987,-17.9497],[-39.2004,-17.9461],[-39.1961,-17.9463],[-39.1965,-17.9421],[-39.1991,-17.9389],[-39.2036,-17.9399],[-39.2077,-17.9401],[-39.2089,-17.9443],[-39.2057,-17.9473],[-39.2037,-17.9508],[-39.2006,-17.9535],[-39.2008,-17.9492],[-39.2031,-17.9459],[-39.2003,-17.9495],[-39.1969,-17.9517],[-39.1952,-17.9555],[-39.1952,-17.9595],[-39.1961,-17.9636],[-39.1963,-17.9683],[-39.1924,-17.9696],[-39.1921,-17.974],[-39.1947,-17.978],[-39.1992,-17.9797],[-39.2032,-17.9788],[-39.2063,-17.9762],[-39.2108,-17.9761],[-39.215,-17.9767],[-39.2165,-17.9726],[-39.217,-17.9683],[-39.2142,-17.9653],[-39.2108,-17.9628],[-39.2088,-17.9593],[-39.2125,-17.9574],[-39.2111,-17.9528],[-39.2091,-17.9487],[-39.2111,-17.9451],[-39.215,-17.944],[-39.2142,-17.9397],[-39.2082,-17.9373],[-39.2082,-17.9375]]],[[[-39.2014,-17.9655],[-39.1977,-17.9674],[-39.2012,-17.9655],[-39.2014,-17.9655]]],[[[-39.1998,-17.9658],[-39.1997,-17.9658],[-39.1997,-17.9658],[-39.1997,-17.9658],[-39.1998,-17.9658]]],[[[-39.215,-17.9681],[-39.2112,-17.9666],[-39.2152,-17.9671],[-39.215,-17.9681]]],[[[-39.2064,-17.9662],[-39.2064,-17.9662],[-39.2065,-17.9662],[-39.2065,-17.9663],[-39.2064,-17.9662]]],[[[-39.1998,-17.9474],[-39.1995,-17.9474],[-39.1994,-17.9474],[-39.1994,-17.9474],[-39.1998,-17.9474]]],[[[-39.1962,-17.9511],[-39.196,-17.9511],[-39.196,-17.9509],[-39.1961,-17.9509],[-39.1962,-17.9511]]],[[[-39.133,-17.9163],[-39.133,-17.9164],[-39.1331,-17.9164],[-39.1331,-17.9163],[-39.133,-17.9163]]],[[[-39.133,-17.9126],[-39.133,-17.9129],[-39.133,-17.9129],[-39.1331,-17.9129],[-39.133,-17.9126]]],[[[-39.1234,-17.9125],[-39.1234,-17.9126],[-39.1235,-17.9126],[-39.1235,-17.9126],[-39.1234,-17.9125]]],[[[-39.1326,-17.9125],[-39.1326,-17.9126],[-39.1328,-17.9126],[-39.1328,-17.9125],[-39.1326,-17.9125]]],[[[-38.9726,-17.8678],[-38.9726,-17.8678],[-38.9726,-17.8678],[-38.9726,-17.8678],[-38.9726,-17.8678]]],[[[-38.9399,-17.8469],[-38.9401,-17.8469],[-38.9401,-17.8469],[-38.9401,-17.8467],[-38.9399,-17.8469]]],[[[-38.9299,-17.8344],[-38.93,-17.8344],[-38.93,-17.8343],[-38.93,-17.834],[-38.9299,-17.8344]]],[[[-39.0089,-17.7774],[-39.0087,-17.7776],[-39.0087,-17.7776],[-39.0087,-17.7777],[-39.0089,-17.7774]]],[[[-38.9495,-17.7714],[-38.9496,-17.7714],[-38.9496,-17.7714],[-38.9496,-17.7713],[-38.9495,-17.7714]]],[[[-39.0376,-17.7642],[-39.0375,-17.7643],[-39.0375,-17.7645],[-39.0376,-17.7646],[-39.0376,-17.7642]]],[[[-39.0396,-17.7628],[-39.0416,-17.7663],[-39.0398,-17.7627],[-39.0396,-17.7628]]],[[[-39.0013,-17.7619],[-39.0013,-17.762],[-39.0012,-17.762],[-39.0012,-17.7624],[-39.0013,-17.7619]]],[[[-39.0011,-17.7601],[-39.001,-17.7602],[-39.001,-17.7602],[-39.0009,-17.7602],[-39.0011,-17.7601]]],[[[-38.9867,-17.7574],[-38.9866,-17.7574],[-38.9866,-17.7574],[-38.9867,-17.7574],[-38.9867,-17.7574]]],[[[-38.9867,-17.7574],[-38.9867,-17.7574],[-38.9867,-17.7573],[-38.9867,-17.7573],[-38.9867,-17.7574]]],[[[-38.9867,-17.7573],[-38.9868,-17.7573],[-38.9868,-17.7573],[-38.9867,-17.7573],[-38.9867,-17.7573]]],[[[-38.9961,-17.7556],[-38.9961,-17.7556],[-38.9961,-17.7556],[-38.9961,-17.7555],[-38.9961,-17.7556]]],[[[-38.9789,-17.7521],[-38.9789,-17.7521],[-38.9788,-17.7521],[-38.9788,-17.7521],[-38.9789,-17.7521]]],[[[-38.9761,-17.7494],[-38.9761,-17.7494],[-38.976,-17.7494],[-38.976,-17.7495],[-38.9761,-17.7494]]],[[[-38.9928,-17.7467],[-38.9928,-17.7467],[-38.9927,-17.7467],[-38.9925,-17.7467],[-38.9928,-17.7467]]],[[[-38.9931,-17.7481],[-38.993,-17.7481],[-38.9929,-17.7481],[-38.9929,-17.7481],[-38.9931,-17.7481]]],[[[-38.9993,-17.7463],[-38.9992,-17.7463],[-38.9992,-17.7463],[-38.9991,-17.7464],[-38.9993,-17.7463]]],[[[-38.9604,-17.7316],[-38.9576,-17.7345],[-38.959,-17.7383],[-38.9631,-17.7389],[-38.9663,-17.7413],[-38.9657,-17.7373],[-38.9635,-17.7339],[-38.9604,-17.7316]]],[[[-38.9612,-17.7347],[-38.9612,-17.7347],[-38.9613,-17.7348],[-38.9613,-17.7348],[-38.9612,-17.7347]]],[[[-38.962,-17.7368],[-38.9621,-17.7369],[-38.9625,-17.7369],[-38.9625,-17.737],[-38.962,-17.7368]]],[[[-38.9603,-17.7375],[-38.9603,-17.7377],[-38.9603,-17.7377],[-38.9603,-17.7377],[-38.9603,-17.7375]]],[[[-38.967,-17.7399],[-38.9668,-17.7401],[-38.9668,-17.7402],[-38.9668,-17.7402],[-38.967,-17.7399]]],[[[-38.9662,-17.7402],[-38.9662,-17.7402],[-38.9662,-17.7402],[-38.9662,-17.7402],[-38.9662,-17.7402]]],[[[-38.954,-17.7274],[-38.954,-17.7274],[-38.9539,-17.7274],[-38.9538,-17.7276],[-38.954,-17.7274]]],[[[-38.9855,-17.7269],[-38.9856,-17.7269],[-38.9856,-17.7269],[-38.9855,-17.7269],[-38.9855,-17.7269]]],[[[-38.9823,-17.7263],[-38.9822,-17.7264],[-38.9821,-17.7264],[-38.9821,-17.7264],[-38.9823,-17.7263]]],[[[-38.9791,-17.7262],[-38.9793,-17.7262],[-38.9793,-17.7262],[-38.9792,-17.7261],[-38.9791,-17.7262]]],[[[-38.9759,-17.7243],[-38.9758,-17.7243],[-38.9756,-17.7243],[-38.9756,-17.7244],[-38.9759,-17.7243]]],[[[-38.9583,-17.7238],[-38.9582,-17.7239],[-38.9581,-17.7239],[-38.9581,-17.724],[-38.9583,-17.7238]]],[[[-38.9755,-17.7222],[-38.9755,-17.7222],[-38.9755,-17.7222],[-38.9755,-17.7222],[-38.9755,-17.7222]]],[[[-38.9763,-17.7218],[-38.9762,-17.7219],[-38.976,-17.7219],[-38.976,-17.7219],[-38.9763,-17.7218]]],[[[-38.975,-17.7218],[-38.975,-17.7218],[-38.9749,-17.7218],[-38.9749,-17.7218],[-38.975,-17.7218]]],[[[-38.9751,-17.7218],[-38.9752,-17.7218],[-38.9752,-17.7217],[-38.9751,-17.7217],[-38.9751,-17.7218]]],[[[-38.9863,-17.7215],[-38.9824,-17.7227],[-38.9838,-17.7264],[-38.9871,-17.724],[-38.9863,-17.7215]]],[[[-38.9854,-17.7261],[-38.9854,-17.7261],[-38.9852,-17.7261],[-38.9851,-17.7261],[-38.9854,-17.7261]]],[[[-38.9788,-17.7203],[-38.9788,-17.7203],[-38.9788,-17.7203],[-38.9787,-17.7204],[-38.9788,-17.7203]]],[[[-38.9767,-17.7199],[-38.9767,-17.7199],[-38.9767,-17.7199],[-38.9766,-17.7199],[-38.9767,-17.7199]]],[[[-38.9906,-17.718],[-38.9904,-17.7183],[-38.9903,-17.7183],[-38.9903,-17.7184],[-38.9906,-17.718]]],[[[-38.9623,-17.7178],[-38.9624,-17.7178],[-38.9624,-17.7175],[-38.9623,-17.7175],[-38.9623,-17.7178]]],[[[-38.9777,-17.7174],[-38.9776,-17.7175],[-38.9776,-17.7175],[-38.9775,-17.7175],[-38.9777,-17.7174]]],[[[-38.9568,-17.7178],[-38.9568,-17.7179],[-38.9569,-17.718],[-38.9569,-17.718],[-38.9568,-17.7178]]],[[[-38.948,-17.7173],[-38.948,-17.7173],[-38.948,-17.7173],[-38.948,-17.7172],[-38.948,-17.7173]]],[[[-38.9824,-17.717],[-38.9823,-17.7171],[-38.9823,-17.7171],[-38.9822,-17.7171],[-38.9824,-17.717]]],[[[-38.9813,-17.7171],[-38.9816,-17.7171],[-38.9817,-17.7171],[-38.9817,-17.7169],[-38.9813,-17.7171]]],[[[-38.9824,-17.7159],[-38.9823,-17.7161],[-38.9822,-17.7161],[-38.9822,-17.7161],[-38.9824,-17.7159]]],[[[-38.9815,-17.7154],[-38.9815,-17.7154],[-38.9814,-17.7154],[-38.9813,-17.7155],[-38.9815,-17.7154]]],[[[-38.9928,-17.7154],[-38.9929,-17.7154],[-38.9929,-17.7154],[-38.9929,-17.7154],[-38.9928,-17.7154]]],[[[-38.9639,-17.7154],[-38.9639,-17.7154],[-38.964,-17.7154],[-38.964,-17.7156],[-38.9639,-17.7154]]],[[[-38.9778,-17.7146],[-38.9778,-17.7147],[-38.9777,-17.7148],[-38.9777,-17.7149],[-38.9778,-17.7146]]],[[[-38.9779,-17.7146],[-38.9779,-17.7146],[-38.9779,-17.7146],[-38.9779,-17.7146],[-38.9779,-17.7146]]],[[[-38.9811,-17.7144],[-38.9811,-17.7145],[-38.9809,-17.7145],[-38.9808,-17.7146],[-38.9811,-17.7144]]],[[[-38.9583,-17.7146],[-38.9582,-17.7147],[-38.958,-17.7147],[-38.9579,-17.7147],[-38.9583,-17.7146]]],[[[-38.9996,-17.7142],[-38.9953,-17.7145],[-38.9943,-17.7184],[-38.9916,-17.7214],[-38.9881,-17.7235],[-38.9867,-17.7272],[-38.9907,-17.7267],[-38.992,-17.7305],[-38.9955,-17.7285],[-38.9983,-17.7255],[-39.002,-17.7241],[-39.0031,-17.7202],[-38.9999,-17.7178],[-38.9996,-17.7142]]],[[[-38.9824,-17.7137],[-38.9824,-17.7138],[-38.9823,-17.7138],[-38.9823,-17.7138],[-38.9824,-17.7137]]],[[[-38.9584,-17.7136],[-38.9583,-17.7137],[-38.9582,-17.7137],[-38.9582,-17.7137],[-38.9584,-17.7136]]],[[[-38.9943,-17.7136],[-38.9943,-17.7137],[-38.9943,-17.7137],[-38.9942,-17.7138],[-38.9943,-17.7136]]],[[[-38.9651,-17.7135],[-38.965,-17.7136],[-38.9648,-17.7136],[-38.9648,-17.7136],[-38.9651,-17.7135]]],[[[-38.9779,-17.7135],[-38.9778,-17.7135],[-38.9777,-17.7135],[-38.9777,-17.7135],[-38.9779,-17.7135]]],[[[-38.9931,-17.7137],[-38.993,-17.7138],[-38.9929,-17.7138],[-38.9929,-17.7138],[-38.9931,-17.7137]]],[[[-38.9862,-17.7133],[-38.9863,-17.7133],[-38.9863,-17.7132],[-38.9863,-17.7129],[-38.9862,-17.7133]]],[[[-38.9473,-17.7126],[-38.9472,-17.7126],[-38.947,-17.7126],[-38.9469,-17.7127],[-38.9473,-17.7126]]],[[[-38.9604,-17.7136],[-38.9606,-17.7136],[-38.9606,-17.7135],[-38.9606,-17.7132],[-38.9604,-17.7136]]],[[[-39.001,-17.7136],[-39.001,-17.7137],[-39.0009,-17.7137],[-39.0008,-17.7137],[-39.001,-17.7136]]],[[[-38.9424,-17.7126],[-38.9423,-17.7128],[-38.9422,-17.7128],[-38.9421,-17.7128],[-38.9424,-17.7126]]],[[[-38.9567,-17.7123],[-38.9567,-17.7123],[-38.9566,-17.7123],[-38.9565,-17.7125],[-38.9567,-17.7123]]],[[[-38.9477,-17.7122],[-38.9476,-17.7123],[-38.9475,-17.7123],[-38.9475,-17.7123],[-38.9477,-17.7122]]],[[[-38.9764,-17.7119],[-38.9763,-17.7119],[-38.9763,-17.7119],[-38.9762,-17.712],[-38.9764,-17.7119]]],[[[-38.9576,-17.7127],[-38.9577,-17.7127],[-38.9577,-17.7126],[-38.9577,-17.7125],[-38.9576,-17.7127]]],[[[-38.9811,-17.7126],[-38.9815,-17.7126],[-38.9815,-17.7126],[-38.9815,-17.7124],[-38.9811,-17.7126]]],[[[-38.9598,-17.7117],[-38.9598,-17.7118],[-38.9598,-17.7118],[-38.9597,-17.7118],[-38.9598,-17.7117]]],[[[-38.9435,-17.7114],[-38.9439,-17.7155],[-38.9448,-17.7116],[-38.9435,-17.7114]]],[[[-38.9481,-17.711],[-38.948,-17.7111],[-38.948,-17.7111],[-38.9479,-17.7111],[-38.9481,-17.711]]],[[[-38.9764,-17.7108],[-38.9763,-17.7109],[-38.9763,-17.7109],[-38.9761,-17.7111],[-38.9764,-17.7108]]],[[[-38.9594,-17.7115],[-38.9595,-17.7115],[-38.9596,-17.7115],[-38.9596,-17.7114],[-38.9594,-17.7115]]],[[[-38.9859,-17.7103],[-38.9858,-17.7104],[-38.9858,-17.7104],[-38.9856,-17.7105],[-38.9859,-17.7103]]],[[[-38.9755,-17.7103],[-38.9754,-17.7104],[-38.9753,-17.7104],[-38.9752,-17.7104],[-38.9755,-17.7103]]],[[[-38.985,-17.7102],[-38.9849,-17.7102],[-38.9849,-17.7102],[-38.9848,-17.7103],[-38.985,-17.7102]]],[[[-38.9599,-17.7099],[-38.9599,-17.71],[-38.9598,-17.71],[-38.9597,-17.7101],[-38.9599,-17.7099]]],[[[-38.9431,-17.7096],[-38.9431,-17.7097],[-38.943,-17.7097],[-38.9429,-17.7098],[-38.9431,-17.7096]]],[[[-38.9815,-17.7094],[-38.9814,-17.7095],[-38.9813,-17.7095],[-38.9813,-17.7095],[-38.9815,-17.7094]]],[[[-38.9741,-17.7085],[-38.974,-17.7086],[-38.9739,-17.7086],[-38.9739,-17.7086],[-38.9741,-17.7085]]],[[[-38.9833,-17.7089],[-38.9834,-17.7089],[-38.9834,-17.7088],[-38.9834,-17.7087],[-38.9833,-17.7089]]],[[[-38.9819,-17.7086],[-38.9823,-17.7086],[-38.9823,-17.7086],[-38.9823,-17.7085],[-38.9819,-17.7086]]],[[[-38.9735,-17.7078],[-38.9735,-17.7079],[-38.9734,-17.7079],[-38.9734,-17.7079],[-38.9735,-17.7078]]],[[[-38.9843,-17.7076],[-38.9842,-17.7077],[-38.9841,-17.7077],[-38.9841,-17.7077],[-38.9843,-17.7076]]],[[[-38.9745,-17.7076],[-38.9744,-17.7076],[-38.9743,-17.7076],[-38.9743,-17.7077],[-38.9745,-17.7076]]],[[[-38.9816,-17.7075],[-38.9815,-17.7075],[-38.9814,-17.7075],[-38.9813,-17.7076],[-38.9816,-17.7075]]],[[[-38.9466,-17.7074],[-38.9442,-17.7106],[-38.947,-17.7076],[-38.9466,-17.7074]]],[[[-38.9855,-17.707],[-38.9854,-17.7071],[-38.9853,-17.7071],[-38.9853,-17.7071],[-38.9855,-17.707]]],[[[-38.9879,-17.7073],[-38.9881,-17.7073],[-38.9881,-17.7073],[-38.9881,-17.7071],[-38.9879,-17.7073]]],[[[-38.956,-17.7066],[-38.956,-17.7067],[-38.9556,-17.7067],[-38.9556,-17.7067],[-38.956,-17.7066]]],[[[-38.9492,-17.7075],[-38.9492,-17.7076],[-38.9493,-17.7076],[-38.9493,-17.7075],[-38.9492,-17.7075]]],[[[-38.9571,-17.7069],[-38.957,-17.707],[-38.957,-17.7071],[-38.9569,-17.7072],[-38.9571,-17.7069]]],[[[-38.9874,-17.7058],[-38.9875,-17.7058],[-38.9875,-17.7058],[-38.9875,-17.7057],[-38.9874,-17.7058]]],[[[-38.9667,-17.7061],[-38.9668,-17.7061],[-38.9668,-17.7061],[-38.9668,-17.7058],[-38.9667,-17.7061]]],[[[-38.9493,-17.7068],[-38.9496,-17.7068],[-38.9496,-17.7068],[-38.9496,-17.7064],[-38.9493,-17.7068]]],[[[-38.9554,-17.7053],[-38.9553,-17.7054],[-38.9552,-17.7054],[-38.9552,-17.7055],[-38.9554,-17.7053]]],[[[-38.9741,-17.7057],[-38.9744,-17.7057],[-38.9744,-17.7056],[-38.9744,-17.7054],[-38.9741,-17.7057]]],[[[-38.9712,-17.7051],[-38.9713,-17.7051],[-38.9713,-17.7051],[-38.9713,-17.705],[-38.9712,-17.7051]]],[[[-38.975,-17.7054],[-38.9751,-17.7055],[-38.9751,-17.7055],[-38.9751,-17.7056],[-38.975,-17.7054]]],[[[-38.9893,-17.7037],[-38.9892,-17.7038],[-38.9888,-17.7038],[-38.9888,-17.7038],[-38.9893,-17.7037]]],[[[-38.9754,-17.7034],[-38.9754,-17.7034],[-38.9753,-17.7034],[-38.9751,-17.7036],[-38.9754,-17.7034]]],[[[-38.988,-17.7033],[-38.988,-17.7033],[-38.9878,-17.7033],[-38.9877,-17.7034],[-38.988,-17.7033]]],[[[-38.9559,-17.7024],[-38.9558,-17.7024],[-38.9556,-17.7024],[-38.9555,-17.7025],[-38.9559,-17.7024]]],[[[-38.9917,-17.7016],[-38.9916,-17.7017],[-38.9916,-17.7017],[-38.9915,-17.7018],[-38.9917,-17.7016]]],[[[-38.9694,-17.7014],[-38.9697,-17.7014],[-38.9698,-17.7013],[-38.9698,-17.7013],[-38.9694,-17.7014]]],[[[-38.9705,-17.7009],[-38.9705,-17.701],[-38.9703,-17.701],[-38.9703,-17.701],[-38.9705,-17.7009]]],[[[-38.9502,-17.7022],[-38.9502,-17.7023],[-38.9501,-17.7023],[-38.95,-17.7023],[-38.9502,-17.7022]]],[[[-38.9919,-17.7004],[-38.9918,-17.7004],[-38.9918,-17.7006],[-38.9918,-17.7006],[-38.9919,-17.7004]]],[[[-38.9775,-17.6998],[-38.9775,-17.6998],[-38.9774,-17.6998],[-38.9774,-17.6999],[-38.9775,-17.6998]]],[[[-38.9782,-17.7014],[-38.9781,-17.7015],[-38.978,-17.7015],[-38.978,-17.7014],[-38.9782,-17.7014]]],[[[-38.9786,-17.7021],[-38.9786,-17.7021],[-38.9785,-17.7021],[-38.9784,-17.7022],[-38.9786,-17.7021]]],[[[-38.9721,-17.6992],[-38.9721,-17.6993],[-38.9718,-17.6993],[-38.9717,-17.6994],[-38.9721,-17.6992]]],[[[-38.9643,-17.6989],[-38.9622,-17.7023],[-38.9617,-17.7063],[-38.9657,-17.706],[-38.9661,-17.7018],[-38.9643,-17.6989]]],[[[-38.963,-17.7041],[-38.963,-17.7046],[-38.963,-17.7046],[-38.9629,-17.7046],[-38.963,-17.7041]]],[[[-38.9651,-17.7045],[-38.9651,-17.7044],[-38.9652,-17.7044],[-38.9652,-17.7045],[-38.9651,-17.7045]]],[[[-38.9632,-17.7056],[-38.9632,-17.7058],[-38.9631,-17.7058],[-38.9627,-17.7058],[-38.9632,-17.7056]]],[[[-38.9625,-17.7075],[-38.9626,-17.7076],[-38.9626,-17.7076],[-38.9623,-17.7076],[-38.9625,-17.7075]]],[[[-38.963,-17.7076],[-38.963,-17.7076],[-38.9632,-17.7076],[-38.9632,-17.7076],[-38.963,-17.7076]]],[[[-38.9423,-17.6988],[-38.942,-17.7028],[-38.9453,-17.7053],[-38.9437,-17.7016],[-38.9423,-17.6988]]],[[[-38.9718,-17.6983],[-38.9717,-17.6984],[-38.9717,-17.6984],[-38.9716,-17.6985],[-38.9718,-17.6983]]],[[[-38.971,-17.6985],[-38.971,-17.6985],[-38.9711,-17.6986],[-38.9713,-17.6986],[-38.971,-17.6985]]],[[[-38.972,-17.698],[-38.9723,-17.698],[-38.9724,-17.6979],[-38.9724,-17.6978],[-38.972,-17.698]]],[[[-38.9718,-17.6971],[-38.9718,-17.6971],[-38.9718,-17.697],[-38.9718,-17.697],[-38.9718,-17.6971]]],[[[-38.9705,-17.697],[-38.9704,-17.697],[-38.9704,-17.697],[-38.9702,-17.6972],[-38.9705,-17.697]]],[[[-38.9528,-17.6978],[-38.9528,-17.6978],[-38.9523,-17.6978],[-38.9522,-17.6978],[-38.9528,-17.6978]]],[[[-38.9625,-17.6962],[-38.9625,-17.6963],[-38.9626,-17.6964],[-38.9626,-17.6967],[-38.9625,-17.6962]]],[[[-38.9869,-17.6954],[-38.9872,-17.6954],[-38.9873,-17.6954],[-38.9873,-17.6952],[-38.9869,-17.6954]]],[[[-38.966,-17.6942],[-38.966,-17.6942],[-38.966,-17.6942],[-38.966,-17.6942],[-38.966,-17.6942]]],[[[-38.9659,-17.6942],[-38.9659,-17.6942],[-38.9659,-17.6941],[-38.9659,-17.6941],[-38.9659,-17.6942]]],[[[-38.9658,-17.6941],[-38.9658,-17.6941],[-38.9658,-17.6941],[-38.9658,-17.6941],[-38.9658,-17.6941]]],[[[-38.9657,-17.6941],[-38.9658,-17.6941],[-38.9658,-17.6941],[-38.9658,-17.694],[-38.9657,-17.6941]]],[[[-38.9656,-17.694],[-38.9657,-17.694],[-38.9657,-17.694],[-38.9657,-17.694],[-38.9656,-17.694]]],[[[-38.9713,-17.6939],[-38.9713,-17.6939],[-38.9713,-17.6939],[-38.9713,-17.6939],[-38.9713,-17.6939]]],[[[-38.9634,-17.6955],[-38.9661,-17.6985],[-38.9664,-17.6945],[-38.9634,-17.6955]]],[[[-38.9663,-17.6969],[-38.9664,-17.6968],[-38.9667,-17.6968],[-38.9667,-17.6968],[-38.9663,-17.6969]]],[[[-38.9656,-17.6949],[-38.9656,-17.6949],[-38.9658,-17.6949],[-38.9658,-17.6949],[-38.9656,-17.6949]]],[[[-38.9714,-17.693],[-38.9713,-17.6931],[-38.9712,-17.6931],[-38.9712,-17.6931],[-38.9714,-17.693]]],[[[-38.9661,-17.6915],[-38.966,-17.6915],[-38.966,-17.6915],[-38.966,-17.6915],[-38.9661,-17.6915]]],[[[-38.9879,-17.6907],[-38.9879,-17.6908],[-38.9877,-17.6908],[-38.9876,-17.6908],[-38.9879,-17.6907]]],[[[-38.9912,-17.6949],[-38.9912,-17.6949],[-38.9909,-17.6949],[-38.9909,-17.695],[-38.9912,-17.6949]]],[[[-38.9879,-17.6918],[-38.9879,-17.6918],[-38.9877,-17.6918],[-38.9877,-17.6918],[-38.9879,-17.6918]]],[[[-38.9806,-17.6888],[-38.9771,-17.6908],[-38.973,-17.6917],[-38.9748,-17.6956],[-38.9785,-17.694],[-38.9817,-17.6917],[-38.9856,-17.6907],[-38.9814,-17.6902],[-38.9806,-17.6888]]],[[[-38.9798,-17.6907],[-38.9798,-17.6907],[-38.9797,-17.6908],[-38.9797,-17.691],[-38.9798,-17.6907]]],[[[-38.9758,-17.6932],[-38.9758,-17.6935],[-38.9757,-17.6935],[-38.9757,-17.6935],[-38.9758,-17.6932]]],[[[-38.9704,-17.6899],[-38.9704,-17.69],[-38.9705,-17.6901],[-38.9705,-17.6901],[-38.9704,-17.6899]]],[[[-39.0367,-17.618],[-39.0367,-17.618],[-39.0366,-17.618],[-39.0366,-17.618],[-39.0367,-17.618]]],[[[-39.0449,-17.6073],[-39.0448,-17.6074],[-39.0448,-17.6074],[-39.0447,-17.6075],[-39.0449,-17.6073]]],[[[-39.037,-17.6034],[-39.035,-17.6072],[-39.0343,-17.6117],[-39.0384,-17.6133],[-39.0394,-17.6094],[-39.041,-17.6131],[-39.0445,-17.615],[-39.0486,-17.615],[-39.0524,-17.6137],[-39.0527,-17.6094],[-39.0496,-17.6065],[-39.0458,-17.6051],[-39.0439,-17.6015],[-39.0405,-17.5993],[-39.0372,-17.6016],[-39.037,-17.6034]]],[[[-39.039,-17.6011],[-39.039,-17.6011],[-39.0389,-17.6011],[-39.0388,-17.601],[-39.039,-17.6011]]],[[[-39.0408,-17.6012],[-39.0409,-17.6012],[-39.0409,-17.6012],[-39.0408,-17.6013],[-39.0408,-17.6012]]],[[[-39.0417,-17.6042],[-39.0417,-17.6039],[-39.0418,-17.6039],[-39.0418,-17.6038],[-39.0417,-17.6042]]],[[[-39.0384,-17.6034],[-39.0424,-17.6027],[-39.0385,-17.6039],[-39.0384,-17.6034]]],[[[-39.0391,-17.6027],[-39.0392,-17.6027],[-39.0392,-17.6027],[-39.0392,-17.6028],[-39.0391,-17.6027]]],[[[-39.039,-17.6026],[-39.0391,-17.6026],[-39.0391,-17.6027],[-39.0391,-17.6027],[-39.039,-17.6026]]],[[[-39.039,-17.6026],[-39.039,-17.6026],[-39.0389,-17.6026],[-39.0389,-17.6025],[-39.039,-17.6026]]],[[[-39.0383,-17.6034],[-39.0383,-17.6033],[-39.0383,-17.6033],[-39.0383,-17.6033],[-39.0383,-17.6034]]],[[[-39.0382,-17.6031],[-39.0382,-17.6031],[-39.0383,-17.6031],[-39.0383,-17.6032],[-39.0382,-17.6031]]],[[[-39.037,-17.6032],[-39.037,-17.6032],[-39.037,-17.6032],[-39.0371,-17.6032],[-39.037,-17.6032]]],[[[-39.0462,-17.609],[-39.0462,-17.6089],[-39.0463,-17.6089],[-39.0463,-17.609],[-39.0462,-17.609]]],[[[-39.0461,-17.6067],[-39.0458,-17.611],[-39.0436,-17.6076],[-39.0461,-17.6067]]],[[[-39.0476,-17.4555],[-39.0475,-17.4555],[-39.0474,-17.4555],[-39.0474,-17.4556],[-39.0476,-17.4555]]],[[[-39.1332,-17.4326],[-39.1332,-17.4327],[-39.1333,-17.4327],[-39.1333,-17.4326],[-39.1332,-17.4326]]],[[[-39.1345,-17.4131],[-39.1345,-17.4135],[-39.1346,-17.4135],[-39.1346,-17.4136],[-39.1345,-17.4131]]],[[[-39.213,-17.2035],[-39.213,-17.2036],[-39.213,-17.2036],[-39.2131,-17.2037],[-39.213,-17.2035]]],[[[-39.2073,-17.197],[-39.2071,-17.197],[-39.2069,-17.197],[-39.2069,-17.1972],[-39.2073,-17.197]]],[[[-39.2073,-17.197],[-39.2073,-17.1968],[-39.2071,-17.1968],[-39.2073,-17.197]]],[[[-39.212,-17.1838],[-39.212,-17.1839],[-39.2119,-17.1839],[-39.2118,-17.184],[-39.212,-17.1838]]],[[[-39.2126,-17.1758],[-39.2125,-17.1759],[-39.2124,-17.176],[-39.2124,-17.176],[-39.2126,-17.1758]]],[[[-39.2054,-17.1711],[-39.2054,-17.1712],[-39.2053,-17.1712],[-39.2053,-17.1712],[-39.2054,-17.1711]]],[[[-39.2043,-17.1692],[-39.2043,-17.1693],[-39.2044,-17.1693],[-39.2044,-17.1693],[-39.2043,-17.1692]]],[[[-39.1983,-17.1645],[-39.1983,-17.1647],[-39.1981,-17.1647],[-39.1981,-17.1649],[-39.1983,-17.1645]]],[[[-39.1896,-17.1542],[-39.1895,-17.1543],[-39.1895,-17.1543],[-39.1894,-17.1543],[-39.1896,-17.1542]]],[[[-39.1908,-17.1539],[-39.1908,-17.1539],[-39.1909,-17.1539],[-39.1909,-17.1539],[-39.1908,-17.1539]]],[[[-39.1932,-17.1549],[-39.1933,-17.1549],[-39.1934,-17.1549],[-39.1935,-17.1549],[-39.1932,-17.1549]]],[[[-39.1932,-17.1548],[-39.1932,-17.1548],[-39.1932,-17.1549],[-39.1932,-17.1548]]],[[[-39.1865,-17.1511],[-39.1865,-17.1511],[-39.1864,-17.1512],[-39.1864,-17.1512],[-39.1865,-17.1511]]],[[[-39.1921,-17.1498],[-39.192,-17.1499],[-39.1919,-17.1502],[-39.1919,-17.1501],[-39.1921,-17.1498]]],[[[-39.2049,-17.1462],[-39.2049,-17.1462],[-39.2048,-17.1463],[-39.2048,-17.1463],[-39.2049,-17.1462]]],[[[-39.2035,-17.1397],[-39.2035,-17.1398],[-39.2036,-17.1398],[-39.2036,-17.1398],[-39.2035,-17.1397]]],[[[-39.1993,-17.1338],[-39.1998,-17.1378],[-39.2014,-17.1341],[-39.1993,-17.1338]]],[[[-39.173,-17.1327],[-39.1731,-17.1328],[-39.1731,-17.1328],[-39.1732,-17.1328],[-39.173,-17.1327]]],[[[-39.18,-17.1317],[-39.1799,-17.1318],[-39.1799,-17.1318],[-39.1799,-17.1319],[-39.18,-17.1317]]],[[[-39.1737,-17.1301],[-39.1737,-17.1301],[-39.1736,-17.1301],[-39.1736,-17.1302],[-39.1737,-17.1301]]],[[[-39.1876,-17.1298],[-39.1876,-17.1298],[-39.1876,-17.1298],[-39.1875,-17.1298],[-39.1876,-17.1298]]],[[[-39.1961,-17.1248],[-39.1979,-17.1284],[-39.2002,-17.1318],[-39.1988,-17.128],[-39.1963,-17.1249],[-39.1961,-17.1248]]],[[[-39.1775,-17.123],[-39.1775,-17.1231],[-39.1775,-17.1231],[-39.1775,-17.1232],[-39.1775,-17.123]]],[[[-39.1856,-17.1185],[-39.1826,-17.1212],[-39.1845,-17.1247],[-39.1878,-17.1269],[-39.1922,-17.1258],[-39.1917,-17.1218],[-39.1884,-17.1195],[-39.1856,-17.1185]]],[[[-39.1686,-17.1004],[-39.1697,-17.1043],[-39.1717,-17.1078],[-39.1747,-17.1105],[-39.176,-17.1143],[-39.1793,-17.1166],[-39.1826,-17.1189],[-39.183,-17.1149],[-39.18,-17.1122],[-39.1799,-17.1081],[-39.1779,-17.1046],[-39.1743,-17.1027],[-39.1707,-17.1011],[-39.1686,-17.1004]]],[[[-39.176,-17.0978],[-39.1759,-17.0979],[-39.1758,-17.0979],[-39.1758,-17.0979],[-39.176,-17.0978]]],[[[-39.1785,-17.0954],[-39.1748,-17.0969],[-39.1788,-17.0975],[-39.1785,-17.0954]]],[[[-39.1652,-17.0892],[-39.1636,-17.0929],[-39.1647,-17.0967],[-39.1687,-17.0968],[-39.168,-17.0928],[-39.1658,-17.0894],[-39.1652,-17.0892]]],[[[-39.1762,-17.089],[-39.1726,-17.0909],[-39.1765,-17.0919],[-39.1762,-17.089]]],[[[-39.1778,-17.0884],[-39.1778,-17.0885],[-39.1777,-17.0885],[-39.1777,-17.0885],[-39.1778,-17.0884]]],[[[-39.1662,-17.087],[-39.1662,-17.0871],[-39.1663,-17.0871],[-39.1663,-17.0871],[-39.1662,-17.087]]],[[[-39.1687,-17.0865],[-39.1686,-17.0866],[-39.1686,-17.0866],[-39.1685,-17.0866],[-39.1687,-17.0865]]],[[[-39.177,-17.0853],[-39.177,-17.0853],[-39.1769,-17.0854],[-39.1769,-17.0854],[-39.177,-17.0853]]],[[[-39.1757,-17.085],[-39.1757,-17.085],[-39.1756,-17.085],[-39.1756,-17.0852],[-39.1757,-17.085]]],[[[-39.1768,-17.084],[-39.1767,-17.084],[-39.1767,-17.0841],[-39.1766,-17.0842],[-39.1768,-17.084]]],[[[-39.1731,-17.0812],[-39.1731,-17.0813],[-39.173,-17.0813],[-39.173,-17.0813],[-39.1731,-17.0812]]],[[[-39.1766,-17.0806],[-39.1766,-17.0806],[-39.1766,-17.0807],[-39.1766,-17.0807],[-39.1766,-17.0806]]],[[[-39.1707,-17.0781],[-39.1707,-17.0781],[-39.1706,-17.0781],[-39.1706,-17.0782],[-39.1707,-17.0781]]],[[[-39.1693,-17.0775],[-39.1692,-17.0776],[-39.1692,-17.0776],[-39.1692,-17.0777],[-39.1693,-17.0775]]],[[[-39.1749,-17.0742],[-39.1749,-17.0742],[-39.1749,-17.0743],[-39.1749,-17.0743],[-39.1749,-17.0742]]],[[[-39.1692,-17.0697],[-39.1676,-17.0734],[-39.1713,-17.0751],[-39.1714,-17.071],[-39.1692,-17.0697]]],[[[-39.1732,-17.0662],[-39.1728,-17.0702],[-39.1738,-17.0663],[-39.1732,-17.0662]]],[[[-39.1666,-17.0637],[-39.1665,-17.0637],[-39.1665,-17.0637],[-39.1665,-17.0637],[-39.1666,-17.0637]]],[[[-39.1636,-17.0617],[-39.1636,-17.0618],[-39.1635,-17.0618],[-39.1635,-17.0618],[-39.1636,-17.0617]]],[[[-39.1692,-17.0614],[-39.1692,-17.0614],[-39.1692,-17.0615],[-39.1692,-17.0615],[-39.1692,-17.0614]]],[[[-39.1655,-17.058],[-39.1655,-17.0581],[-39.1655,-17.0581],[-39.1655,-17.0581],[-39.1655,-17.058]]],[[[-39.1654,-17.0568],[-39.1654,-17.0568],[-39.1653,-17.0568],[-39.1653,-17.0568],[-39.1654,-17.0568]]],[[[-39.1691,-17.0545],[-39.167,-17.0579],[-39.1706,-17.0562],[-39.1691,-17.0545]]],[[[-39.1658,-17.0543],[-39.1657,-17.0544],[-39.1657,-17.0544],[-39.1656,-17.0544],[-39.1658,-17.0543]]],[[[-39.1612,-17.0517],[-39.1612,-17.0517],[-39.1611,-17.0518],[-39.161,-17.0518],[-39.1612,-17.0517]]],[[[-39.1715,-17.0515],[-39.1714,-17.0515],[-39.1713,-17.0516],[-39.1713,-17.0517],[-39.1715,-17.0515]]],[[[-39.1608,-17.0495],[-39.1607,-17.0496],[-39.1607,-17.0497],[-39.1607,-17.0498],[-39.1608,-17.0495]]],[[[-39.1648,-17.0498],[-39.1648,-17.0499],[-39.1649,-17.0499],[-39.1649,-17.0499],[-39.1648,-17.0498]]],[[[-39.1631,-17.0422],[-39.1631,-17.0423],[-39.1632,-17.0423],[-39.1632,-17.0422],[-39.1631,-17.0422]]],[[[-39.1631,-17.0422],[-39.1631,-17.0421],[-39.1631,-17.0422],[-39.1631,-17.0422]]],[[[-39.1632,-17.0423],[-39.1632,-17.0424],[-39.1632,-17.0424],[-39.1632,-17.0425],[-39.1632,-17.0423]]],[[[-39.1595,-17.0409],[-39.1594,-17.0409],[-39.1593,-17.041],[-39.1594,-17.041],[-39.1595,-17.0409]]],[[[-39.163,-17.0401],[-39.163,-17.0401],[-39.1629,-17.0401],[-39.1629,-17.0401],[-39.163,-17.0401]]],[[[-39.1595,-17.0389],[-39.1595,-17.0389],[-39.1595,-17.0388],[-39.1594,-17.0389],[-39.1595,-17.0389]]],[[[-39.1606,-17.0387],[-39.1606,-17.0387],[-39.1607,-17.0387],[-39.1607,-17.0388],[-39.1606,-17.0387]]],[[[-39.1656,-17.0359],[-39.1656,-17.036],[-39.1655,-17.036],[-39.1655,-17.036],[-39.1656,-17.0359]]],[[[-39.164,-17.0364],[-39.164,-17.0364],[-39.164,-17.0364],[-39.1641,-17.0364],[-39.164,-17.0364]]],[[[-39.1643,-17.0349],[-39.1643,-17.0349],[-39.1642,-17.0349],[-39.1642,-17.035],[-39.1643,-17.0349]]],[[[-39.1618,-17.0339],[-39.1618,-17.0339],[-39.1617,-17.0339],[-39.1617,-17.034],[-39.1618,-17.0339]]],[[[-39.1607,-17.0321],[-39.1607,-17.0321],[-39.1607,-17.0322],[-39.1607,-17.0322],[-39.1607,-17.0321]]],[[[-39.1581,-17.0314],[-39.158,-17.0315],[-39.158,-17.0315],[-39.158,-17.0316],[-39.1581,-17.0314]]],[[[-39.1664,-17.0312],[-39.1664,-17.0313],[-39.1664,-17.0313],[-39.1665,-17.0313],[-39.1664,-17.0312]]],[[[-39.1593,-17.0276],[-39.1588,-17.0277],[-39.1587,-17.0278],[-39.1586,-17.0278],[-39.1593,-17.0276]]],[[[-39.1668,-17.0028],[-39.1668,-17.0028],[-39.1667,-17.0029],[-39.1666,-17.0029],[-39.1668,-17.0028]]],[[[-39.1243,-17.0028],[-39.1257,-17.0067],[-39.1259,-17.0024],[-39.1243,-17.0028]]],[[[-39.1251,-17.0029],[-39.1248,-17.0034],[-39.1249,-17.0034],[-39.125,-17.0031],[-39.1251,-17.0029]]],[[[-39.1269,-17.0],[-39.1273,-17.0004],[-39.1277,-17.0008],[-39.1282,-17.0012],[-39.1269,-17.0]]],[[[-39.1231,-16.9991],[-39.1237,-16.9995],[-39.1242,-16.9993],[-39.1245,-16.9992],[-39.1231,-16.9991]]],[[[-39.1573,-16.9901],[-39.1573,-16.9902],[-39.1572,-16.9902],[-39.1572,-16.9902],[-39.1573,-16.9901]]],[[[-39.1223,-16.9885],[-39.1246,-16.9919],[-39.1238,-16.9877],[-39.1223,-16.9885]]],[[[-39.1555,-16.9802],[-39.1554,-16.9802],[-39.1553,-16.9803],[-39.1553,-16.9803],[-39.1555,-16.9802]]],[[[-39.1164,-16.9814],[-39.1172,-16.9854],[-39.1187,-16.9812],[-39.1164,-16.9814]]],[[[-39.1169,-16.9822],[-39.1169,-16.9823],[-39.1168,-16.9819],[-39.1169,-16.9822]]],[[[-39.1171,-16.983],[-39.1171,-16.9832],[-39.117,-16.9828],[-39.1171,-16.983]]],[[[-39.1545,-16.9791],[-39.1544,-16.9793],[-39.1543,-16.9793],[-39.1543,-16.9793],[-39.1545,-16.9791]]],[[[-39.1539,-16.9778],[-39.1539,-16.9779],[-39.1539,-16.978],[-39.1539,-16.978],[-39.1539,-16.9778]]],[[[-39.1169,-16.974],[-39.1167,-16.974],[-39.1159,-16.974],[-39.1156,-16.9745],[-39.1169,-16.974]]],[[[-39.1499,-16.9693],[-39.1498,-16.9693],[-39.1498,-16.9694],[-39.1498,-16.9694],[-39.1499,-16.9693]]],[[[-39.1239,-16.964],[-39.1238,-16.964],[-39.1238,-16.9641],[-39.1238,-16.9641],[-39.1239,-16.964]]],[[[-39.1161,-16.9632],[-39.116,-16.9633],[-39.116,-16.9633],[-39.1159,-16.9633],[-39.1161,-16.9632]]],[[[-39.1508,-16.9446],[-39.1508,-16.9447],[-39.1508,-16.9447],[-39.1507,-16.9448],[-39.1508,-16.9446]]],[[[-39.1508,-16.9446],[-39.1508,-16.9446],[-39.1508,-16.9446],[-39.1508,-16.9446]]],[[[-39.1293,-16.9397],[-39.1293,-16.9397],[-39.1292,-16.9397],[-39.1292,-16.9397],[-39.1293,-16.9397]]],[[[-39.1103,-16.9377],[-39.1087,-16.9415],[-39.1103,-16.9452],[-39.1119,-16.9489],[-39.1136,-16.9453],[-39.1127,-16.9413],[-39.1108,-16.9378],[-39.1103,-16.9377]]],[[[-39.149,-16.9376],[-39.1489,-16.9376],[-39.1489,-16.9376],[-39.1488,-16.9376],[-39.149,-16.9376]]],[[[-39.1127,-16.9367],[-39.1127,-16.9368],[-39.1127,-16.9368],[-39.1128,-16.9368],[-39.1127,-16.9367]]],[[[-39.0618,-16.9376],[-39.0618,-16.9376],[-39.0619,-16.9376],[-39.0619,-16.9376],[-39.0618,-16.9376]]],[[[-39.065,-16.935],[-39.065,-16.9351],[-39.0649,-16.9351],[-39.0649,-16.9352],[-39.065,-16.935]]],[[[-39.113,-16.9347],[-39.113,-16.9347],[-39.113,-16.9348],[-39.113,-16.9348],[-39.113,-16.9347]]],[[[-39.1113,-16.9343],[-39.1113,-16.9344],[-39.1113,-16.9344],[-39.1112,-16.9344],[-39.1113,-16.9343]]],[[[-39.0478,-16.934],[-39.0477,-16.934],[-39.0477,-16.9341],[-39.0477,-16.9342],[-39.0478,-16.934]]],[[[-39.1125,-16.9336],[-39.1125,-16.9337],[-39.1124,-16.9338],[-39.1124,-16.9338],[-39.1125,-16.9336]]],[[[-39.1436,-16.9334],[-39.1453,-16.9371],[-39.1436,-16.9334],[-39.1436,-16.9334]]],[[[-39.1226,-16.9342],[-39.1226,-16.9344],[-39.1228,-16.9344],[-39.123,-16.9344],[-39.1226,-16.9342]]],[[[-39.146,-16.9332],[-39.1459,-16.9333],[-39.1459,-16.9333],[-39.1458,-16.9334],[-39.146,-16.9332]]],[[[-39.0504,-16.931],[-39.0508,-16.935],[-39.0535,-16.9381],[-39.0575,-16.9387],[-39.0552,-16.9354],[-39.0524,-16.9325],[-39.0504,-16.931]]],[[[-39.1113,-16.9307],[-39.1113,-16.9307],[-39.1113,-16.9308],[-39.1113,-16.9309],[-39.1113,-16.9307]]],[[[-39.114,-16.9286],[-39.114,-16.9287],[-39.114,-16.9287],[-39.114,-16.9288],[-39.114,-16.9286]]],[[[-39.0458,-16.9281],[-39.0457,-16.9281],[-39.0457,-16.9281],[-39.0456,-16.9281],[-39.0458,-16.9281]]],[[[-39.0468,-16.9284],[-39.0468,-16.9284],[-39.0468,-16.9284],[-39.0468,-16.9285],[-39.0468,-16.9284]]],[[[-39.064,-16.9281],[-39.064,-16.9281],[-39.064,-16.9282],[-39.064,-16.9282],[-39.064,-16.9281]]],[[[-39.0647,-16.9283],[-39.0647,-16.9283],[-39.0647,-16.9283],[-39.0648,-16.9283],[-39.0647,-16.9283]]],[[[-39.067,-16.9272],[-39.067,-16.9272],[-39.0669,-16.9273],[-39.0669,-16.9273],[-39.067,-16.9272]]],[[[-39.0441,-16.9271],[-39.0441,-16.9272],[-39.0441,-16.9272],[-39.0441,-16.9273],[-39.0441,-16.9271]]],[[[-39.1331,-16.9278],[-39.1331,-16.9278],[-39.1332,-16.9278],[-39.1333,-16.9279],[-39.1331,-16.9278]]],[[[-39.1096,-16.9269],[-39.1096,-16.927],[-39.1096,-16.9271],[-39.1096,-16.9272],[-39.1096,-16.9269]]],[[[-39.0606,-16.9258],[-39.0572,-16.928],[-39.0534,-16.9293],[-39.0539,-16.9333],[-39.057,-16.9361],[-39.061,-16.9354],[-39.0645,-16.9335],[-39.0635,-16.9296],[-39.0618,-16.9259],[-39.0606,-16.9258]]],[[[-39.1344,-16.9256],[-39.1343,-16.9257],[-39.1343,-16.9257],[-39.1343,-16.9258],[-39.1344,-16.9256]]],[[[-39.0436,-16.9253],[-39.0435,-16.9254],[-39.0435,-16.9254],[-39.0435,-16.9254],[-39.0436,-16.9253]]],[[[-39.0621,-16.9255],[-39.0621,-16.9256],[-39.0621,-16.9256],[-39.0621,-16.9257],[-39.0621,-16.9255]]],[[[-39.0524,-16.9247],[-39.0524,-16.9248],[-39.0523,-16.9248],[-39.0522,-16.9249],[-39.0524,-16.9247]]],[[[-39.0425,-16.9249],[-39.0425,-16.9249],[-39.0425,-16.9249],[-39.0426,-16.9249],[-39.0425,-16.9249]]],[[[-39.0433,-16.9245],[-39.0433,-16.9246],[-39.0433,-16.9246],[-39.0433,-16.9246],[-39.0433,-16.9245]]],[[[-39.0445,-16.9242],[-39.0466,-16.9276],[-39.0446,-16.9242],[-39.0445,-16.9242]]],[[[-39.0613,-16.9234],[-39.0613,-16.9235],[-39.0613,-16.9236],[-39.0612,-16.9236],[-39.0613,-16.9234]]],[[[-39.1163,-16.9243],[-39.1163,-16.9244],[-39.1164,-16.9244],[-39.1164,-16.9244],[-39.1163,-16.9243]]],[[[-39.0483,-16.9248],[-39.0497,-16.9286],[-39.0498,-16.9246],[-39.0483,-16.9248]]],[[[-39.0433,-16.9233],[-39.0433,-16.9233],[-39.0433,-16.9233],[-39.0432,-16.9233],[-39.0433,-16.9233]]],[[[-39.0604,-16.9233],[-39.0604,-16.9233],[-39.0604,-16.9234],[-39.0605,-16.9234],[-39.0604,-16.9233]]],[[[-39.0511,-16.9232],[-39.0511,-16.9233],[-39.0511,-16.9233],[-39.0511,-16.9234],[-39.0511,-16.9232]]],[[[-39.0604,-16.9233],[-39.0603,-16.9232],[-39.0603,-16.9232],[-39.0602,-16.9232],[-39.0604,-16.9233]]],[[[-39.0712,-16.9232],[-39.0713,-16.9232],[-39.0713,-16.9232],[-39.0713,-16.9232],[-39.0712,-16.9232]]],[[[-39.0514,-16.9221],[-39.0513,-16.9221],[-39.0513,-16.9221],[-39.0512,-16.9221],[-39.0514,-16.9221]]],[[[-39.0432,-16.922],[-39.0432,-16.922],[-39.0431,-16.9221],[-39.0431,-16.9221],[-39.0432,-16.922]]],[[[-39.1155,-16.922],[-39.1155,-16.9221],[-39.1155,-16.9221],[-39.1154,-16.9222],[-39.1155,-16.922]]],[[[-39.0504,-16.9219],[-39.0504,-16.922],[-39.0505,-16.922],[-39.0505,-16.922],[-39.0504,-16.9219]]],[[[-39.0616,-16.9216],[-39.0616,-16.9217],[-39.0616,-16.9218],[-39.0616,-16.9218],[-39.0616,-16.9216]]],[[[-39.0592,-16.9213],[-39.0592,-16.9214],[-39.0592,-16.9214],[-39.0592,-16.9214],[-39.0592,-16.9213]]],[[[-39.0597,-16.9214],[-39.0597,-16.9215],[-39.0598,-16.9215],[-39.0597,-16.9213],[-39.0597,-16.9214]]],[[[-39.114,-16.9211],[-39.1138,-16.9251],[-39.1142,-16.9211],[-39.114,-16.9211]]],[[[-39.0616,-16.9216],[-39.0616,-16.9215],[-39.0616,-16.9215],[-39.0616,-16.9214],[-39.0616,-16.9216]]],[[[-39.0514,-16.9211],[-39.0514,-16.9212],[-39.0514,-16.9212],[-39.0514,-16.9212],[-39.0514,-16.9211]]],[[[-39.0468,-16.9209],[-39.0468,-16.9209],[-39.0467,-16.9211],[-39.0467,-16.9212],[-39.0468,-16.9209]]],[[[-39.0739,-16.9209],[-39.0739,-16.921],[-39.0739,-16.921],[-39.0738,-16.921],[-39.0739,-16.9209]]],[[[-39.0488,-16.9213],[-39.0488,-16.9214],[-39.0488,-16.9214],[-39.0489,-16.9214],[-39.0488,-16.9213]]],[[[-39.0628,-16.921],[-39.0629,-16.921],[-39.0629,-16.921],[-39.063,-16.921],[-39.0628,-16.921]]],[[[-39.043,-16.9204],[-39.043,-16.9204],[-39.043,-16.9204],[-39.0429,-16.9204],[-39.043,-16.9204]]],[[[-39.1151,-16.9202],[-39.1151,-16.9202],[-39.1151,-16.9203],[-39.1151,-16.9203],[-39.1151,-16.9202]]],[[[-39.0706,-16.9198],[-39.0706,-16.9198],[-39.0705,-16.9199],[-39.0705,-16.9199],[-39.0706,-16.9198]]],[[[-39.0619,-16.9198],[-39.0619,-16.9199],[-39.0618,-16.9199],[-39.0618,-16.9199],[-39.0619,-16.9198]]],[[[-39.0481,-16.9197],[-39.048,-16.9198],[-39.048,-16.9198],[-39.0479,-16.9198],[-39.0481,-16.9197]]],[[[-39.0683,-16.92],[-39.0647,-16.9219],[-39.0657,-16.9259],[-39.0682,-16.9226],[-39.0683,-16.92]]],[[[-39.0549,-16.9196],[-39.0548,-16.9196],[-39.0548,-16.9196],[-39.0548,-16.9195],[-39.0549,-16.9196]]],[[[-39.0522,-16.9194],[-39.0522,-16.9195],[-39.0522,-16.9195],[-39.0521,-16.9195],[-39.0522,-16.9194]]],[[[-39.0466,-16.9194],[-39.0466,-16.9194],[-39.0465,-16.9194],[-39.0465,-16.9195],[-39.0466,-16.9194]]],[[[-39.1286,-16.919],[-39.1286,-16.9191],[-39.1286,-16.9191],[-39.1286,-16.9192],[-39.1286,-16.919]]],[[[-39.0641,-16.9192],[-39.0641,-16.9192],[-39.0641,-16.9192],[-39.0641,-16.9193],[-39.0641,-16.9192]]],[[[-39.0607,-16.9195],[-39.0607,-16.9196],[-39.0607,-16.9195],[-39.0606,-16.9195],[-39.0607,-16.9195]]],[[[-39.0566,-16.9187],[-39.0531,-16.9207],[-39.0534,-16.9247],[-39.0559,-16.9279],[-39.059,-16.9252],[-39.0582,-16.9213],[-39.0566,-16.9187]]],[[[-39.1294,-16.9186],[-39.1294,-16.9186],[-39.1295,-16.9187],[-39.1295,-16.9187],[-39.1294,-16.9186]]],[[[-39.074,-16.9184],[-39.074,-16.9184],[-39.074,-16.9185],[-39.074,-16.9185],[-39.074,-16.9184]]],[[[-39.0424,-16.918],[-39.0423,-16.9181],[-39.0423,-16.9181],[-39.0423,-16.9181],[-39.0424,-16.918]]],[[[-39.0716,-16.918],[-39.0716,-16.9181],[-39.0716,-16.9181],[-39.0716,-16.9182],[-39.0716,-16.918]]],[[[-39.0728,-16.9178],[-39.0728,-16.9178],[-39.0728,-16.9179],[-39.0728,-16.9179],[-39.0728,-16.9178]]],[[[-39.0676,-16.9175],[-39.0676,-16.9175],[-39.0675,-16.9175],[-39.0675,-16.9176],[-39.0676,-16.9175]]],[[[-39.0599,-16.9175],[-39.0597,-16.9175],[-39.0597,-16.9176],[-39.0597,-16.9177],[-39.0599,-16.9175]]],[[[-39.0705,-16.9175],[-39.0704,-16.9175],[-39.0704,-16.9175],[-39.0703,-16.9176],[-39.0705,-16.9175]]],[[[-39.0635,-16.9171],[-39.0635,-16.9171],[-39.0635,-16.9172],[-39.0635,-16.9172],[-39.0635,-16.9171]]],[[[-39.0392,-16.9168],[-39.0392,-16.9169],[-39.0391,-16.9169],[-39.0391,-16.917],[-39.0392,-16.9168]]],[[[-39.0427,-16.9168],[-39.0445,-16.9205],[-39.0459,-16.9242],[-39.0458,-16.9201],[-39.0432,-16.917],[-39.0427,-16.9168]]],[[[-39.0687,-16.9167],[-39.0686,-16.9168],[-39.0686,-16.9168],[-39.0686,-16.9168],[-39.0687,-16.9167]]],[[[-39.0479,-16.9167],[-39.0479,-16.9167],[-39.0479,-16.9168],[-39.0479,-16.9168],[-39.0479,-16.9167]]],[[[-39.0592,-16.9214],[-39.0592,-16.9213],[-39.0593,-16.9213],[-39.0593,-16.9212],[-39.0592,-16.9214]]],[[[-39.0596,-16.9163],[-39.0596,-16.9164],[-39.0595,-16.9164],[-39.0595,-16.9164],[-39.0596,-16.9163]]],[[[-39.0505,-16.9193],[-39.0532,-16.9163],[-39.0505,-16.9193],[-39.0505,-16.9193]]],[[[-39.0718,-16.9161],[-39.0718,-16.9162],[-39.0718,-16.9163],[-39.0718,-16.9163],[-39.0718,-16.9161]]],[[[-39.0556,-16.9166],[-39.0556,-16.9166],[-39.0556,-16.9167],[-39.0556,-16.9167],[-39.0556,-16.9166]]],[[[-39.0699,-16.9158],[-39.0698,-16.9158],[-39.0698,-16.9158],[-39.0698,-16.9159],[-39.0699,-16.9158]]],[[[-39.0479,-16.9154],[-39.0478,-16.9154],[-39.0478,-16.9154],[-39.0478,-16.9154],[-39.0479,-16.9154]]],[[[-39.0408,-16.9153],[-39.0408,-16.9154],[-39.0407,-16.9154],[-39.0407,-16.9154],[-39.0408,-16.9153]]],[[[-39.0452,-16.9173],[-39.0452,-16.9173],[-39.0453,-16.9173],[-39.0453,-16.9174],[-39.0452,-16.9173]]],[[[-39.0448,-16.9151],[-39.0448,-16.9152],[-39.0448,-16.9152],[-39.0448,-16.9153],[-39.0448,-16.9151]]],[[[-39.0707,-16.915],[-39.0707,-16.915],[-39.0706,-16.915],[-39.0706,-16.9151],[-39.0707,-16.915]]],[[[-39.0699,-16.9148],[-39.0699,-16.9149],[-39.0698,-16.9149],[-39.0698,-16.9149],[-39.0699,-16.9148]]],[[[-39.0679,-16.9147],[-39.0642,-16.916],[-39.0654,-16.9198],[-39.0682,-16.9169],[-39.0679,-16.9147]]],[[[-39.0625,-16.9147],[-39.0624,-16.9148],[-39.0623,-16.9148],[-39.0623,-16.9148],[-39.0625,-16.9147]]],[[[-39.0512,-16.9146],[-39.0483,-16.9174],[-39.0522,-16.9163],[-39.0512,-16.9146]]],[[[-39.0401,-16.9145],[-39.0401,-16.9145],[-39.0402,-16.9145],[-39.0402,-16.9145],[-39.0401,-16.9145]]],[[[-39.0435,-16.914],[-39.0434,-16.914],[-39.0434,-16.9141],[-39.0433,-16.9141],[-39.0435,-16.914]]],[[[-39.0435,-16.914],[-39.0435,-16.9139],[-39.0435,-16.9139],[-39.0435,-16.914]]],[[[-39.0532,-16.9139],[-39.0532,-16.914],[-39.0532,-16.914],[-39.0532,-16.9141],[-39.0532,-16.9139]]],[[[-39.0414,-16.914],[-39.0414,-16.914],[-39.0414,-16.914],[-39.0415,-16.914],[-39.0414,-16.914]]],[[[-39.0691,-16.9135],[-39.0691,-16.9135],[-39.069,-16.9135],[-39.069,-16.9135],[-39.0691,-16.9135]]],[[[-39.0505,-16.9134],[-39.0505,-16.9134],[-39.0505,-16.9135],[-39.0504,-16.9135],[-39.0505,-16.9134]]],[[[-39.0449,-16.9135],[-39.0449,-16.9135],[-39.0449,-16.9136],[-39.0449,-16.9137],[-39.0449,-16.9135]]],[[[-39.0563,-16.9133],[-39.0568,-16.9173],[-39.0569,-16.9133],[-39.0563,-16.9133]]],[[[-39.075,-16.9128],[-39.075,-16.9168],[-39.0752,-16.9128],[-39.075,-16.9128]]],[[[-39.0427,-16.9127],[-39.0427,-16.9127],[-39.0427,-16.9127],[-39.0427,-16.9128],[-39.0427,-16.9127]]],[[[-39.0361,-16.9126],[-39.0361,-16.9127],[-39.0361,-16.9127],[-39.0361,-16.9127],[-39.0361,-16.9126]]],[[[-39.0683,-16.9132],[-39.0683,-16.9132],[-39.0683,-16.9132],[-39.0683,-16.9133],[-39.0683,-16.9132]]],[[[-39.0586,-16.9125],[-39.0586,-16.9126],[-39.0586,-16.9126],[-39.0585,-16.9126],[-39.0586,-16.9125]]],[[[-39.0368,-16.9127],[-39.0368,-16.9128],[-39.0368,-16.9128],[-39.0369,-16.9128],[-39.0368,-16.9127]]],[[[-39.0695,-16.9124],[-39.0694,-16.9125],[-39.0694,-16.9125],[-39.0695,-16.9124]]],[[[-39.0502,-16.9131],[-39.0502,-16.9132],[-39.0502,-16.9132],[-39.0503,-16.9132],[-39.0502,-16.9131]]],[[[-39.0482,-16.9124],[-39.0482,-16.9124],[-39.0482,-16.9125],[-39.0482,-16.9125],[-39.0482,-16.9124]]],[[[-39.0438,-16.9122],[-39.0437,-16.9122],[-39.0437,-16.9122],[-39.0437,-16.9122],[-39.0438,-16.9122]]],[[[-39.0575,-16.9122],[-39.0574,-16.9122],[-39.0574,-16.9122],[-39.0573,-16.9122],[-39.0575,-16.9122]]],[[[-39.0401,-16.9121],[-39.0401,-16.9121],[-39.0401,-16.9121],[-39.04,-16.9122],[-39.0401,-16.9121]]],[[[-39.0401,-16.9121],[-39.0401,-16.9121],[-39.0401,-16.9121],[-39.0401,-16.9121]]],[[[-39.0731,-16.912],[-39.0731,-16.9121],[-39.0731,-16.9121],[-39.0731,-16.9122],[-39.0731,-16.912]]],[[[-39.0365,-16.912],[-39.0365,-16.912],[-39.0365,-16.912],[-39.0365,-16.9121],[-39.0365,-16.912]]],[[[-39.0452,-16.9131],[-39.0452,-16.9131],[-39.0452,-16.9131],[-39.0453,-16.9131],[-39.0452,-16.9131]]],[[[-39.0695,-16.9124],[-39.0695,-16.9125],[-39.0695,-16.9125],[-39.0695,-16.9127],[-39.0695,-16.9124]]],[[[-39.0675,-16.9116],[-39.0674,-16.9117],[-39.0674,-16.9117],[-39.0674,-16.9118],[-39.0675,-16.9116]]],[[[-39.0683,-16.9117],[-39.0683,-16.9118],[-39.0683,-16.9118],[-39.0683,-16.9118],[-39.0683,-16.9117]]],[[[-39.0417,-16.9112],[-39.0417,-16.9113],[-39.0417,-16.9113],[-39.0417,-16.9113],[-39.0417,-16.9112]]],[[[-39.0376,-16.9112],[-39.0376,-16.9112],[-39.0375,-16.9113],[-39.0375,-16.9113],[-39.0376,-16.9112]]],[[[-39.0376,-16.9112],[-39.0376,-16.9112],[-39.0376,-16.9111],[-39.0374,-16.9111],[-39.0376,-16.9112]]],[[[-39.0429,-16.9111],[-39.0429,-16.9111],[-39.0428,-16.9111],[-39.0428,-16.9111],[-39.0429,-16.9111]]],[[[-39.0429,-16.9111],[-39.0429,-16.9111],[-39.0429,-16.9111],[-39.0428,-16.9111],[-39.0429,-16.9111]]],[[[-39.0429,-16.9111],[-39.043,-16.9111],[-39.043,-16.9111],[-39.043,-16.9111],[-39.0429,-16.9111]]],[[[-39.0504,-16.9105],[-39.0505,-16.9105],[-39.0505,-16.9105],[-39.0506,-16.9105],[-39.0504,-16.9105]]],[[[-39.0504,-16.9105],[-39.0504,-16.9105],[-39.0504,-16.9105],[-39.0504,-16.9105]]],[[[-39.0451,-16.9104],[-39.0451,-16.9104],[-39.0451,-16.9104],[-39.0451,-16.9104],[-39.0451,-16.9104]]],[[[-39.0699,-16.9101],[-39.0699,-16.9102],[-39.0699,-16.9102],[-39.0698,-16.9102],[-39.0699,-16.9101]]],[[[-39.0665,-16.91],[-39.0665,-16.9101],[-39.0664,-16.9101],[-39.0664,-16.9101],[-39.0665,-16.91]]],[[[-39.0486,-16.9094],[-39.047,-16.9131],[-39.0494,-16.9099],[-39.0486,-16.9094]]],[[[-39.0511,-16.9092],[-39.0512,-16.9092],[-39.0512,-16.9092],[-39.0511,-16.9092],[-39.0511,-16.9092]]],[[[-39.0388,-16.9091],[-39.0388,-16.9092],[-39.0388,-16.9092],[-39.0387,-16.9092],[-39.0388,-16.9091]]],[[[-39.0559,-16.9086],[-39.0559,-16.9087],[-39.0559,-16.9087],[-39.0559,-16.9086]]],[[[-39.0419,-16.9087],[-39.0419,-16.9087],[-39.0419,-16.9087],[-39.0419,-16.9088],[-39.0419,-16.9087]]],[[[-39.0565,-16.9086],[-39.0565,-16.9087],[-39.0565,-16.9087],[-39.0565,-16.9087],[-39.0565,-16.9086]]],[[[-39.0541,-16.9084],[-39.054,-16.9085],[-39.054,-16.9085],[-39.0539,-16.9085],[-39.0541,-16.9084]]],[[[-39.061,-16.9085],[-39.061,-16.9084],[-39.061,-16.9084],[-39.0611,-16.9084],[-39.061,-16.9085]]],[[[-39.0611,-16.9084],[-39.0611,-16.9084],[-39.0611,-16.9084],[-39.0611,-16.9084]]],[[[-39.0527,-16.909],[-39.0527,-16.909],[-39.0528,-16.909],[-39.0528,-16.909],[-39.0527,-16.909]]],[[[-39.0611,-16.9084],[-39.0612,-16.9083],[-39.0612,-16.9083],[-39.0611,-16.9083],[-39.0611,-16.9084]]],[[[-39.0628,-16.9083],[-39.0604,-16.9116],[-39.063,-16.9146],[-39.0657,-16.9117],[-39.0633,-16.9085],[-39.0628,-16.9083]]],[[[-39.0559,-16.9086],[-39.0559,-16.9086],[-39.0559,-16.9086],[-39.0559,-16.9085],[-39.0559,-16.9086]]],[[[-39.0612,-16.9083],[-39.0589,-16.9116],[-39.0616,-16.9087],[-39.0612,-16.9083]]],[[[-39.0408,-16.9082],[-39.0408,-16.9083],[-39.0408,-16.9083],[-39.0408,-16.9083],[-39.0408,-16.9082]]],[[[-39.0455,-16.9081],[-39.0455,-16.9081],[-39.0455,-16.9081],[-39.0455,-16.9082],[-39.0455,-16.9081]]],[[[-39.0529,-16.9079],[-39.0529,-16.908],[-39.0529,-16.908],[-39.0529,-16.908],[-39.0529,-16.9079]]],[[[-39.0501,-16.9076],[-39.0501,-16.9077],[-39.05,-16.9079],[-39.05,-16.9081],[-39.0501,-16.9076]]],[[[-39.0413,-16.9076],[-39.0413,-16.9076],[-39.0413,-16.9077],[-39.0413,-16.9077],[-39.0413,-16.9076]]],[[[-39.0376,-16.9076],[-39.0376,-16.9076],[-39.0376,-16.9076],[-39.0376,-16.9077],[-39.0376,-16.9076]]],[[[-39.0547,-16.9072],[-39.0547,-16.9072],[-39.0547,-16.9073],[-39.0547,-16.9073],[-39.0547,-16.9072]]],[[[-39.0601,-16.9071],[-39.0565,-16.9089],[-39.0546,-16.9125],[-39.0534,-16.9163],[-39.0558,-16.9131],[-39.0583,-16.9099],[-39.0601,-16.9071]]],[[[-39.0536,-16.9148],[-39.0536,-16.9148],[-39.0536,-16.9148],[-39.0536,-16.9148],[-39.0536,-16.9148]]],[[[-39.0792,-16.907],[-39.0792,-16.9071],[-39.0792,-16.9071],[-39.0792,-16.9071],[-39.0792,-16.907]]],[[[-39.0565,-16.9076],[-39.0565,-16.9077],[-39.0564,-16.9078],[-39.0563,-16.9078],[-39.0565,-16.9076]]],[[[-39.0493,-16.9072],[-39.0493,-16.9074],[-39.0493,-16.9074],[-39.0493,-16.9075],[-39.0493,-16.9072]]],[[[-39.0953,-16.9068],[-39.0951,-16.9068],[-39.0951,-16.9069],[-39.095,-16.9069],[-39.0953,-16.9068]]],[[[-39.0483,-16.9067],[-39.0464,-16.9104],[-39.049,-16.9073],[-39.0483,-16.9067]]],[[[-39.0504,-16.9066],[-39.0504,-16.9067],[-39.0503,-16.9067],[-39.0503,-16.9067],[-39.0504,-16.9066]]],[[[-39.0391,-16.9067],[-39.0392,-16.9067],[-39.0392,-16.9067],[-39.0392,-16.9067],[-39.0391,-16.9067]]],[[[-39.0519,-16.9065],[-39.0519,-16.9065],[-39.0519,-16.9066],[-39.0519,-16.9066],[-39.0519,-16.9065]]],[[[-39.0533,-16.9065],[-39.0531,-16.9065],[-39.0531,-16.9065],[-39.053,-16.9065],[-39.0533,-16.9065]]],[[[-39.0533,-16.9065],[-39.0533,-16.9065],[-39.0534,-16.9065],[-39.0533,-16.9064],[-39.0533,-16.9065]]],[[[-39.0392,-16.9067],[-39.0392,-16.9067],[-39.0392,-16.9067],[-39.0391,-16.9067],[-39.0392,-16.9067]]],[[[-39.0498,-16.9063],[-39.0498,-16.9063],[-39.0498,-16.9063],[-39.0498,-16.9064],[-39.0498,-16.9063]]],[[[-39.0547,-16.9062],[-39.0546,-16.9062],[-39.0546,-16.9062],[-39.0546,-16.9062],[-39.0547,-16.9062]]],[[[-39.0558,-16.9062],[-39.0558,-16.9063],[-39.0557,-16.9063],[-39.0557,-16.9063],[-39.0558,-16.9062]]],[[[-39.0461,-16.906],[-39.046,-16.9059],[-39.046,-16.906],[-39.0461,-16.906]]],[[[-39.0461,-16.906],[-39.0462,-16.9061],[-39.0461,-16.9061],[-39.0461,-16.9061],[-39.0461,-16.906]]],[[[-39.0566,-16.9059],[-39.0566,-16.9059],[-39.0566,-16.906],[-39.0566,-16.906],[-39.0566,-16.9059]]],[[[-39.0535,-16.9062],[-39.0535,-16.9063],[-39.0536,-16.9063],[-39.0536,-16.9063],[-39.0535,-16.9062]]],[[[-39.0516,-16.9055],[-39.0515,-16.9056],[-39.0515,-16.9056],[-39.0515,-16.9056],[-39.0516,-16.9055]]],[[[-39.0516,-16.9055],[-39.0516,-16.9055],[-39.0515,-16.9055],[-39.0515,-16.9055],[-39.0516,-16.9055]]],[[[-39.0519,-16.9057],[-39.0519,-16.9058],[-39.0519,-16.9058],[-39.0519,-16.9058],[-39.0519,-16.9057]]],[[[-39.0928,-16.9052],[-39.0928,-16.9053],[-39.0928,-16.9053],[-39.0928,-16.9054],[-39.0928,-16.9052]]],[[[-39.0418,-16.9051],[-39.0416,-16.9051],[-39.0416,-16.9051],[-39.0415,-16.9052],[-39.0418,-16.9051]]],[[[-39.0608,-16.9048],[-39.0607,-16.9049],[-39.0607,-16.9049],[-39.0607,-16.9049],[-39.0608,-16.9048]]],[[[-39.0551,-16.9047],[-39.0551,-16.9047],[-39.0551,-16.9048],[-39.0551,-16.9048],[-39.0551,-16.9047]]],[[[-39.0528,-16.9047],[-39.0528,-16.9047],[-39.0527,-16.9047],[-39.0527,-16.9047],[-39.0528,-16.9047]]],[[[-39.0378,-16.9048],[-39.0378,-16.9048],[-39.0378,-16.9048],[-39.0378,-16.9049],[-39.0378,-16.9048]]],[[[-39.064,-16.9045],[-39.0611,-16.9073],[-39.0644,-16.905],[-39.064,-16.9045]]],[[[-39.064,-16.9045],[-39.0639,-16.9045],[-39.0639,-16.9045],[-39.064,-16.9045],[-39.064,-16.9045]]],[[[-39.0639,-16.9045],[-39.0639,-16.9045],[-39.0639,-16.9045],[-39.0639,-16.9045]]],[[[-39.0785,-16.9044],[-39.0785,-16.9044],[-39.0785,-16.9045],[-39.0785,-16.9046],[-39.0785,-16.9044]]],[[[-39.0556,-16.9043],[-39.0556,-16.9043],[-39.0556,-16.9044],[-39.0556,-16.9044],[-39.0556,-16.9043]]],[[[-39.054,-16.9047],[-39.054,-16.9048],[-39.054,-16.9048],[-39.054,-16.9048],[-39.054,-16.9047]]],[[[-39.0563,-16.9054],[-39.0563,-16.9055],[-39.0563,-16.9055],[-39.0563,-16.9055],[-39.0563,-16.9054]]],[[[-39.0464,-16.9043],[-39.0464,-16.9044],[-39.0465,-16.9044],[-39.0465,-16.9044],[-39.0464,-16.9043]]],[[[-39.096,-16.9038],[-39.096,-16.9039],[-39.096,-16.9039],[-39.0959,-16.9039],[-39.096,-16.9038]]],[[[-39.0937,-16.9034],[-39.0937,-16.9035],[-39.0934,-16.9035],[-39.0931,-16.9035],[-39.0937,-16.9034]]],[[[-39.0388,-16.9032],[-39.0386,-16.9032],[-39.0386,-16.9032],[-39.0385,-16.9032],[-39.0388,-16.9032]]],[[[-39.0604,-16.903],[-39.0604,-16.9031],[-39.0604,-16.9031],[-39.0604,-16.9031],[-39.0604,-16.903]]],[[[-39.0484,-16.9027],[-39.0484,-16.9028],[-39.0484,-16.9028],[-39.0484,-16.9029],[-39.0484,-16.9027]]],[[[-39.064,-16.9025],[-39.064,-16.9026],[-39.064,-16.9026],[-39.0639,-16.9027],[-39.064,-16.9025]]],[[[-39.0627,-16.9024],[-39.0626,-16.9024],[-39.0626,-16.9025],[-39.0626,-16.9025],[-39.0627,-16.9024]]],[[[-39.0597,-16.9024],[-39.0597,-16.9025],[-39.0598,-16.9025],[-39.0598,-16.9026],[-39.0597,-16.9024]]],[[[-39.0645,-16.9027],[-39.0645,-16.9028],[-39.0645,-16.9028],[-39.0645,-16.9028],[-39.0645,-16.9027]]],[[[-39.0372,-16.9023],[-39.0372,-16.9023],[-39.0373,-16.9023],[-39.0373,-16.9023],[-39.0372,-16.9023]]],[[[-39.0514,-16.9018],[-39.0514,-16.9018],[-39.0513,-16.9018],[-39.0513,-16.9019],[-39.0514,-16.9018]]],[[[-39.0593,-16.9017],[-39.0577,-16.9054],[-39.0595,-16.9018],[-39.0593,-16.9017]]],[[[-39.0461,-16.9016],[-39.0424,-16.9029],[-39.0457,-16.9051],[-39.0461,-16.9016]]],[[[-39.0493,-16.9015],[-39.0493,-16.9016],[-39.0493,-16.9016],[-39.0493,-16.9016],[-39.0493,-16.9015]]],[[[-39.0845,-16.9013],[-39.0835,-16.9052],[-39.0846,-16.9013],[-39.0845,-16.9013]]],[[[-39.094,-16.9012],[-39.0939,-16.9012],[-39.0939,-16.9012],[-39.0939,-16.9013],[-39.094,-16.9012]]],[[[-39.0824,-16.901],[-39.0826,-16.905],[-39.0826,-16.901],[-39.0824,-16.901]]],[[[-39.0498,-16.9004],[-39.0498,-16.9004],[-39.0497,-16.9005],[-39.0496,-16.9005],[-39.0498,-16.9004]]],[[[-39.0793,-16.901],[-39.0793,-16.901],[-39.0794,-16.901],[-39.0794,-16.9011],[-39.0793,-16.901]]],[[[-39.0594,-16.8996],[-39.0594,-16.8997],[-39.0593,-16.8997],[-39.0593,-16.8997],[-39.0594,-16.8996]]],[[[-39.0492,-16.8992],[-39.0492,-16.8992],[-39.0491,-16.8992],[-39.0491,-16.8993],[-39.0492,-16.8992]]],[[[-39.061,-16.8992],[-39.0609,-16.8992],[-39.0609,-16.8993],[-39.0609,-16.8993],[-39.061,-16.8992]]],[[[-39.0621,-16.8989],[-39.0621,-16.8989],[-39.0621,-16.8989],[-39.062,-16.8989],[-39.0621,-16.8989]]],[[[-39.0483,-16.8982],[-39.0483,-16.8982],[-39.0482,-16.8981],[-39.0482,-16.8981],[-39.0483,-16.8982]]],[[[-39.05,-16.8979],[-39.0499,-16.8979],[-39.0499,-16.8979],[-39.0499,-16.8979],[-39.05,-16.8979]]],[[[-39.066,-16.8971],[-39.0633,-16.9],[-39.0663,-16.8974],[-39.066,-16.8971]]],[[[-39.0602,-16.897],[-39.0602,-16.8971],[-39.0602,-16.8971],[-39.0602,-16.8972],[-39.0602,-16.897]]],[[[-39.0769,-16.897],[-39.0749,-16.9005],[-39.0738,-16.9043],[-39.0728,-16.9082],[-39.075,-16.9116],[-39.0767,-16.908],[-39.078,-16.9042],[-39.0773,-16.9003],[-39.0769,-16.897]]],[[[-39.0766,-16.9025],[-39.0766,-16.9025],[-39.0765,-16.9026],[-39.0766,-16.9025]]],[[[-39.0765,-16.9026],[-39.0765,-16.9026],[-39.0765,-16.9026],[-39.0764,-16.9026],[-39.0765,-16.9026]]],[[[-39.0736,-16.9084],[-39.0736,-16.9084],[-39.0736,-16.9084],[-39.0735,-16.9083],[-39.0736,-16.9084]]],[[[-39.0974,-16.897],[-39.0973,-16.8971],[-39.0973,-16.8971],[-39.0973,-16.8972],[-39.0974,-16.897]]],[[[-39.1009,-16.8969],[-39.1002,-16.9009],[-39.1004,-16.9049],[-39.1035,-16.9075],[-39.1035,-16.9034],[-39.1017,-16.8998],[-39.1009,-16.8969]]],[[[-39.0529,-16.8969],[-39.0499,-16.8996],[-39.0534,-16.8976],[-39.0529,-16.8969]]],[[[-39.0597,-16.8969],[-39.0597,-16.897],[-39.0598,-16.897],[-39.0598,-16.897],[-39.0597,-16.8969]]],[[[-39.0427,-16.8965],[-39.0415,-16.9003],[-39.045,-16.9025],[-39.045,-16.8985],[-39.0427,-16.8965]]],[[[-39.0476,-16.8974],[-39.0476,-16.8974],[-39.0476,-16.8974],[-39.0476,-16.8974],[-39.0476,-16.8974]]],[[[-39.0972,-16.8966],[-39.0972,-16.8966],[-39.0973,-16.8966],[-39.0973,-16.8966],[-39.0972,-16.8966]]],[[[-39.0815,-16.8961],[-39.0826,-16.9],[-39.0817,-16.8961],[-39.0815,-16.8961]]],[[[-39.1056,-16.8963],[-39.1056,-16.8965],[-39.1056,-16.8967],[-39.1056,-16.8969],[-39.1056,-16.8963]]],[[[-39.0584,-16.8959],[-39.0583,-16.896],[-39.0582,-16.896],[-39.0582,-16.896],[-39.0584,-16.8959]]],[[[-39.0894,-16.8958],[-39.0894,-16.8959],[-39.0893,-16.8959],[-39.0893,-16.8959],[-39.0894,-16.8958]]],[[[-39.0501,-16.8956],[-39.05,-16.8957],[-39.05,-16.8957],[-39.05,-16.8957],[-39.0501,-16.8956]]],[[[-39.0636,-16.8958],[-39.0636,-16.8958],[-39.0635,-16.8959],[-39.0635,-16.8959],[-39.0636,-16.8958]]],[[[-39.0636,-16.8959],[-39.0636,-16.8959],[-39.0636,-16.8958],[-39.0636,-16.8959]]],[[[-39.0534,-16.8954],[-39.0534,-16.8954],[-39.0534,-16.8954],[-39.0534,-16.8954],[-39.0534,-16.8954]]],[[[-39.1092,-16.8969],[-39.1091,-16.8969],[-39.1091,-16.8969],[-39.1091,-16.897],[-39.1092,-16.8969]]],[[[-39.1093,-16.8969],[-39.1092,-16.8969],[-39.1092,-16.8969],[-39.1093,-16.8969]]],[[[-39.0576,-16.8949],[-39.0576,-16.8949],[-39.0575,-16.8949],[-39.0575,-16.895],[-39.0576,-16.8949]]],[[[-39.0519,-16.8951],[-39.0519,-16.8951],[-39.0519,-16.8951],[-39.0519,-16.8951],[-39.0519,-16.8951]]],[[[-39.0684,-16.8947],[-39.0678,-16.8987],[-39.066,-16.9023],[-39.0665,-16.9062],[-39.067,-16.9102],[-39.071,-16.9103],[-39.0722,-16.9064],[-39.0735,-16.9027],[-39.0706,-16.8999],[-39.0687,-16.8964],[-39.0684,-16.8947]]],[[[-39.0915,-16.8954],[-39.0915,-16.8955],[-39.0916,-16.8955],[-39.0916,-16.8955],[-39.0915,-16.8954]]],[[[-39.066,-16.8948],[-39.0659,-16.8948],[-39.0659,-16.8948],[-39.0659,-16.8949],[-39.066,-16.8948]]],[[[-39.1078,-16.8947],[-39.1078,-16.8949],[-39.1078,-16.8951],[-39.1078,-16.8953],[-39.1078,-16.8947]]],[[[-39.0535,-16.8945],[-39.0535,-16.8945],[-39.0535,-16.8946],[-39.0535,-16.8946],[-39.0535,-16.8945]]],[[[-39.056,-16.8939],[-39.0541,-16.8974],[-39.0517,-16.9006],[-39.0541,-16.9038],[-39.0574,-16.9016],[-39.0599,-16.8983],[-39.0567,-16.8959],[-39.056,-16.8939]]],[[[-39.0647,-16.8938],[-39.0646,-16.8939],[-39.0646,-16.8939],[-39.0645,-16.8939],[-39.0647,-16.8938]]],[[[-39.1039,-16.8955],[-39.1039,-16.8955],[-39.1039,-16.8955],[-39.104,-16.8955],[-39.1039,-16.8955]]],[[[-39.0656,-16.8936],[-39.0656,-16.8936],[-39.0656,-16.8937],[-39.0656,-16.8937],[-39.0656,-16.8936]]],[[[-39.0825,-16.8915],[-39.0812,-16.8953],[-39.0826,-16.8915],[-39.0825,-16.8915]]],[[[-39.0646,-16.8914],[-39.0646,-16.8914],[-39.0646,-16.8915],[-39.0646,-16.8915],[-39.0646,-16.8914]]],[[[-39.0986,-16.8913],[-39.0982,-16.8953],[-39.0989,-16.8914],[-39.0986,-16.8913]]],[[[-39.0833,-16.8913],[-39.0833,-16.8914],[-39.0832,-16.8914],[-39.0832,-16.8914],[-39.0833,-16.8913]]],[[[-39.1015,-16.8925],[-39.1015,-16.8926],[-39.1015,-16.8926],[-39.1015,-16.8927],[-39.1015,-16.8925]]],[[[-39.1027,-16.8901],[-39.1027,-16.8902],[-39.1027,-16.8902],[-39.1027,-16.8902],[-39.1027,-16.8901]]],[[[-39.0577,-16.89],[-39.0577,-16.8901],[-39.0577,-16.8901],[-39.0577,-16.8901],[-39.0577,-16.89]]],[[[-39.082,-16.8896],[-39.0819,-16.8897],[-39.0819,-16.8896],[-39.0819,-16.8896],[-39.082,-16.8896]]],[[[-39.0527,-16.8895],[-39.0524,-16.8935],[-39.0564,-16.8927],[-39.0534,-16.8899],[-39.0527,-16.8895]]],[[[-39.0958,-16.8891],[-39.0958,-16.8891],[-39.0958,-16.8892],[-39.0958,-16.8892],[-39.0958,-16.8891]]],[[[-39.0619,-16.8889],[-39.0588,-16.8915],[-39.0596,-16.8955],[-39.0634,-16.8941],[-39.0642,-16.8902],[-39.0619,-16.8889]]],[[[-39.0801,-16.8889],[-39.0777,-16.8921],[-39.0773,-16.8961],[-39.0805,-16.8936],[-39.0807,-16.8896],[-39.0801,-16.8889]]],[[[-39.0597,-16.8886],[-39.0596,-16.8886],[-39.0596,-16.8886],[-39.0595,-16.8886],[-39.0597,-16.8886]]],[[[-39.1019,-16.8884],[-39.1019,-16.8884],[-39.1018,-16.8885],[-39.1018,-16.8885],[-39.1019,-16.8884]]],[[[-39.0465,-16.8913],[-39.0445,-16.8947],[-39.0485,-16.8959],[-39.0519,-16.8938],[-39.0519,-16.8898],[-39.0478,-16.8892],[-39.0465,-16.8913]]],[[[-39.0465,-16.8913],[-39.0465,-16.8913],[-39.0465,-16.8913],[-39.0465,-16.8913]]],[[[-39.0567,-16.8883],[-39.0567,-16.8883],[-39.0567,-16.8883],[-39.0566,-16.8884],[-39.0567,-16.8883]]],[[[-39.0549,-16.8882],[-39.0549,-16.8882],[-39.0548,-16.8882],[-39.0548,-16.8883],[-39.0549,-16.8882]]],[[[-39.0598,-16.8883],[-39.0598,-16.8884],[-39.0599,-16.8884],[-39.0599,-16.8884],[-39.0598,-16.8883]]],[[[-39.0916,-16.8873],[-39.0913,-16.8914],[-39.092,-16.8875],[-39.0916,-16.8873]]],[[[-39.1033,-16.8854],[-39.1033,-16.8855],[-39.1032,-16.8855],[-39.1032,-16.8855],[-39.1033,-16.8854]]],[[[-39.1111,-16.8831],[-39.1111,-16.8832],[-39.111,-16.8832],[-39.111,-16.8832],[-39.1111,-16.8831]]],[[[-39.0858,-16.8821],[-39.0857,-16.8821],[-39.0857,-16.8821],[-39.0856,-16.8822],[-39.0858,-16.8821]]],[[[-39.1105,-16.8817],[-39.1105,-16.8817],[-39.1105,-16.8818],[-39.1105,-16.8818],[-39.1105,-16.8817]]],[[[-39.0838,-16.8813],[-39.0838,-16.8813],[-39.0838,-16.8814],[-39.0838,-16.8815],[-39.0838,-16.8813]]],[[[-39.1118,-16.8799],[-39.1117,-16.88],[-39.1117,-16.8801],[-39.1117,-16.8801],[-39.1118,-16.8799]]],[[[-39.1401,-16.864],[-39.14,-16.8641],[-39.14,-16.8641],[-39.14,-16.8642],[-39.1401,-16.864]]],[[[-39.1401,-16.863],[-39.1401,-16.863],[-39.1401,-16.8631],[-39.1401,-16.8632],[-39.1401,-16.863]]],[[[-39.1418,-16.8595],[-39.1414,-16.8634],[-39.1423,-16.8595],[-39.1418,-16.8595]]],[[[-39.1406,-16.8559],[-39.1406,-16.856],[-39.1406,-16.856],[-39.1406,-16.856],[-39.1406,-16.8559]]],[[[-39.1424,-16.8474],[-39.1408,-16.8511],[-39.1408,-16.8551],[-39.1416,-16.8511],[-39.1424,-16.8474]]],[[[-39.1422,-16.844],[-39.1422,-16.8441],[-39.1422,-16.8441],[-39.1421,-16.8442],[-39.1422,-16.844]]],[[[-39.1438,-16.833],[-39.1438,-16.8331],[-39.1438,-16.8332],[-39.1438,-16.8332],[-39.1438,-16.833]]],[[[-39.1441,-16.8295],[-39.1441,-16.8296],[-39.1441,-16.8296],[-39.1441,-16.8297],[-39.1441,-16.8295]]],[[[-39.1442,-16.8278],[-39.1441,-16.8278],[-39.1441,-16.8279],[-39.1441,-16.8279],[-39.1442,-16.8278]]],[[[-39.1404,-16.8051],[-39.1403,-16.8052],[-39.1403,-16.8052],[-39.1402,-16.8052],[-39.1404,-16.8051]]],[[[-39.1382,-16.7995],[-39.1382,-16.7998],[-39.1383,-16.7999],[-39.1383,-16.7999],[-39.1382,-16.7995]]],[[[-39.1399,-16.7783],[-39.1398,-16.7784],[-39.1398,-16.7784],[-39.1398,-16.7785],[-39.1399,-16.7783]]],[[[-39.119,-16.7764],[-39.1178,-16.7803],[-39.1208,-16.783],[-39.123,-16.7797],[-39.126,-16.7769],[-39.122,-16.7776],[-39.119,-16.7764]]],[[[-39.1404,-16.7676],[-39.1371,-16.77],[-39.1407,-16.7718],[-39.1412,-16.7678],[-39.1404,-16.7676]]],[[[-39.1378,-16.7515],[-39.1378,-16.7515],[-39.1378,-16.7515],[-39.1378,-16.7515],[-39.1378,-16.7515]]],[[[-39.1258,-16.7469],[-39.1258,-16.7471],[-39.1258,-16.7473],[-39.1258,-16.7475],[-39.1258,-16.7469]]],[[[-39.1269,-16.7445],[-39.1269,-16.7446],[-39.1269,-16.7446],[-39.1269,-16.7446],[-39.1269,-16.7445]]],[[[-39.1261,-16.7362],[-39.1261,-16.7363],[-39.126,-16.7363],[-39.126,-16.7363],[-39.1261,-16.7362]]],[[[-39.1246,-16.7329],[-39.1246,-16.7329],[-39.1245,-16.7329],[-39.1245,-16.733],[-39.1246,-16.7329]]],[[[-39.1201,-16.7299],[-39.1203,-16.7301],[-39.1201,-16.7301],[-39.1199,-16.7301],[-39.1201,-16.7299]]],[[[-39.1243,-16.7295],[-39.1242,-16.7295],[-39.1241,-16.7295],[-39.1241,-16.7295],[-39.1243,-16.7295]]],[[[-39.1202,-16.7276],[-39.1202,-16.7276],[-39.1202,-16.7277],[-39.1202,-16.7277],[-39.1202,-16.7276]]],[[[-39.1227,-16.7267],[-39.1227,-16.7267],[-39.1227,-16.7268],[-39.1227,-16.7268],[-39.1227,-16.7267]]],[[[-39.1186,-16.7243],[-39.1176,-16.7282],[-39.1191,-16.7244],[-39.1186,-16.7243]]],[[[-39.1206,-16.7243],[-39.1206,-16.7244],[-39.1206,-16.7244],[-39.1206,-16.7245],[-39.1206,-16.7243]]],[[[-39.1189,-16.7228],[-39.1189,-16.7228],[-39.1189,-16.7228],[-39.1189,-16.7229],[-39.1189,-16.7228]]],[[[-39.1157,-16.7213],[-39.1157,-16.7214],[-39.1157,-16.7214],[-39.1157,-16.7214],[-39.1157,-16.7213]]],[[[-39.1138,-16.7164],[-39.1164,-16.7195],[-39.1154,-16.7156],[-39.1138,-16.7164]]],[[[-39.1043,-16.7029],[-39.1043,-16.7029],[-39.1043,-16.7029],[-39.1044,-16.7029],[-39.1043,-16.7029]]],[[[-39.1069,-16.702],[-39.1043,-16.7051],[-39.105,-16.7091],[-39.1083,-16.7113],[-39.1121,-16.7128],[-39.109,-16.7101],[-39.1065,-16.707],[-39.1068,-16.7029],[-39.1069,-16.702]]],[[[-39.1054,-16.7014],[-39.1054,-16.7014],[-39.1054,-16.7014],[-39.1053,-16.7014],[-39.1054,-16.7014]]],[[[-39.1038,-16.7],[-39.1037,-16.7],[-39.1037,-16.7],[-39.1037,-16.7],[-39.1038,-16.7]]],[[[-39.1022,-16.6911],[-39.1021,-16.6911],[-39.1021,-16.6912],[-39.1021,-16.6912],[-39.1022,-16.6911]]],[[[-39.1004,-16.6894],[-39.1004,-16.6894],[-39.1003,-16.6894],[-39.1003,-16.6895],[-39.1004,-16.6894]]],[[[-39.0903,-16.6499],[-39.0866,-16.6513],[-39.0873,-16.6553],[-39.091,-16.6569],[-39.0924,-16.6531],[-39.0903,-16.6499]]],[[[-39.0887,-16.6533],[-39.0887,-16.6533],[-39.0887,-16.6534],[-39.0887,-16.6534],[-39.0887,-16.6533]]],[[[-39.0892,-16.6558],[-39.0892,-16.6558],[-39.0892,-16.6559],[-39.0892,-16.6559],[-39.0892,-16.6558]]],[[[-39.0951,-16.6461],[-39.0951,-16.6462],[-39.0951,-16.6462],[-39.0951,-16.6462],[-39.0951,-16.6461]]],[[[-39.089,-16.6433],[-39.089,-16.6434],[-39.0886,-16.6434],[-39.0885,-16.6434],[-39.089,-16.6433]]],[[[-39.089,-16.6433],[-39.089,-16.6432],[-39.0888,-16.6432],[-39.0886,-16.6432],[-39.089,-16.6433]]],[[[-39.0849,-16.6411],[-39.0849,-16.6412],[-39.0847,-16.6412],[-39.0847,-16.6414],[-39.0849,-16.6411]]],[[[-39.0849,-16.6391],[-39.0849,-16.6392],[-39.0849,-16.6394],[-39.0849,-16.6396],[-39.0849,-16.6391]]],[[[-39.0866,-16.6387],[-39.0866,-16.6389],[-39.0864,-16.6389],[-39.0864,-16.6391],[-39.0866,-16.6387]]],[[[-39.0878,-16.6364],[-39.0874,-16.6367],[-39.0874,-16.6366],[-39.0873,-16.6366],[-39.0878,-16.6364]]],[[[-39.0814,-16.6024],[-39.0814,-16.6026],[-39.0814,-16.6028],[-39.0814,-16.6029],[-39.0814,-16.6024]]],[[[-39.0005,-16.3587],[-38.9977,-16.3617],[-38.9984,-16.3657],[-38.9989,-16.3696],[-38.9998,-16.3736],[-38.9995,-16.3778],[-39.0001,-16.3817],[-39.0017,-16.3856],[-39.0043,-16.3824],[-39.0039,-16.3783],[-39.0034,-16.3743],[-39.0024,-16.3703],[-39.0,-16.367],[-39.0012,-16.363],[-39.001,-16.3589],[-39.0005,-16.3587]]],[[[-38.9964,-16.3504],[-38.9964,-16.3506],[-38.9962,-16.3506],[-38.9962,-16.3507],[-38.9964,-16.3504]]],[[[-38.9957,-16.3405],[-38.9962,-16.3444],[-38.996,-16.3486],[-38.9998,-16.3471],[-39.0,-16.3429],[-38.9965,-16.3408],[-38.9957,-16.3405]]],[[[-38.7461,-13.092],[-38.7459,-13.0921],[-38.7458,-13.0921],[-38.7457,-13.0921],[-38.7461,-13.092]]],[[[-38.7417,-13.0878],[-38.7417,-13.088],[-38.7416,-13.088],[-38.7414,-13.088],[-38.7417,-13.0878]]],[[[-38.736,-13.0885],[-38.7336,-13.0852],[-38.7359,-13.0885],[-38.736,-13.0885]]],[[[-38.7232,-13.0757],[-38.7251,-13.0792],[-38.7273,-13.0826],[-38.7259,-13.0789],[-38.7233,-13.0757],[-38.7232,-13.0757]]],[[[-38.7256,-13.0752],[-38.7256,-13.0753],[-38.7255,-13.0753],[-38.7255,-13.0754],[-38.7256,-13.0752]]],[[[-38.7235,-13.0701],[-38.7236,-13.0701],[-38.7236,-13.07],[-38.7235,-13.07],[-38.7235,-13.0701]]],[[[-38.7194,-13.0662],[-38.7195,-13.0662],[-38.7195,-13.0661],[-38.7195,-13.066],[-38.7194,-13.0662]]],[[[-38.7048,-13.0589],[-38.7048,-13.059],[-38.705,-13.059],[-38.705,-13.0591],[-38.7048,-13.0589]]],[[[-38.6979,-13.0566],[-38.6979,-13.0567],[-38.6978,-13.0567],[-38.6978,-13.0568],[-38.6979,-13.0566]]],[[[-38.6894,-13.0562],[-38.6894,-13.0563],[-38.6893,-13.0563],[-38.6893,-13.0564],[-38.6894,-13.0562]]],[[[-38.6957,-13.0559],[-38.6957,-13.0561],[-38.6956,-13.0561],[-38.6955,-13.0561],[-38.6957,-13.0559]]],[[[-38.7011,-13.056],[-38.7047,-13.0579],[-38.7015,-13.0554],[-38.7011,-13.056]]],[[[-38.6973,-13.0558],[-38.6973,-13.0559],[-38.6974,-13.0559],[-38.6975,-13.0559],[-38.6973,-13.0558]]],[[[-38.6942,-13.0532],[-38.6942,-13.0533],[-38.6943,-13.0533],[-38.6944,-13.0533],[-38.6942,-13.0532]]],[[[-38.6895,-13.0495],[-38.6869,-13.0527],[-38.6903,-13.0504],[-38.6895,-13.0495]]],[[[-38.6895,-13.0495],[-38.6895,-13.0494],[-38.6894,-13.0494],[-38.6895,-13.0495]]],[[[-38.6895,-13.0494],[-38.6896,-13.0494],[-38.6895,-13.0493],[-38.6895,-13.0494]]],[[[-38.6828,-13.0466],[-38.6828,-13.0468],[-38.6828,-13.047],[-38.6829,-13.0471],[-38.6828,-13.0466]]],[[[-38.678,-13.0456],[-38.682,-13.0449],[-38.6789,-13.0424],[-38.678,-13.0456]]],[[[-38.6739,-13.04],[-38.6738,-13.04],[-38.6736,-13.04],[-38.6735,-13.04],[-38.6739,-13.04]]],[[[-38.6423,-13.0121],[-38.6424,-13.0121],[-38.6423,-13.0121],[-38.6423,-13.0121]]],[[[-38.6423,-13.0121],[-38.6423,-13.012],[-38.6422,-13.012],[-38.6423,-13.0121]]],[[[-38.6423,-13.0121],[-38.64,-13.0086],[-38.6379,-13.0051],[-38.6347,-13.0026],[-38.6332,-12.9989],[-38.6291,-12.9991],[-38.6308,-13.0028],[-38.6342,-13.005],[-38.6377,-13.0071],[-38.6375,-13.0112],[-38.6412,-13.0127],[-38.6403,-13.0167],[-38.6417,-13.0205],[-38.6443,-13.0235],[-38.6469,-13.0266],[-38.6501,-13.0291],[-38.6521,-13.0327],[-38.655,-13.0356],[-38.659,-13.0359],[-38.6625,-13.0379],[-38.6664,-13.0391],[-38.6704,-13.0399],[-38.6684,-13.0363],[-38.6645,-13.035],[-38.6608,-13.0332],[-38.6572,-13.0314],[-38.6543,-13.0285],[-38.6516,-13.0255],[-38.6488,-13.0225],[-38.6467,-13.0191],[-38.6446,-13.0156],[-38.6423,-13.0123],[-38.6423,-13.0121]]],[[[-38.6304,-13.0016],[-38.6305,-13.0015],[-38.6307,-13.0015],[-38.6308,-13.0016],[-38.6304,-13.0016]]],[[[-38.6173,-12.9889],[-38.6172,-12.989],[-38.617,-12.989],[-38.6169,-12.989],[-38.6173,-12.9889]]],[[[-38.3526,-12.9533],[-38.3527,-12.9534],[-38.3529,-12.9534],[-38.353,-12.9534],[-38.3526,-12.9533]]],[[[-38.6035,-12.9532],[-38.6009,-12.9563],[-38.5999,-12.9603],[-38.5999,-12.9644],[-38.6016,-12.9682],[-38.6024,-12.9721],[-38.6032,-12.9761],[-38.6042,-12.9801],[-38.6067,-12.9833],[-38.61,-12.9856],[-38.614,-12.9855],[-38.6179,-12.9846],[-38.6142,-12.9833],[-38.6148,-12.9794],[-38.6121,-12.9764],[-38.6106,-12.9725],[-38.6088,-12.9689],[-38.6071,-12.9652],[-38.6053,-12.9616],[-38.6032,-12.9581],[-38.6043,-12.9541],[-38.6035,-12.9532]]],[[[-38.6041,-12.9635],[-38.604,-12.9637],[-38.6039,-12.9637],[-38.6039,-12.9638],[-38.6041,-12.9635]]],[[[-38.6015,-12.9647],[-38.6015,-12.9648],[-38.6016,-12.9648],[-38.6016,-12.9649],[-38.6015,-12.9647]]],[[[-38.6041,-12.9674],[-38.6041,-12.9675],[-38.604,-12.9675],[-38.604,-12.9676],[-38.6041,-12.9674]]],[[[-38.6052,-12.9711],[-38.6052,-12.9711],[-38.6052,-12.971],[-38.6052,-12.9711]]],[[[-38.6053,-12.9711],[-38.6053,-12.9712],[-38.6054,-12.9712],[-38.6054,-12.9714],[-38.6053,-12.9711]]],[[[-38.6097,-12.9749],[-38.6097,-12.975],[-38.6096,-12.975],[-38.6096,-12.9751],[-38.6097,-12.9749]]],[[[-38.6063,-12.9786],[-38.6063,-12.9784],[-38.6063,-12.9783],[-38.6064,-12.9783],[-38.6063,-12.9786]]],[[[-38.6091,-12.981],[-38.6091,-12.9809],[-38.6091,-12.9808],[-38.6089,-12.9808],[-38.6091,-12.981]]],[[[-38.6063,-12.9787],[-38.6063,-12.9788],[-38.6064,-12.9788],[-38.6064,-12.979],[-38.6063,-12.9787]]],[[[-38.5988,-12.9517],[-38.5988,-12.9518],[-38.5986,-12.9518],[-38.5985,-12.9518],[-38.5988,-12.9517]]],[[[-38.3512,-12.9522],[-38.3514,-12.9522],[-38.3515,-12.9521],[-38.3515,-12.952],[-38.3512,-12.9522]]],[[[-38.349,-12.9508],[-38.3492,-12.9508],[-38.3493,-12.9507],[-38.3492,-12.9506],[-38.349,-12.9508]]],[[[-38.3462,-12.9493],[-38.3462,-12.9494],[-38.3462,-12.9495],[-38.3462,-12.9497],[-38.3462,-12.9493]]],[[[-38.3453,-12.9488],[-38.3455,-12.9488],[-38.3455,-12.9487],[-38.3455,-12.9486],[-38.3453,-12.9488]]],[[[-38.6076,-12.9425],[-38.6053,-12.9458],[-38.6048,-12.9498],[-38.6065,-12.946],[-38.6092,-12.9431],[-38.6076,-12.9425]]],[[[-38.3381,-12.9433],[-38.3382,-12.9434],[-38.3382,-12.9433],[-38.3382,-12.9432],[-38.3381,-12.9433]]],[[[-38.6072,-12.9399],[-38.6072,-12.94],[-38.607,-12.94],[-38.607,-12.9401],[-38.6072,-12.9399]]],[[[-38.3331,-12.9386],[-38.333,-12.9387],[-38.3328,-12.9387],[-38.3328,-12.9388],[-38.3331,-12.9386]]],[[[-38.6133,-12.9324],[-38.6133,-12.9326],[-38.6134,-12.9324],[-38.6133,-12.9324]]],[[[-38.6142,-12.9274],[-38.6129,-12.9313],[-38.6149,-12.9277],[-38.6142,-12.9274]]],[[[-38.3183,-12.9254],[-38.3183,-12.9256],[-38.3182,-12.9255],[-38.3181,-12.9255],[-38.3183,-12.9254]]],[[[-38.3182,-12.925],[-38.3183,-12.925],[-38.3182,-12.9249],[-38.3182,-12.9248],[-38.3182,-12.925]]],[[[-38.3116,-12.9174],[-38.3118,-12.9174],[-38.3118,-12.9172],[-38.3117,-12.9171],[-38.3116,-12.9174]]],[[[-38.3072,-12.9108],[-38.3073,-12.9109],[-38.3071,-12.9109],[-38.307,-12.9109],[-38.3072,-12.9108]]],[[[-38.3065,-12.9108],[-38.3067,-12.9108],[-38.3068,-12.9107],[-38.3068,-12.9105],[-38.3065,-12.9108]]],[[[-38.3048,-12.9082],[-38.3051,-12.9083],[-38.305,-12.9082],[-38.3048,-12.9082]]],[[[-38.3048,-12.9082],[-38.3046,-12.9083],[-38.3044,-12.9083],[-38.3044,-12.9084],[-38.3048,-12.9082]]],[[[-38.294,-12.8932],[-38.2963,-12.8967],[-38.2987,-12.8999],[-38.3013,-12.903],[-38.3037,-12.9063],[-38.3016,-12.9029],[-38.2993,-12.8995],[-38.2968,-12.8963],[-38.2941,-12.8933],[-38.294,-12.8932]]],[[[-38.294,-12.8932],[-38.2941,-12.8932],[-38.294,-12.8932],[-38.294,-12.8932]]],[[[-38.294,-12.8932],[-38.2939,-12.8932],[-38.2939,-12.8932],[-38.294,-12.8932]]],[[[-38.2939,-12.8932],[-38.2937,-12.8931],[-38.2938,-12.8932],[-38.2939,-12.8932]]],[[[-38.2896,-12.8878],[-38.2897,-12.888],[-38.2898,-12.8881],[-38.2899,-12.8882],[-38.2896,-12.8878]]],[[[-38.2896,-12.8878],[-38.2894,-12.8878],[-38.2893,-12.8878],[-38.2892,-12.8879],[-38.2896,-12.8878]]],[[[-38.2885,-12.8877],[-38.2886,-12.8877],[-38.2887,-12.8876],[-38.2887,-12.8874],[-38.2885,-12.8877]]],[[[-38.2861,-12.8859],[-38.284,-12.8824],[-38.2811,-12.8796],[-38.2837,-12.8827],[-38.2861,-12.8859]]],[[[-38.2801,-12.8792],[-38.2802,-12.8792],[-38.2804,-12.8792],[-38.2805,-12.8793],[-38.2801,-12.8792]]],[[[-38.2753,-12.8756],[-38.2753,-12.8757],[-38.2751,-12.8757],[-38.2749,-12.8757],[-38.2753,-12.8756]]],[[[-38.272,-12.875],[-38.2722,-12.875],[-38.2722,-12.8748],[-38.2723,-12.8748],[-38.272,-12.875]]],[[[-38.2673,-12.8729],[-38.2674,-12.873],[-38.2676,-12.873],[-38.2678,-12.873],[-38.2673,-12.8729]]],[[[-38.2485,-12.8545],[-38.2487,-12.8545],[-38.2488,-12.8544],[-38.2488,-12.8542],[-38.2485,-12.8545]]],[[[-38.2459,-12.8516],[-38.2461,-12.8516],[-38.2462,-12.8515],[-38.2462,-12.8514],[-38.2459,-12.8516]]],[[[-38.2388,-12.8466],[-38.2389,-12.8466],[-38.2389,-12.8465],[-38.2389,-12.8462],[-38.2388,-12.8466]]],[[[-38.2404,-12.8442],[-38.2415,-12.848],[-38.2406,-12.8441],[-38.2404,-12.8442]]],[[[-38.2394,-12.8429],[-38.2374,-12.8394],[-38.2347,-12.8363],[-38.237,-12.8396],[-38.2394,-12.8429]]],[[[-38.2338,-12.8352],[-38.232,-12.8316],[-38.2289,-12.8289],[-38.2258,-12.8261],[-38.2225,-12.8237],[-38.2255,-12.8265],[-38.2283,-12.8294],[-38.231,-12.8325],[-38.2338,-12.8352]]],[[[-38.2213,-12.8227],[-38.2214,-12.8228],[-38.2214,-12.8226],[-38.2213,-12.8225],[-38.2213,-12.8227]]],[[[-38.7749,-12.8197],[-38.7752,-12.8199],[-38.7752,-12.8197],[-38.7749,-12.8197]]],[[[-38.7749,-12.8197],[-38.773,-12.8161],[-38.7702,-12.8131],[-38.7685,-12.8092],[-38.7666,-12.8057],[-38.7658,-12.8098],[-38.7683,-12.8131],[-38.7708,-12.8164],[-38.7735,-12.8194],[-38.7749,-12.8197]]],[[[-38.5328,-12.7996],[-38.5328,-12.7999],[-38.5331,-12.7999],[-38.5334,-12.8002],[-38.5328,-12.7996]]],[[[-38.5136,-12.7922],[-38.5136,-12.7919],[-38.5134,-12.7919],[-38.5134,-12.7922],[-38.5136,-12.7922]]],[[[-38.5134,-12.7919],[-38.5134,-12.7916],[-38.5134,-12.7913],[-38.5134,-12.7911],[-38.5134,-12.7919]]],[[[-38.5125,-12.79],[-38.5125,-12.7897],[-38.5122,-12.7897],[-38.5122,-12.79],[-38.5125,-12.79]]],[[[-38.5136,-12.7922],[-38.5161,-12.7955],[-38.5189,-12.7985],[-38.5222,-12.8012],[-38.5253,-12.7985],[-38.5295,-12.7988],[-38.5334,-12.7974],[-38.534,-12.7933],[-38.5323,-12.7895],[-38.532,-12.7936],[-38.5301,-12.7971],[-38.5262,-12.7982],[-38.522,-12.7982],[-38.5184,-12.796],[-38.5153,-12.7933],[-38.5136,-12.7922]]],[[[-38.1863,-12.7833],[-38.1864,-12.7833],[-38.1865,-12.7832],[-38.1866,-12.7832],[-38.1863,-12.7833]]],[[[-38.1826,-12.7787],[-38.1825,-12.7788],[-38.1825,-12.7789],[-38.1825,-12.779],[-38.1826,-12.7787]]],[[[-38.1852,-12.7788],[-38.1851,-12.7787],[-38.1849,-12.7787],[-38.1848,-12.7787],[-38.1852,-12.7788]]],[[[-38.1852,-12.7788],[-38.187,-12.7824],[-38.1854,-12.7787],[-38.1852,-12.7788]]],[[[-38.1826,-12.7787],[-38.1826,-12.7787],[-38.1828,-12.7787],[-38.1824,-12.7786],[-38.1826,-12.7787]]],[[[-38.1842,-12.7787],[-38.1844,-12.7787],[-38.1845,-12.7787],[-38.1847,-12.7787],[-38.1842,-12.7787]]],[[[-38.1815,-12.777],[-38.1814,-12.7771],[-38.1812,-12.7771],[-38.1812,-12.7772],[-38.1815,-12.777]]],[[[-38.1805,-12.7772],[-38.1807,-12.7772],[-38.1809,-12.7771],[-38.181,-12.7771],[-38.1805,-12.7772]]],[[[-38.5468,-12.7755],[-38.544,-12.7785],[-38.5457,-12.7824],[-38.5493,-12.7843],[-38.5507,-12.7804],[-38.5471,-12.7782],[-38.5468,-12.7755]]],[[[-38.6134,-12.7707],[-38.6123,-12.7748],[-38.6126,-12.7789],[-38.6131,-12.783],[-38.6145,-12.7869],[-38.615,-12.791],[-38.6189,-12.7899],[-38.6173,-12.786],[-38.617,-12.7819],[-38.6153,-12.7781],[-38.614,-12.7742],[-38.6134,-12.7707]]],[[[-38.1786,-12.7751],[-38.1764,-12.7716],[-38.1785,-12.775],[-38.1786,-12.7751]]],[[[-38.1748,-12.7703],[-38.175,-12.7703],[-38.1751,-12.7702],[-38.1752,-12.7701],[-38.1748,-12.7703]]],[[[-38.1728,-12.7682],[-38.173,-12.7682],[-38.1731,-12.7681],[-38.1732,-12.768],[-38.1728,-12.7682]]],[[[-38.1711,-12.7667],[-38.1713,-12.7667],[-38.1714,-12.7666],[-38.1714,-12.7665],[-38.1711,-12.7667]]],[[[-38.1693,-12.764],[-38.1694,-12.764],[-38.1694,-12.7638],[-38.1694,-12.7636],[-38.1693,-12.764]]],[[[-38.5449,-12.764],[-38.5443,-12.7681],[-38.5426,-12.7719],[-38.5468,-12.7719],[-38.551,-12.7719],[-38.5485,-12.7687],[-38.5479,-12.7645],[-38.5465,-12.7684],[-38.5457,-12.7643],[-38.5449,-12.764]]],[[[-38.7402,-12.7604],[-38.7404,-12.7645],[-38.7438,-12.767],[-38.7432,-12.7629],[-38.7402,-12.7601],[-38.7402,-12.7604]]],[[[-38.6438,-12.7559],[-38.6438,-12.7562],[-38.6435,-12.7562],[-38.6435,-12.7565],[-38.6438,-12.7559]]],[[[-38.6405,-12.754],[-38.6405,-12.7543],[-38.6402,-12.7543],[-38.6402,-12.7545],[-38.6405,-12.754]]],[[[-38.5418,-12.7538],[-38.5416,-12.7537],[-38.5416,-12.7538],[-38.5418,-12.7538]]],[[[-38.5416,-12.7537],[-38.5416,-12.7536],[-38.5413,-12.7536],[-38.5416,-12.7537]]],[[[-38.5418,-12.7538],[-38.5418,-12.7541],[-38.5418,-12.7544],[-38.5418,-12.7547],[-38.5418,-12.7538]]],[[[-38.6093,-12.7479],[-38.6109,-12.7518],[-38.6151,-12.7526],[-38.612,-12.7498],[-38.6093,-12.7479]]],[[[-38.5953,-12.7473],[-38.5951,-12.7471],[-38.5951,-12.7473],[-38.5953,-12.7473]]],[[[-38.6324,-12.7466],[-38.6324,-12.7468],[-38.6321,-12.7468],[-38.6321,-12.7471],[-38.6324,-12.7466]]],[[[-38.5959,-12.743],[-38.5956,-12.7471],[-38.5965,-12.743],[-38.5959,-12.743]]],[[[-38.592,-12.7493],[-38.5959,-12.7504],[-38.5931,-12.7473],[-38.5917,-12.7435],[-38.5892,-12.7402],[-38.5873,-12.7438],[-38.5892,-12.7473],[-38.592,-12.7493]]],[[[-38.592,-12.749],[-38.5923,-12.749],[-38.5923,-12.7493],[-38.592,-12.7493],[-38.592,-12.749]]],[[[-38.7137,-12.7395],[-38.7168,-12.7423],[-38.7187,-12.7461],[-38.7187,-12.742],[-38.7157,-12.7393],[-38.7137,-12.7395]]],[[[-38.5912,-12.7399],[-38.5912,-12.7402],[-38.5912,-12.7405],[-38.5914,-12.7402],[-38.5912,-12.7399]]],[[[-38.7235,-12.7379],[-38.7232,-12.742],[-38.7274,-12.7412],[-38.7254,-12.7376],[-38.7235,-12.7379]]],[[[-38.5552,-12.736],[-38.5555,-12.736],[-38.5555,-12.7358],[-38.5555,-12.7355],[-38.5552,-12.736]]],[[[-38.5449,-12.7322],[-38.5455,-12.7363],[-38.546,-12.7404],[-38.5469,-12.7445],[-38.5508,-12.7456],[-38.5549,-12.7456],[-38.5569,-12.7492],[-38.5591,-12.7528],[-38.5597,-12.7487],[-38.5577,-12.7451],[-38.5552,-12.7418],[-38.5511,-12.7426],[-38.5483,-12.7396],[-38.5472,-12.7355],[-38.5458,-12.7316],[-38.5449,-12.7322]]],[[[-38.55,-12.7289],[-38.55,-12.733],[-38.5519,-12.7366],[-38.5522,-12.7325],[-38.5516,-12.7284],[-38.55,-12.7289]]],[[[-38.6998,-12.7162],[-38.6979,-12.7198],[-38.6979,-12.7239],[-38.697,-12.728],[-38.7006,-12.7299],[-38.7012,-12.7258],[-38.7018,-12.7217],[-38.7023,-12.7176],[-38.6998,-12.7162]]],[[[-38.706,-12.6869],[-38.7057,-12.6869],[-38.7054,-12.6869],[-38.7052,-12.6869],[-38.706,-12.6869]]],[[[-38.706,-12.6869],[-38.706,-12.6866],[-38.7059,-12.6866],[-38.706,-12.6869]]],[[[-38.7059,-12.6866],[-38.7057,-12.6863],[-38.7057,-12.6866],[-38.7059,-12.6866]]],[[[-38.6929,-12.6874],[-38.6971,-12.6869],[-38.6993,-12.6904],[-38.6996,-12.6863],[-38.6957,-12.6852],[-38.6915,-12.686],[-38.6929,-12.6874]]],[[[-38.6932,-12.6869],[-38.6935,-12.6869],[-38.6935,-12.6866],[-38.6937,-12.6863],[-38.6932,-12.6869]]],[[[-38.6929,-12.6871],[-38.6932,-12.6871],[-38.6932,-12.6874],[-38.6929,-12.6874],[-38.6929,-12.6871]]],[[[-38.0929,-12.6786],[-38.0929,-12.6787],[-38.0927,-12.6787],[-38.0925,-12.6787],[-38.0929,-12.6786]]],[[[-38.0822,-12.6683],[-38.0836,-12.6721],[-38.0862,-12.6752],[-38.0893,-12.6779],[-38.088,-12.674],[-38.0858,-12.6706],[-38.0825,-12.6681],[-38.0822,-12.6683]]],[[[-38.0635,-12.6521],[-38.0634,-12.6522],[-38.0633,-12.6521],[-38.0631,-12.6521],[-38.0635,-12.6521]]],[[[-38.0617,-12.6508],[-38.0618,-12.6509],[-38.0619,-12.651],[-38.062,-12.6511],[-38.0617,-12.6508]]],[[[-38.0408,-12.6272],[-38.0406,-12.6312],[-38.0425,-12.6348],[-38.0457,-12.6374],[-38.0493,-12.6391],[-38.0476,-12.6354],[-38.0453,-12.632],[-38.0446,-12.6281],[-38.0408,-12.6272]]],[[[-38.0087,-12.5845],[-38.0087,-12.5847],[-38.0087,-12.5848],[-38.0087,-12.585],[-38.0087,-12.5845]]],[[[-38.0148,-12.5862],[-38.0149,-12.5862],[-38.0151,-12.5862],[-38.0152,-12.5862],[-38.0148,-12.5862]]],[[[-38.0043,-12.5823],[-38.0082,-12.5834],[-38.0053,-12.5805],[-38.0043,-12.5823]]],[[[-36.0188,-10.0523],[-36.0184,-10.0563],[-36.0205,-10.06],[-36.0217,-10.0561],[-36.0199,-10.0525],[-36.0188,-10.0523]]],[[[-35.605,-9.5552],[-35.605,-9.5552],[-35.6051,-9.5552],[-35.6051,-9.5552],[-35.605,-9.5552]]],[[[-35.6038,-9.5542],[-35.6039,-9.5543],[-35.6039,-9.5543],[-35.604,-9.5543],[-35.6038,-9.5542]]],[[[-35.6023,-9.5531],[-35.6023,-9.5531],[-35.6025,-9.5534],[-35.6025,-9.5535],[-35.6023,-9.5531]]],[[[-35.6008,-9.5509],[-35.6008,-9.551],[-35.6008,-9.551],[-35.6008,-9.5509],[-35.6008,-9.5509]]],[[[-35.5841,-9.5328],[-35.5841,-9.5329],[-35.584,-9.5329],[-35.5841,-9.533],[-35.5841,-9.5328]]],[[[-35.5858,-9.53],[-35.5858,-9.5301],[-35.5858,-9.5301],[-35.5856,-9.5301],[-35.5858,-9.53]]],[[[-35.588,-9.5256],[-35.588,-9.5256],[-35.5884,-9.5256],[-35.5884,-9.5256],[-35.588,-9.5256]]],[[[-35.5799,-9.5245],[-35.58,-9.5285],[-35.5827,-9.5315],[-35.5836,-9.5276],[-35.5804,-9.5252],[-35.5799,-9.5245]]],[[[-35.5884,-9.5181],[-35.5887,-9.5224],[-35.5895,-9.5184],[-35.5884,-9.5181]]],[[[-35.5681,-9.5126],[-35.5679,-9.5127],[-35.5679,-9.5128],[-35.5678,-9.5129],[-35.5681,-9.5126]]],[[[-35.5853,-9.5111],[-35.5852,-9.5112],[-35.5853,-9.5113],[-35.5853,-9.5113],[-35.5853,-9.5111]]],[[[-35.5626,-9.5087],[-35.5626,-9.5088],[-35.5627,-9.5088],[-35.5627,-9.5087],[-35.5626,-9.5087]]],[[[-35.568,-9.5081],[-35.568,-9.5084],[-35.568,-9.5084],[-35.5682,-9.5084],[-35.568,-9.5081]]],[[[-35.5595,-9.5049],[-35.5595,-9.505],[-35.5595,-9.505],[-35.5595,-9.5049],[-35.5595,-9.5049]]],[[[-35.5785,-9.5039],[-35.5785,-9.5039],[-35.5786,-9.5039],[-35.5786,-9.5039],[-35.5785,-9.5039]]],[[[-35.5691,-9.5016],[-35.5689,-9.5016],[-35.5688,-9.5016],[-35.5688,-9.5014],[-35.5691,-9.5016]]],[[[-35.5526,-9.4983],[-35.5545,-9.502],[-35.5576,-9.5046],[-35.5554,-9.5012],[-35.5527,-9.4983],[-35.5526,-9.4983]]],[[[-35.5494,-9.4959],[-35.5494,-9.496],[-35.5495,-9.496],[-35.5495,-9.4959],[-35.5494,-9.4959]]],[[[-35.552,-9.4947],[-35.552,-9.4948],[-35.5521,-9.4948],[-35.5521,-9.4948],[-35.552,-9.4947]]],[[[-35.5462,-9.492],[-35.5462,-9.492],[-35.5462,-9.492],[-35.5462,-9.492],[-35.5462,-9.492]]],[[[-35.5458,-9.4927],[-35.5458,-9.4928],[-35.5459,-9.4928],[-35.546,-9.4927],[-35.5458,-9.4927]]],[[[-35.5464,-9.4911],[-35.5463,-9.4913],[-35.5463,-9.4915],[-35.5463,-9.4915],[-35.5464,-9.4911]]],[[[-35.5475,-9.4893],[-35.5474,-9.4893],[-35.5474,-9.4892],[-35.5472,-9.4892],[-35.5475,-9.4893]]],[[[-35.5454,-9.4886],[-35.5454,-9.4887],[-35.5456,-9.4889],[-35.5457,-9.4889],[-35.5454,-9.4886]]],[[[-35.5374,-9.4774],[-35.5374,-9.4775],[-35.5375,-9.4776],[-35.5375,-9.4777],[-35.5374,-9.4774]]],[[[-35.5332,-9.4759],[-35.5332,-9.4759],[-35.5332,-9.4759],[-35.5332,-9.4759],[-35.5332,-9.4759]]],[[[-35.5332,-9.4758],[-35.5333,-9.4758],[-35.5333,-9.4758],[-35.5333,-9.4758],[-35.5332,-9.4758]]],[[[-35.5501,-9.4757],[-35.5501,-9.4757],[-35.5502,-9.4757],[-35.5502,-9.4758],[-35.5501,-9.4757]]],[[[-35.5456,-9.4744],[-35.5455,-9.4745],[-35.5455,-9.4745],[-35.5455,-9.4746],[-35.5456,-9.4744]]],[[[-35.5274,-9.473],[-35.5274,-9.4732],[-35.5274,-9.4733],[-35.5274,-9.4734],[-35.5274,-9.473]]],[[[-35.5332,-9.4759],[-35.5306,-9.4728],[-35.5321,-9.4765],[-35.5332,-9.4759]]],[[[-35.5293,-9.4713],[-35.5292,-9.4714],[-35.529,-9.4714],[-35.529,-9.4715],[-35.5293,-9.4713]]],[[[-35.5367,-9.4708],[-35.5366,-9.4709],[-35.5365,-9.4709],[-35.5365,-9.4709],[-35.5367,-9.4708]]],[[[-35.5392,-9.4711],[-35.5391,-9.4712],[-35.5391,-9.4712],[-35.5391,-9.4713],[-35.5392,-9.4711]]],[[[-35.5291,-9.4706],[-35.5291,-9.4706],[-35.5291,-9.4706],[-35.5292,-9.4707],[-35.5291,-9.4706]]],[[[-35.5457,-9.4703],[-35.5433,-9.4735],[-35.54,-9.4758],[-35.5438,-9.4778],[-35.5424,-9.474],[-35.5455,-9.4715],[-35.5489,-9.474],[-35.5468,-9.4706],[-35.5457,-9.4703]]],[[[-35.5455,-9.4759],[-35.5415,-9.4763],[-35.5455,-9.4758],[-35.5455,-9.4759]]],[[[-35.5382,-9.4694],[-35.5381,-9.4695],[-35.5381,-9.4696],[-35.538,-9.4697],[-35.5382,-9.4694]]],[[[-35.5363,-9.4687],[-35.5362,-9.4688],[-35.5362,-9.4688],[-35.5361,-9.4688],[-35.5363,-9.4687]]],[[[-35.5411,-9.4678],[-35.541,-9.468],[-35.541,-9.4681],[-35.5409,-9.4682],[-35.5411,-9.4678]]],[[[-35.5433,-9.4677],[-35.5436,-9.468],[-35.5436,-9.468],[-35.5437,-9.468],[-35.5433,-9.4677]]],[[[-35.5303,-9.4678],[-35.5303,-9.4678],[-35.5304,-9.4678],[-35.5305,-9.4679],[-35.5303,-9.4678]]],[[[-35.5389,-9.4659],[-35.5389,-9.4659],[-35.5392,-9.4659],[-35.5392,-9.4659],[-35.5389,-9.4659]]],[[[-35.5254,-9.4586],[-35.5254,-9.4587],[-35.5254,-9.4587],[-35.5254,-9.4587],[-35.5254,-9.4586]]],[[[-35.5235,-9.4579],[-35.5249,-9.4617],[-35.5237,-9.4579],[-35.5235,-9.4579]]],[[[-35.5213,-9.4557],[-35.5214,-9.4559],[-35.5214,-9.4559],[-35.5214,-9.456],[-35.5213,-9.4557]]],[[[-35.5271,-9.4508],[-35.527,-9.4509],[-35.527,-9.4514],[-35.527,-9.4514],[-35.5271,-9.4508]]],[[[-35.5264,-9.4506],[-35.5264,-9.4506],[-35.5266,-9.4506],[-35.5266,-9.4505],[-35.5264,-9.4506]]],[[[-35.5067,-9.4492],[-35.5096,-9.452],[-35.5068,-9.4492],[-35.5067,-9.4492]]],[[[-35.5104,-9.4512],[-35.5104,-9.4512],[-35.5105,-9.4512],[-35.5106,-9.4513],[-35.5104,-9.4512]]],[[[-35.5113,-9.452],[-35.5113,-9.452],[-35.5113,-9.452],[-35.5113,-9.4519],[-35.5113,-9.452]]],[[[-35.5264,-9.4489],[-35.5264,-9.449],[-35.5265,-9.449],[-35.5265,-9.4489],[-35.5264,-9.4489]]],[[[-35.5039,-9.444],[-35.5039,-9.4443],[-35.5039,-9.4443],[-35.504,-9.4443],[-35.5039,-9.444]]],[[[-35.5116,-9.4459],[-35.51,-9.4422],[-35.5081,-9.4458],[-35.5115,-9.4481],[-35.5155,-9.4483],[-35.5141,-9.4445],[-35.5116,-9.4459]]],[[[-35.5116,-9.446],[-35.5115,-9.446],[-35.5115,-9.446],[-35.5116,-9.446],[-35.5116,-9.446]]],[[[-35.5098,-9.4455],[-35.5098,-9.4454],[-35.5097,-9.4454],[-35.5097,-9.4454],[-35.5098,-9.4455]]],[[[-35.5115,-9.4464],[-35.5116,-9.4465],[-35.5116,-9.4467],[-35.5116,-9.4467],[-35.5115,-9.4464]]],[[[-35.5107,-9.4467],[-35.5107,-9.4468],[-35.5108,-9.4468],[-35.5108,-9.4468],[-35.5107,-9.4467]]],[[[-35.5111,-9.4417],[-35.5111,-9.4419],[-35.5112,-9.442],[-35.5116,-9.442],[-35.5111,-9.4417]]],[[[-35.5112,-9.4416],[-35.5112,-9.4416],[-35.5112,-9.4416],[-35.5112,-9.4416],[-35.5112,-9.4416]]],[[[-35.5112,-9.4416],[-35.5112,-9.4416],[-35.5112,-9.4415],[-35.5112,-9.4415],[-35.5112,-9.4416]]],[[[-35.5112,-9.4415],[-35.5113,-9.4415],[-35.5113,-9.4414],[-35.5112,-9.4414],[-35.5112,-9.4415]]],[[[-35.5096,-9.4414],[-35.5095,-9.4415],[-35.5095,-9.4416],[-35.5096,-9.4417],[-35.5096,-9.4414]]],[[[-35.5101,-9.4412],[-35.5101,-9.4412],[-35.5101,-9.4412],[-35.5101,-9.4412],[-35.5101,-9.4412]]],[[[-35.5103,-9.4411],[-35.5102,-9.4411],[-35.5102,-9.4412],[-35.5103,-9.4412],[-35.5103,-9.4411]]],[[[-35.5103,-9.4411],[-35.5103,-9.4411],[-35.5103,-9.441],[-35.5103,-9.441],[-35.5103,-9.4411]]],[[[-35.5103,-9.441],[-35.5135,-9.4435],[-35.5118,-9.4398],[-35.5103,-9.441]]],[[[-35.4953,-9.4342],[-35.4953,-9.4343],[-35.4953,-9.4343],[-35.4953,-9.4342],[-35.4953,-9.4342]]],[[[-35.4953,-9.4343],[-35.4936,-9.4306],[-35.4933,-9.4347],[-35.4953,-9.4381],[-35.498,-9.441],[-35.4991,-9.4371],[-35.4959,-9.4346],[-35.4953,-9.4343]]],[[[-35.498,-9.4378],[-35.498,-9.4379],[-35.498,-9.4379],[-35.4981,-9.4379],[-35.498,-9.4378]]],[[[-35.4967,-9.4389],[-35.4967,-9.4389],[-35.4967,-9.439],[-35.4968,-9.439],[-35.4967,-9.4389]]],[[[-35.4706,-9.4078],[-35.4706,-9.4079],[-35.4706,-9.408],[-35.4706,-9.408],[-35.4706,-9.4078]]],[[[-35.4817,-9.4071],[-35.4818,-9.4072],[-35.4818,-9.4072],[-35.4819,-9.4072],[-35.4817,-9.4071]]],[[[-35.4631,-9.3776],[-35.4631,-9.3776],[-35.4631,-9.3776],[-35.4631,-9.3774],[-35.4631,-9.3776]]],[[[-35.4524,-9.3655],[-35.4524,-9.366],[-35.4525,-9.3661],[-35.4525,-9.3662],[-35.4524,-9.3655]]],[[[-35.4514,-9.3653],[-35.4514,-9.3653],[-35.4514,-9.3653],[-35.4515,-9.3654],[-35.4514,-9.3653]]],[[[-35.4584,-9.3635],[-35.4584,-9.3636],[-35.4585,-9.3637],[-35.4585,-9.3638],[-35.4584,-9.3635]]],[[[-35.4537,-9.3631],[-35.4536,-9.3632],[-35.4536,-9.3635],[-35.4536,-9.3635],[-35.4537,-9.3631]]],[[[-35.4517,-9.3616],[-35.4517,-9.3617],[-35.4518,-9.3617],[-35.4518,-9.3617],[-35.4517,-9.3616]]],[[[-35.4521,-9.3624],[-35.4519,-9.3624],[-35.4519,-9.3624],[-35.4518,-9.3624],[-35.4521,-9.3624]]],[[[-35.4457,-9.3548],[-35.4459,-9.3549],[-35.446,-9.3549],[-35.4462,-9.3548],[-35.4457,-9.3548]]],[[[-35.449,-9.3517],[-35.4489,-9.3517],[-35.449,-9.3518],[-35.4489,-9.3519],[-35.449,-9.3517]]],[[[-35.464,-9.3518],[-35.464,-9.3524],[-35.4639,-9.3524],[-35.4639,-9.3525],[-35.464,-9.3518]]],[[[-35.4643,-9.3515],[-35.4643,-9.3515],[-35.4643,-9.3515],[-35.4643,-9.3515],[-35.4643,-9.3515]]],[[[-35.4645,-9.3511],[-35.4645,-9.3511],[-35.4646,-9.3511],[-35.4645,-9.3511],[-35.4645,-9.3511]]],[[[-35.4429,-9.3495],[-35.4429,-9.3496],[-35.443,-9.3497],[-35.443,-9.3501],[-35.4429,-9.3495]]],[[[-35.4481,-9.3486],[-35.4481,-9.3486],[-35.4482,-9.3486],[-35.4482,-9.3486],[-35.4481,-9.3486]]],[[[-35.4489,-9.3495],[-35.4491,-9.3497],[-35.4491,-9.3498],[-35.4491,-9.3498],[-35.4489,-9.3495]]],[[[-35.4318,-9.3427],[-35.4349,-9.3455],[-35.4371,-9.3489],[-35.4357,-9.3443],[-35.4318,-9.3427],[-35.4318,-9.3427]]],[[[-35.4386,-9.3353],[-35.4386,-9.3353],[-35.4386,-9.3353],[-35.4386,-9.3352],[-35.4386,-9.3353]]],[[[-35.4137,-9.331],[-35.4137,-9.3311],[-35.4138,-9.3312],[-35.4138,-9.3313],[-35.4137,-9.331]]],[[[-35.4122,-9.3304],[-35.412,-9.3344],[-35.4124,-9.3304],[-35.4122,-9.3304]]],[[[-35.4106,-9.33],[-35.4104,-9.3302],[-35.4104,-9.3304],[-35.4104,-9.3304],[-35.4106,-9.33]]],[[[-35.4113,-9.3288],[-35.4114,-9.3291],[-35.4114,-9.3292],[-35.4115,-9.3292],[-35.4113,-9.3288]]],[[[-35.4093,-9.329],[-35.4093,-9.329],[-35.4093,-9.329],[-35.4094,-9.3289],[-35.4093,-9.329]]],[[[-35.4137,-9.3277],[-35.4134,-9.3277],[-35.4133,-9.3277],[-35.4132,-9.3277],[-35.4137,-9.3277]]],[[[-35.4114,-9.3267],[-35.4114,-9.3268],[-35.4118,-9.3268],[-35.4119,-9.3267],[-35.4114,-9.3267]]],[[[-35.4102,-9.3262],[-35.4103,-9.3262],[-35.4103,-9.3263],[-35.4104,-9.3264],[-35.4102,-9.3262]]],[[[-35.4037,-9.3238],[-35.4057,-9.3273],[-35.4083,-9.3304],[-35.4076,-9.3264],[-35.4045,-9.3239],[-35.4037,-9.3238]]],[[[-35.3989,-9.3184],[-35.399,-9.3186],[-35.399,-9.3187],[-35.3992,-9.3187],[-35.3989,-9.3184]]],[[[-35.3951,-9.3176],[-35.3951,-9.3177],[-35.395,-9.3177],[-35.395,-9.3177],[-35.3951,-9.3176]]],[[[-35.4027,-9.3179],[-35.3994,-9.3203],[-35.4023,-9.3231],[-35.4039,-9.3194],[-35.4027,-9.3179]]],[[[-35.3976,-9.315],[-35.3975,-9.3151],[-35.3975,-9.315],[-35.3975,-9.315],[-35.3976,-9.315]]],[[[-35.3871,-9.3108],[-35.387,-9.3109],[-35.387,-9.3109],[-35.3869,-9.311],[-35.3871,-9.3108]]],[[[-35.3968,-9.3103],[-35.3968,-9.3104],[-35.3967,-9.3105],[-35.3961,-9.3105],[-35.3968,-9.3103]]],[[[-35.3871,-9.3091],[-35.3884,-9.3128],[-35.3909,-9.3161],[-35.3891,-9.3125],[-35.3872,-9.309],[-35.3871,-9.3091]]],[[[-35.3949,-9.3095],[-35.3949,-9.3096],[-35.3951,-9.3096],[-35.3951,-9.3095],[-35.3949,-9.3095]]],[[[-35.3855,-9.3081],[-35.3856,-9.3084],[-35.3856,-9.3084],[-35.3857,-9.3084],[-35.3855,-9.3081]]],[[[-35.3874,-9.308],[-35.3874,-9.308],[-35.3875,-9.308],[-35.3875,-9.308],[-35.3874,-9.308]]],[[[-35.3873,-9.3079],[-35.3873,-9.3079],[-35.3874,-9.3079],[-35.3874,-9.3079],[-35.3873,-9.3079]]],[[[-35.4,-9.3079],[-35.4,-9.3079],[-35.3999,-9.3079],[-35.3999,-9.308],[-35.4,-9.3079]]],[[[-35.3986,-9.3092],[-35.3985,-9.3092],[-35.3985,-9.3091],[-35.3986,-9.3091],[-35.3986,-9.3092]]],[[[-35.3987,-9.3094],[-35.3986,-9.3094],[-35.3986,-9.3093],[-35.3987,-9.3093],[-35.3987,-9.3094]]],[[[-35.3987,-9.3095],[-35.3987,-9.3095],[-35.3987,-9.3095],[-35.3987,-9.3094],[-35.3987,-9.3095]]],[[[-35.3987,-9.3095],[-35.3988,-9.3095],[-35.3988,-9.3095],[-35.3987,-9.3095],[-35.3987,-9.3095]]],[[[-35.4039,-9.3073],[-35.4048,-9.3112],[-35.4088,-9.312],[-35.4067,-9.3085],[-35.4039,-9.3073]]],[[[-35.4049,-9.3098],[-35.4049,-9.31],[-35.405,-9.3101],[-35.405,-9.3101],[-35.4049,-9.3098]]],[[[-35.3997,-9.3081],[-35.3997,-9.308],[-35.3998,-9.308],[-35.3998,-9.3079],[-35.3997,-9.3081]]],[[[-35.4006,-9.306],[-35.4006,-9.3063],[-35.4007,-9.3064],[-35.4007,-9.3067],[-35.4006,-9.306]]],[[[-35.3839,-9.3056],[-35.3839,-9.3056],[-35.384,-9.3056],[-35.384,-9.3057],[-35.3839,-9.3056]]],[[[-35.3978,-9.3058],[-35.3977,-9.3058],[-35.3976,-9.3057],[-35.3975,-9.3057],[-35.3978,-9.3058]]],[[[-35.3978,-9.3058],[-35.3978,-9.3058],[-35.3979,-9.3059],[-35.3979,-9.3059],[-35.3978,-9.3058]]],[[[-35.3915,-9.3026],[-35.3876,-9.3038],[-35.388,-9.3078],[-35.3908,-9.3107],[-35.3935,-9.3076],[-35.3928,-9.3037],[-35.3915,-9.3026]]],[[[-35.3874,-9.3052],[-35.3875,-9.3053],[-35.3876,-9.3053],[-35.3877,-9.3054],[-35.3874,-9.3052]]],[[[-35.3921,-9.3008],[-35.3921,-9.301],[-35.3923,-9.301],[-35.3923,-9.3009],[-35.3921,-9.3008]]],[[[-35.3802,-9.3006],[-35.3803,-9.3006],[-35.3803,-9.3008],[-35.3803,-9.3008],[-35.3802,-9.3006]]],[[[-35.3792,-9.2982],[-35.3791,-9.2983],[-35.379,-9.2983],[-35.3789,-9.2983],[-35.3792,-9.2982]]],[[[-35.3801,-9.2979],[-35.38,-9.298],[-35.38,-9.298],[-35.3799,-9.2981],[-35.3801,-9.2979]]],[[[-35.3811,-9.2977],[-35.3811,-9.2977],[-35.3813,-9.2977],[-35.3813,-9.2977],[-35.3811,-9.2977]]],[[[-35.3917,-9.2979],[-35.3917,-9.2979],[-35.3917,-9.2979],[-35.3918,-9.298],[-35.3917,-9.2979]]],[[[-35.3892,-9.2961],[-35.3892,-9.2962],[-35.3892,-9.2962],[-35.3892,-9.2961],[-35.3892,-9.2961]]],[[[-35.3901,-9.2949],[-35.3901,-9.295],[-35.39,-9.2949],[-35.39,-9.2949],[-35.3901,-9.2949]]],[[[-35.3919,-9.2943],[-35.3919,-9.2944],[-35.3919,-9.2944],[-35.3919,-9.2943],[-35.3919,-9.2943]]],[[[-35.3754,-9.2934],[-35.3754,-9.2935],[-35.3753,-9.2935],[-35.3753,-9.2935],[-35.3754,-9.2934]]],[[[-35.3745,-9.2931],[-35.3745,-9.2935],[-35.3745,-9.2935],[-35.3745,-9.2937],[-35.3745,-9.2931]]],[[[-35.3828,-9.2927],[-35.3834,-9.2967],[-35.3874,-9.2973],[-35.3867,-9.2934],[-35.3828,-9.2927]]],[[[-35.3864,-9.2955],[-35.3864,-9.2955],[-35.3863,-9.2955],[-35.3863,-9.2955],[-35.3864,-9.2955]]],[[[-35.3777,-9.2925],[-35.3777,-9.2926],[-35.3776,-9.2925],[-35.3776,-9.2926],[-35.3777,-9.2925]]],[[[-35.386,-9.2917],[-35.3859,-9.2918],[-35.3859,-9.2917],[-35.3858,-9.2917],[-35.386,-9.2917]]],[[[-35.3687,-9.2904],[-35.3687,-9.2905],[-35.3687,-9.2905],[-35.3687,-9.2904],[-35.3687,-9.2904]]],[[[-35.3854,-9.2869],[-35.3853,-9.287],[-35.3853,-9.2871],[-35.3854,-9.2872],[-35.3854,-9.2869]]],[[[-35.3834,-9.285],[-35.3834,-9.2853],[-35.3834,-9.2853],[-35.3834,-9.2854],[-35.3834,-9.285]]],[[[-35.3798,-9.2848],[-35.3822,-9.288],[-35.3805,-9.2843],[-35.3798,-9.2848]]],[[[-35.3726,-9.2831],[-35.3726,-9.2832],[-35.3725,-9.2832],[-35.3725,-9.2834],[-35.3726,-9.2831]]],[[[-35.3768,-9.2828],[-35.3768,-9.2828],[-35.3768,-9.2828],[-35.3768,-9.2828],[-35.3768,-9.2828]]],[[[-35.3769,-9.2828],[-35.3768,-9.2828],[-35.3768,-9.2828],[-35.3769,-9.2828],[-35.3769,-9.2828]]],[[[-35.3756,-9.2826],[-35.3755,-9.2827],[-35.3755,-9.2829],[-35.3755,-9.2829],[-35.3756,-9.2826]]],[[[-35.3718,-9.2823],[-35.3718,-9.2828],[-35.3718,-9.2828],[-35.3718,-9.2828],[-35.3718,-9.2823]]],[[[-35.3762,-9.2818],[-35.376,-9.2819],[-35.3761,-9.2819],[-35.3761,-9.282],[-35.3762,-9.2818]]],[[[-35.3745,-9.2817],[-35.3744,-9.2818],[-35.3744,-9.2818],[-35.3744,-9.2819],[-35.3745,-9.2817]]],[[[-35.3782,-9.2817],[-35.3782,-9.282],[-35.3781,-9.2821],[-35.3781,-9.2822],[-35.3782,-9.2817]]],[[[-35.3754,-9.2811],[-35.3754,-9.2812],[-35.3753,-9.2813],[-35.3751,-9.2813],[-35.3754,-9.2811]]],[[[-35.374,-9.2808],[-35.374,-9.2809],[-35.374,-9.2809],[-35.3739,-9.2809],[-35.374,-9.2808]]],[[[-35.3704,-9.2816],[-35.3705,-9.2816],[-35.3705,-9.2816],[-35.3706,-9.2817],[-35.3704,-9.2816]]],[[[-35.365,-9.28],[-35.3661,-9.2842],[-35.368,-9.2879],[-35.372,-9.2889],[-35.3686,-9.2865],[-35.3666,-9.283],[-35.365,-9.28]]],[[[-35.3736,-9.2792],[-35.3735,-9.2793],[-35.3735,-9.2793],[-35.3734,-9.2793],[-35.3736,-9.2792]]],[[[-35.3742,-9.2796],[-35.3742,-9.2797],[-35.3741,-9.2798],[-35.3741,-9.2798],[-35.3742,-9.2796]]],[[[-35.3732,-9.2798],[-35.3731,-9.2798],[-35.3731,-9.2797],[-35.3732,-9.2797],[-35.3732,-9.2798]]],[[[-35.3729,-9.2799],[-35.3729,-9.2799],[-35.3728,-9.2799],[-35.3728,-9.28],[-35.3729,-9.2799]]],[[[-35.3728,-9.28],[-35.3727,-9.28],[-35.3727,-9.28],[-35.3728,-9.28],[-35.3728,-9.28]]],[[[-35.3678,-9.2766],[-35.3678,-9.2767],[-35.3678,-9.2768],[-35.3678,-9.2769],[-35.3678,-9.2766]]],[[[-35.3682,-9.2777],[-35.3682,-9.2777],[-35.3682,-9.2777],[-35.3682,-9.2777],[-35.3682,-9.2777]]],[[[-35.3701,-9.2741],[-35.3683,-9.278],[-35.3722,-9.2793],[-35.3712,-9.2754],[-35.3701,-9.2741]]],[[[-35.3688,-9.2728],[-35.3688,-9.2728],[-35.3689,-9.2729],[-35.3689,-9.2733],[-35.3688,-9.2728]]],[[[-35.3678,-9.2722],[-35.3678,-9.2725],[-35.3678,-9.2725],[-35.3678,-9.2726],[-35.3678,-9.2722]]],[[[-35.3635,-9.27],[-35.3635,-9.2701],[-35.3636,-9.2701],[-35.3636,-9.27],[-35.3635,-9.27]]],[[[-35.353,-9.2688],[-35.3539,-9.2731],[-35.3549,-9.2691],[-35.353,-9.2688]]],[[[-35.3546,-9.2705],[-35.3547,-9.2705],[-35.3548,-9.2705],[-35.3549,-9.2705],[-35.3546,-9.2705]]],[[[-35.3542,-9.2711],[-35.3542,-9.2711],[-35.3543,-9.2711],[-35.3543,-9.2712],[-35.3542,-9.2711]]],[[[-35.3546,-9.2714],[-35.3547,-9.2714],[-35.3547,-9.2714],[-35.3547,-9.2714],[-35.3546,-9.2714]]],[[[-35.3635,-9.2673],[-35.3605,-9.2702],[-35.3615,-9.2741],[-35.3636,-9.2776],[-35.3653,-9.2739],[-35.3654,-9.2699],[-35.3635,-9.2673]]],[[[-35.3637,-9.2712],[-35.3629,-9.2751],[-35.3634,-9.271],[-35.3637,-9.2712]]],[[[-35.3616,-9.2719],[-35.3616,-9.272],[-35.3618,-9.272],[-35.3619,-9.2721],[-35.3616,-9.2719]]],[[[-35.3634,-9.2672],[-35.3634,-9.2673],[-35.3634,-9.2673],[-35.3634,-9.2673],[-35.3634,-9.2672]]],[[[-35.3634,-9.2672],[-35.3634,-9.267],[-35.3633,-9.2669],[-35.3633,-9.2668],[-35.3634,-9.2672]]],[[[-35.353,-9.2661],[-35.353,-9.2661],[-35.353,-9.2661],[-35.353,-9.2661],[-35.353,-9.2661]]],[[[-35.3529,-9.2661],[-35.3529,-9.2661],[-35.353,-9.2661],[-35.353,-9.266],[-35.3529,-9.2661]]],[[[-35.3543,-9.2659],[-35.3543,-9.2659],[-35.3542,-9.2659],[-35.3542,-9.266],[-35.3543,-9.2659]]],[[[-35.3588,-9.264],[-35.3586,-9.2642],[-35.3585,-9.2642],[-35.3585,-9.2642],[-35.3588,-9.264]]],[[[-35.3597,-9.263],[-35.3597,-9.263],[-35.3597,-9.263],[-35.3596,-9.2631],[-35.3597,-9.263]]],[[[-35.3516,-9.2618],[-35.3519,-9.262],[-35.3519,-9.262],[-35.3519,-9.262],[-35.3516,-9.2618]]],[[[-35.3509,-9.2604],[-35.351,-9.2606],[-35.3512,-9.2606],[-35.3513,-9.2604],[-35.3509,-9.2604]]],[[[-35.354,-9.2598],[-35.354,-9.2598],[-35.3541,-9.2598],[-35.3541,-9.2599],[-35.354,-9.2598]]],[[[-35.3455,-9.2564],[-35.3455,-9.2564],[-35.3456,-9.2564],[-35.3456,-9.2563],[-35.3455,-9.2564]]],[[[-35.353,-9.2558],[-35.3498,-9.2582],[-35.3499,-9.2623],[-35.3529,-9.2649],[-35.3557,-9.2678],[-35.3574,-9.2642],[-35.357,-9.2602],[-35.3544,-9.2571],[-35.353,-9.2558]]],[[[-35.3506,-9.2583],[-35.3521,-9.2621],[-35.3502,-9.2583],[-35.3506,-9.2583]]],[[[-35.3542,-9.2615],[-35.3542,-9.2615],[-35.3541,-9.2615],[-35.3541,-9.2614],[-35.3542,-9.2615]]],[[[-35.3549,-9.2609],[-35.3549,-9.2609],[-35.3549,-9.2609],[-35.3549,-9.261],[-35.3549,-9.2609]]],[[[-35.3523,-9.2585],[-35.3524,-9.2586],[-35.3524,-9.2586],[-35.3524,-9.2586],[-35.3523,-9.2585]]],[[[-35.3464,-9.2526],[-35.3464,-9.2526],[-35.346,-9.2526],[-35.3459,-9.2527],[-35.3464,-9.2526]]],[[[-35.3433,-9.2497],[-35.3433,-9.2498],[-35.3433,-9.2499],[-35.3433,-9.2501],[-35.3433,-9.2497]]],[[[-35.3447,-9.2508],[-35.3447,-9.2509],[-35.3447,-9.2509],[-35.3446,-9.251],[-35.3447,-9.2508]]],[[[-35.3472,-9.2497],[-35.3467,-9.2497],[-35.3467,-9.2496],[-35.3465,-9.2496],[-35.3472,-9.2497]]],[[[-35.3466,-9.2455],[-35.3466,-9.2456],[-35.3465,-9.2457],[-35.3465,-9.2457],[-35.3466,-9.2455]]],[[[-35.3347,-9.2447],[-35.3347,-9.2448],[-35.3348,-9.2448],[-35.3348,-9.2447],[-35.3347,-9.2447]]],[[[-35.3331,-9.2427],[-35.3331,-9.2427],[-35.3331,-9.2428],[-35.3331,-9.2428],[-35.3331,-9.2427]]],[[[-35.3327,-9.2408],[-35.3327,-9.2409],[-35.3326,-9.2409],[-35.3326,-9.2409],[-35.3327,-9.2408]]],[[[-35.3425,-9.2409],[-35.342,-9.2449],[-35.346,-9.2445],[-35.3433,-9.2412],[-35.3425,-9.2409]]],[[[-35.3244,-9.2373],[-35.3245,-9.2373],[-35.3245,-9.2373],[-35.3245,-9.2373],[-35.3244,-9.2373]]],[[[-35.321,-9.233],[-35.321,-9.2331],[-35.3212,-9.233],[-35.3212,-9.2331],[-35.321,-9.233]]],[[[-35.3288,-9.2315],[-35.3288,-9.2316],[-35.3289,-9.2316],[-35.329,-9.2316],[-35.3288,-9.2315]]],[[[-35.3234,-9.2274],[-35.3233,-9.2275],[-35.3231,-9.2275],[-35.3231,-9.2275],[-35.3234,-9.2274]]],[[[-35.3242,-9.2259],[-35.3242,-9.2263],[-35.3242,-9.2263],[-35.3241,-9.2263],[-35.3242,-9.2259]]],[[[-35.3247,-9.2255],[-35.3247,-9.2256],[-35.3248,-9.2257],[-35.3248,-9.2258],[-35.3247,-9.2255]]],[[[-35.3181,-9.2256],[-35.3192,-9.2295],[-35.3214,-9.2261],[-35.3181,-9.2256]]],[[[-35.3224,-9.2248],[-35.3224,-9.2249],[-35.3225,-9.2249],[-35.3225,-9.2248],[-35.3224,-9.2248]]],[[[-35.3239,-9.2235],[-35.3239,-9.2235],[-35.324,-9.2235],[-35.324,-9.2235],[-35.3239,-9.2235]]],[[[-35.3181,-9.2256],[-35.3213,-9.2232],[-35.3172,-9.2218],[-35.3181,-9.2256]]],[[[-35.3192,-9.2245],[-35.3192,-9.2245],[-35.3191,-9.2245],[-35.319,-9.2244],[-35.3192,-9.2245]]],[[[-35.3243,-9.2226],[-35.3243,-9.2226],[-35.3242,-9.2226],[-35.3242,-9.2227],[-35.3243,-9.2226]]],[[[-35.3278,-9.2202],[-35.3257,-9.2245],[-35.3278,-9.2281],[-35.3318,-9.2279],[-35.3301,-9.2241],[-35.3282,-9.2206],[-35.3278,-9.2202]]],[[[-35.3285,-9.2226],[-35.3285,-9.2226],[-35.3285,-9.2226],[-35.3285,-9.2225],[-35.3285,-9.2226]]],[[[-35.3285,-9.2226],[-35.3285,-9.2227],[-35.3284,-9.2227],[-35.3284,-9.2226],[-35.3285,-9.2226]]],[[[-35.3284,-9.2227],[-35.3283,-9.2227],[-35.3283,-9.2227],[-35.3284,-9.2227],[-35.3284,-9.2227]]],[[[-35.3273,-9.2185],[-35.3236,-9.2205],[-35.3275,-9.2197],[-35.3273,-9.2185]]],[[[-35.3189,-9.218],[-35.3189,-9.2181],[-35.319,-9.2181],[-35.319,-9.2182],[-35.3189,-9.218]]],[[[-35.3217,-9.2157],[-35.3216,-9.2157],[-35.3216,-9.2165],[-35.3217,-9.2165],[-35.3217,-9.2157]]],[[[-35.321,-9.2146],[-35.3209,-9.2147],[-35.3209,-9.2149],[-35.321,-9.215],[-35.321,-9.2146]]],[[[-35.3232,-9.2146],[-35.3232,-9.2147],[-35.3233,-9.2151],[-35.3233,-9.2151],[-35.3232,-9.2146]]],[[[-35.3107,-9.2133],[-35.3108,-9.2134],[-35.3108,-9.2134],[-35.3108,-9.2135],[-35.3107,-9.2133]]],[[[-35.324,-9.2118],[-35.3236,-9.2118],[-35.3235,-9.2118],[-35.3232,-9.2118],[-35.324,-9.2118]]],[[[-35.3157,-9.2114],[-35.3121,-9.2133],[-35.311,-9.2172],[-35.3141,-9.2199],[-35.3176,-9.2178],[-35.3202,-9.2148],[-35.3165,-9.2133],[-35.3157,-9.2114]]],[[[-35.3136,-9.2146],[-35.3136,-9.2146],[-35.3138,-9.2146],[-35.3138,-9.2146],[-35.3136,-9.2146]]],[[[-35.3176,-9.216],[-35.3176,-9.216],[-35.3176,-9.216],[-35.3176,-9.2158],[-35.3176,-9.216]]],[[[-35.3176,-9.2161],[-35.3175,-9.2161],[-35.3175,-9.216],[-35.3176,-9.216],[-35.3176,-9.2161]]],[[[-35.3239,-9.21],[-35.3239,-9.21],[-35.3239,-9.21],[-35.3239,-9.2098],[-35.3239,-9.21]]],[[[-35.3179,-9.2095],[-35.3176,-9.2095],[-35.3176,-9.2094],[-35.3173,-9.2094],[-35.3179,-9.2095]]],[[[-35.3103,-9.2094],[-35.3102,-9.2094],[-35.3102,-9.2096],[-35.3101,-9.2096],[-35.3103,-9.2094]]],[[[-35.3154,-9.2091],[-35.3154,-9.2092],[-35.3155,-9.2093],[-35.3155,-9.2093],[-35.3154,-9.2091]]],[[[-35.3195,-9.2079],[-35.3183,-9.2117],[-35.3222,-9.2109],[-35.3195,-9.2078],[-35.3195,-9.2079]]],[[[-35.3218,-9.2078],[-35.3217,-9.2079],[-35.3216,-9.2079],[-35.3215,-9.208],[-35.3218,-9.2078]]],[[[-35.3233,-9.208],[-35.3233,-9.208],[-35.3234,-9.208],[-35.3234,-9.208],[-35.3233,-9.208]]],[[[-35.3232,-9.2074],[-35.3233,-9.2075],[-35.3233,-9.2074],[-35.3233,-9.2073],[-35.3232,-9.2074]]],[[[-35.311,-9.2083],[-35.311,-9.2083],[-35.3113,-9.2083],[-35.3113,-9.2082],[-35.311,-9.2083]]],[[[-35.3057,-9.2059],[-35.3057,-9.2062],[-35.3056,-9.2062],[-35.3056,-9.2063],[-35.3057,-9.2059]]],[[[-35.3169,-9.2037],[-35.3167,-9.2038],[-35.3167,-9.2039],[-35.3167,-9.2039],[-35.3169,-9.2037]]],[[[-35.3198,-9.2043],[-35.3197,-9.2043],[-35.3197,-9.2047],[-35.3196,-9.2047],[-35.3198,-9.2043]]],[[[-35.3223,-9.2062],[-35.3222,-9.2062],[-35.3222,-9.2062],[-35.3223,-9.2062],[-35.3223,-9.2062]]],[[[-35.3191,-9.2019],[-35.3191,-9.2024],[-35.3191,-9.2025],[-35.319,-9.2025],[-35.3191,-9.2019]]],[[[-35.3188,-9.2005],[-35.3188,-9.2007],[-35.3187,-9.2008],[-35.3187,-9.2012],[-35.3188,-9.2005]]],[[[-35.3178,-9.1991],[-35.3178,-9.1992],[-35.3178,-9.1993],[-35.3177,-9.1993],[-35.3178,-9.1991]]],[[[-35.3172,-9.1984],[-35.3171,-9.1985],[-35.3171,-9.1986],[-35.3171,-9.1986],[-35.3172,-9.1984]]],[[[-35.3162,-9.1977],[-35.3162,-9.1977],[-35.3162,-9.1977],[-35.3161,-9.1978],[-35.3162,-9.1977]]],[[[-35.3162,-9.1976],[-35.3162,-9.1976],[-35.3163,-9.1976],[-35.3163,-9.1976],[-35.3162,-9.1976]]],[[[-35.3142,-9.1971],[-35.3142,-9.1977],[-35.3143,-9.1978],[-35.3143,-9.1979],[-35.3142,-9.1971]]],[[[-35.3116,-9.1968],[-35.3116,-9.1968],[-35.312,-9.1968],[-35.312,-9.1968],[-35.3116,-9.1968]]],[[[-35.3014,-9.1923],[-35.3014,-9.1924],[-35.3015,-9.1924],[-35.3015,-9.1923],[-35.3014,-9.1923]]],[[[-35.3014,-9.1923],[-35.3014,-9.1923],[-35.3013,-9.1923],[-35.3013,-9.1923],[-35.3014,-9.1923]]],[[[-35.2948,-9.1944],[-35.2973,-9.1976],[-35.2998,-9.201],[-35.3023,-9.2042],[-35.3062,-9.2053],[-35.3097,-9.203],[-35.3082,-9.1993],[-35.3075,-9.1953],[-35.3043,-9.1928],[-35.3003,-9.1931],[-35.2964,-9.1916],[-35.2948,-9.1944]]],[[[-35.2999,-9.1941],[-35.3001,-9.1941],[-35.3001,-9.1945],[-35.3001,-9.1946],[-35.2999,-9.1941]]],[[[-35.2949,-9.1944],[-35.2949,-9.1945],[-35.2948,-9.1945],[-35.2948,-9.1944],[-35.2949,-9.1944]]],[[[-35.3061,-9.1951],[-35.3062,-9.1951],[-35.3062,-9.1954],[-35.3062,-9.1955],[-35.3061,-9.1951]]],[[[-35.3041,-9.1966],[-35.3041,-9.1965],[-35.304,-9.1965],[-35.304,-9.1964],[-35.3041,-9.1966]]],[[[-35.3006,-9.196],[-35.3006,-9.1961],[-35.3005,-9.1962],[-35.3005,-9.1963],[-35.3006,-9.196]]],[[[-35.3076,-9.199],[-35.3078,-9.199],[-35.3078,-9.1992],[-35.3077,-9.1993],[-35.3076,-9.199]]],[[[-35.3072,-9.2004],[-35.3072,-9.2004],[-35.3071,-9.2004],[-35.307,-9.2003],[-35.3072,-9.2004]]],[[[-35.3067,-9.1988],[-35.3067,-9.1988],[-35.3067,-9.1988],[-35.3067,-9.1988],[-35.3067,-9.1988]]],[[[-35.2999,-9.1983],[-35.2999,-9.1989],[-35.2999,-9.1989],[-35.2997,-9.1989],[-35.2999,-9.1983]]],[[[-35.302,-9.1998],[-35.3021,-9.2005],[-35.302,-9.2005],[-35.3018,-9.2005],[-35.302,-9.1998]]],[[[-35.3083,-9.2024],[-35.3083,-9.2023],[-35.3083,-9.2022],[-35.3083,-9.2022],[-35.3083,-9.2024]]],[[[-35.3052,-9.2011],[-35.3052,-9.2012],[-35.3052,-9.2012],[-35.3053,-9.2012],[-35.3052,-9.2011]]],[[[-35.3025,-9.1897],[-35.3025,-9.19],[-35.3025,-9.1901],[-35.3023,-9.1901],[-35.3025,-9.1897]]],[[[-35.29,-9.1857],[-35.29,-9.1858],[-35.29,-9.1858],[-35.29,-9.1857],[-35.29,-9.1857]]],[[[-35.2945,-9.1838],[-35.2945,-9.1838],[-35.2946,-9.1838],[-35.2946,-9.1838],[-35.2945,-9.1838]]],[[[-35.2839,-9.1787],[-35.2838,-9.1787],[-35.2838,-9.1792],[-35.2839,-9.1793],[-35.2839,-9.1787]]],[[[-35.2805,-9.1639],[-35.2805,-9.1639],[-35.2805,-9.1639],[-35.2805,-9.1637],[-35.2805,-9.1639]]],[[[-35.2803,-9.1634],[-35.2803,-9.1635],[-35.2803,-9.1635],[-35.2803,-9.1635],[-35.2803,-9.1634]]],[[[-35.2802,-9.1634],[-35.2803,-9.1634],[-35.2803,-9.1634],[-35.2803,-9.1634],[-35.2802,-9.1634]]],[[[-35.2801,-9.1633],[-35.2801,-9.1633],[-35.2802,-9.1633],[-35.2802,-9.1633],[-35.2801,-9.1633]]],[[[-35.2876,-9.1845],[-35.2914,-9.1863],[-35.2933,-9.1899],[-35.294,-9.1854],[-35.2949,-9.1894],[-35.2988,-9.1906],[-35.3017,-9.1876],[-35.2995,-9.1841],[-35.2978,-9.1805],[-35.2965,-9.1767],[-35.2922,-9.1778],[-35.2893,-9.175],[-35.2854,-9.1742],[-35.2841,-9.1705],[-35.2812,-9.1677],[-35.2796,-9.1639],[-35.278,-9.1677],[-35.2801,-9.1714],[-35.2821,-9.175],[-35.2849,-9.1779],[-35.2884,-9.176],[-35.2913,-9.1787],[-35.2926,-9.1826],[-35.2886,-9.1805],[-35.2858,-9.1835],[-35.2876,-9.1845]]],[[[-35.2945,-9.1838],[-35.2945,-9.1837],[-35.2946,-9.1837],[-35.2946,-9.1838],[-35.2945,-9.1838]]],[[[-35.2931,-9.1837],[-35.293,-9.1838],[-35.293,-9.1838],[-35.293,-9.1838],[-35.2931,-9.1837]]],[[[-35.2874,-9.1845],[-35.2874,-9.1844],[-35.2874,-9.1844],[-35.2874,-9.1844],[-35.2874,-9.1845]]],[[[-35.2936,-9.1869],[-35.2937,-9.187],[-35.2937,-9.187],[-35.2937,-9.187],[-35.2936,-9.1869]]],[[[-35.2964,-9.1853],[-35.3002,-9.1869],[-35.2964,-9.1857],[-35.2964,-9.1853]]],[[[-35.2967,-9.1884],[-35.2967,-9.1884],[-35.2966,-9.1884],[-35.2966,-9.1883],[-35.2967,-9.1884]]],[[[-35.2707,-9.1537],[-35.2707,-9.1538],[-35.2706,-9.1538],[-35.2705,-9.1539],[-35.2707,-9.1537]]],[[[-35.2768,-9.1485],[-35.2768,-9.1486],[-35.277,-9.1486],[-35.277,-9.1486],[-35.2768,-9.1485]]],[[[-35.2768,-9.1485],[-35.2736,-9.1461],[-35.27,-9.148],[-35.2697,-9.152],[-35.2722,-9.1552],[-35.2742,-9.1587],[-35.2763,-9.1553],[-35.276,-9.1512],[-35.2767,-9.1552],[-35.281,-9.1563],[-35.2817,-9.1523],[-35.2783,-9.1502],[-35.2768,-9.1485]]],[[[-35.2716,-9.1494],[-35.2716,-9.1494],[-35.2719,-9.1494],[-35.2719,-9.1495],[-35.2716,-9.1494]]],[[[-35.2789,-9.1559],[-35.2787,-9.1559],[-35.2787,-9.1558],[-35.2787,-9.1558],[-35.2789,-9.1559]]],[[[-35.2848,-9.1439],[-35.2848,-9.1439],[-35.2848,-9.1439],[-35.2849,-9.1439],[-35.2848,-9.1439]]],[[[-35.2796,-9.1421],[-35.2814,-9.1457],[-35.2848,-9.1479],[-35.2816,-9.1453],[-35.2796,-9.1421]]],[[[-35.2854,-9.1459],[-35.2855,-9.1459],[-35.2855,-9.146],[-35.2854,-9.146],[-35.2854,-9.1459]]],[[[-35.2855,-9.1417],[-35.2855,-9.1418],[-35.2856,-9.1419],[-35.2856,-9.142],[-35.2855,-9.1417]]],[[[-35.2838,-9.1414],[-35.2838,-9.1415],[-35.2837,-9.1415],[-35.2837,-9.1418],[-35.2838,-9.1414]]],[[[-35.2767,-9.1386],[-35.2767,-9.1388],[-35.2766,-9.1389],[-35.2766,-9.139],[-35.2767,-9.1386]]],[[[-35.2769,-9.1376],[-35.2769,-9.1377],[-35.277,-9.1377],[-35.277,-9.1377],[-35.2769,-9.1376]]],[[[-35.2816,-9.1371],[-35.2816,-9.1372],[-35.2817,-9.1373],[-35.2817,-9.1378],[-35.2816,-9.1371]]],[[[-35.2813,-9.1363],[-35.2813,-9.1368],[-35.2813,-9.1368],[-35.2813,-9.1368],[-35.2813,-9.1363]]],[[[-35.2705,-9.1359],[-35.2705,-9.1359],[-35.2706,-9.1359],[-35.2707,-9.136],[-35.2705,-9.1359]]],[[[-35.2611,-9.1298],[-35.2611,-9.1299],[-35.2611,-9.1299],[-35.261,-9.1299],[-35.2611,-9.1298]]],[[[-35.2651,-9.1258],[-35.2651,-9.1259],[-35.265,-9.1259],[-35.265,-9.1259],[-35.2651,-9.1258]]],[[[-35.2783,-9.1257],[-35.2804,-9.1292],[-35.2784,-9.1257],[-35.2783,-9.1257]]],[[[-35.264,-9.1255],[-35.2639,-9.1256],[-35.2639,-9.1262],[-35.2639,-9.1262],[-35.264,-9.1255]]],[[[-35.2654,-9.1226],[-35.2654,-9.1235],[-35.2654,-9.1235],[-35.2659,-9.1235],[-35.2654,-9.1226]]],[[[-35.2663,-9.1206],[-35.2669,-9.1246],[-35.2662,-9.1287],[-35.2702,-9.1309],[-35.2737,-9.1289],[-35.2762,-9.1258],[-35.2722,-9.1259],[-35.2692,-9.1232],[-35.2663,-9.1206]]],[[[-35.2402,-9.117],[-35.2402,-9.1171],[-35.2403,-9.1172],[-35.2403,-9.1173],[-35.2402,-9.117]]],[[[-35.2407,-9.1155],[-35.2407,-9.1156],[-35.2408,-9.1156],[-35.2408,-9.1156],[-35.2407,-9.1155]]],[[[-35.2405,-9.1153],[-35.2405,-9.1153],[-35.2406,-9.1153],[-35.2406,-9.1153],[-35.2405,-9.1153]]],[[[-35.2563,-9.1146],[-35.2563,-9.1146],[-35.2562,-9.1146],[-35.2562,-9.1147],[-35.2563,-9.1146]]],[[[-35.2568,-9.1135],[-35.2569,-9.1136],[-35.257,-9.1136],[-35.257,-9.1135],[-35.2568,-9.1135]]],[[[-35.2533,-9.1136],[-35.2533,-9.1139],[-35.2533,-9.1139],[-35.2532,-9.1139],[-35.2533,-9.1136]]],[[[-35.2569,-9.1134],[-35.257,-9.1134],[-35.2571,-9.1134],[-35.2571,-9.1132],[-35.2569,-9.1134]]],[[[-35.2522,-9.1126],[-35.2523,-9.1126],[-35.2523,-9.1126],[-35.2523,-9.1126],[-35.2522,-9.1126]]],[[[-35.2499,-9.1078],[-35.25,-9.1078],[-35.2501,-9.1078],[-35.2502,-9.1078],[-35.2499,-9.1078]]],[[[-35.2355,-9.1045],[-35.2354,-9.1046],[-35.2353,-9.1046],[-35.2353,-9.1047],[-35.2355,-9.1045]]],[[[-35.2362,-9.1076],[-35.2361,-9.1076],[-35.2361,-9.1075],[-35.2362,-9.1075],[-35.2362,-9.1076]]],[[[-35.2594,-9.1044],[-35.2595,-9.1086],[-35.2555,-9.1087],[-35.2574,-9.1123],[-35.2586,-9.1163],[-35.2613,-9.1133],[-35.2646,-9.1156],[-35.2646,-9.1197],[-35.2634,-9.1236],[-35.2657,-9.1202],[-35.2678,-9.116],[-35.2647,-9.113],[-35.2633,-9.1092],[-35.2609,-9.1059],[-35.2594,-9.1044]]],[[[-35.2577,-9.1099],[-35.2577,-9.1099],[-35.2581,-9.1099],[-35.2581,-9.1099],[-35.2577,-9.1099]]],[[[-35.2586,-9.1112],[-35.2586,-9.112],[-35.2586,-9.1121],[-35.2579,-9.1121],[-35.2586,-9.1112]]],[[[-35.2658,-9.1157],[-35.2658,-9.1157],[-35.2657,-9.1157],[-35.2657,-9.1156],[-35.2658,-9.1157]]],[[[-35.2658,-9.1157],[-35.2659,-9.1157],[-35.2659,-9.1158],[-35.266,-9.1159],[-35.2658,-9.1157]]],[[[-35.2661,-9.1191],[-35.2658,-9.1191],[-35.2657,-9.119],[-35.2657,-9.1189],[-35.2661,-9.1191]]],[[[-35.2509,-9.1043],[-35.2508,-9.1043],[-35.2508,-9.1045],[-35.2509,-9.1045],[-35.2509,-9.1043]]],[[[-35.2346,-9.1029],[-35.2344,-9.1029],[-35.2344,-9.1028],[-35.2344,-9.1028],[-35.2346,-9.1029]]],[[[-35.2343,-9.103],[-35.2342,-9.103],[-35.2341,-9.1029],[-35.2342,-9.1029],[-35.2343,-9.103]]],[[[-35.2499,-9.1037],[-35.2499,-9.1037],[-35.25,-9.1037],[-35.2501,-9.1037],[-35.2499,-9.1037]]],[[[-35.2488,-9.1026],[-35.2488,-9.1026],[-35.2491,-9.1026],[-35.2491,-9.1026],[-35.2488,-9.1026]]],[[[-35.2287,-9.0968],[-35.2306,-9.1006],[-35.231,-9.0966],[-35.2287,-9.0968]]],[[[-35.2447,-9.0943],[-35.2447,-9.0944],[-35.2448,-9.0944],[-35.2448,-9.0943],[-35.2447,-9.0943]]],[[[-35.241,-9.0942],[-35.2409,-9.0944],[-35.2408,-9.0943],[-35.2408,-9.0943],[-35.241,-9.0942]]],[[[-35.2429,-9.0932],[-35.243,-9.0932],[-35.2434,-9.0932],[-35.2434,-9.0932],[-35.2429,-9.0932]]],[[[-35.2565,-9.0929],[-35.2522,-9.0943],[-35.2565,-9.0944],[-35.2536,-9.0972],[-35.2525,-9.1011],[-35.2557,-9.1038],[-35.2566,-9.0999],[-35.2575,-9.0959],[-35.2565,-9.0929]]],[[[-35.2567,-9.0922],[-35.2567,-9.0923],[-35.2568,-9.0923],[-35.2568,-9.0922],[-35.2567,-9.0922]]],[[[-35.2411,-9.0919],[-35.2409,-9.0921],[-35.2409,-9.0922],[-35.2407,-9.0923],[-35.2411,-9.0919]]],[[[-35.2368,-9.0906],[-35.2368,-9.0907],[-35.2369,-9.0908],[-35.2369,-9.0908],[-35.2368,-9.0906]]],[[[-35.2406,-9.0909],[-35.2405,-9.091],[-35.2405,-9.0911],[-35.2405,-9.0912],[-35.2406,-9.0909]]],[[[-35.2417,-9.0911],[-35.2418,-9.0912],[-35.2418,-9.0913],[-35.2419,-9.0914],[-35.2417,-9.0911]]],[[[-35.2396,-9.0909],[-35.2397,-9.091],[-35.2397,-9.091],[-35.2398,-9.0909],[-35.2396,-9.0909]]],[[[-35.2553,-9.0892],[-35.2552,-9.0893],[-35.2549,-9.0893],[-35.2549,-9.0893],[-35.2553,-9.0892]]],[[[-35.2517,-9.0871],[-35.2509,-9.0911],[-35.2551,-9.0888],[-35.2517,-9.0871]]],[[[-35.2432,-9.0866],[-35.2433,-9.0866],[-35.2435,-9.0866],[-35.2435,-9.0866],[-35.2432,-9.0866]]],[[[-35.2382,-9.0821],[-35.2382,-9.0822],[-35.2382,-9.0822],[-35.2382,-9.0821],[-35.2382,-9.0821]]],[[[-35.2461,-9.0818],[-35.248,-9.0854],[-35.2461,-9.0818],[-35.2461,-9.0818]]],[[[-35.2431,-9.0816],[-35.2431,-9.0817],[-35.2432,-9.0817],[-35.2432,-9.0816],[-35.2431,-9.0816]]],[[[-35.2431,-9.0817],[-35.2431,-9.0817],[-35.2431,-9.0816],[-35.2431,-9.0816],[-35.2431,-9.0817]]],[[[-35.2424,-9.0833],[-35.2425,-9.0833],[-35.2425,-9.0833],[-35.2425,-9.0833],[-35.2424,-9.0833]]],[[[-35.2414,-9.0823],[-35.2413,-9.0823],[-35.2413,-9.0822],[-35.2414,-9.0822],[-35.2414,-9.0823]]],[[[-35.2377,-9.0808],[-35.2377,-9.0811],[-35.2378,-9.0812],[-35.2378,-9.0812],[-35.2377,-9.0808]]],[[[-35.2403,-9.0798],[-35.2403,-9.0799],[-35.2402,-9.08],[-35.2402,-9.0801],[-35.2403,-9.0798]]],[[[-35.2394,-9.0788],[-35.2394,-9.079],[-35.2394,-9.079],[-35.2394,-9.0791],[-35.2394,-9.0788]]],[[[-35.2404,-9.0786],[-35.2403,-9.0786],[-35.2403,-9.0788],[-35.2403,-9.0788],[-35.2404,-9.0786]]],[[[-35.2288,-9.0776],[-35.2288,-9.0777],[-35.2289,-9.0777],[-35.2289,-9.0777],[-35.2288,-9.0776]]],[[[-35.2327,-9.0773],[-35.2327,-9.0776],[-35.2327,-9.0777],[-35.2327,-9.0777],[-35.2327,-9.0773]]],[[[-35.2362,-9.077],[-35.2362,-9.0771],[-35.2362,-9.0772],[-35.2362,-9.0774],[-35.2362,-9.077]]],[[[-35.2397,-9.077],[-35.2396,-9.0771],[-35.2396,-9.0772],[-35.2396,-9.0772],[-35.2397,-9.077]]],[[[-35.2339,-9.077],[-35.2339,-9.077],[-35.2339,-9.0771],[-35.2338,-9.0771],[-35.2339,-9.077]]],[[[-35.2411,-9.0775],[-35.2411,-9.0775],[-35.2412,-9.0775],[-35.2413,-9.0775],[-35.2411,-9.0775]]],[[[-35.229,-9.0765],[-35.229,-9.0765],[-35.2291,-9.0765],[-35.2291,-9.0765],[-35.229,-9.0765]]],[[[-35.2394,-9.0756],[-35.2393,-9.0756],[-35.2394,-9.0756],[-35.2394,-9.0757],[-35.2394,-9.0756]]],[[[-35.2341,-9.0762],[-35.2341,-9.0762],[-35.2342,-9.0762],[-35.2343,-9.0762],[-35.2341,-9.0762]]],[[[-35.2289,-9.0752],[-35.2306,-9.0789],[-35.2289,-9.0752],[-35.2289,-9.0752]]],[[[-35.2293,-9.0755],[-35.2293,-9.0755],[-35.2293,-9.0754],[-35.2293,-9.0754],[-35.2293,-9.0755]]],[[[-35.2335,-9.076],[-35.2335,-9.0761],[-35.2337,-9.0761],[-35.2337,-9.076],[-35.2335,-9.076]]],[[[-35.2372,-9.0745],[-35.2382,-9.0784],[-35.24,-9.082],[-35.2387,-9.0777],[-35.2372,-9.0745]]],[[[-35.2305,-9.0728],[-35.2305,-9.0728],[-35.2306,-9.0728],[-35.2306,-9.0728],[-35.2305,-9.0728]]],[[[-35.2118,-9.0717],[-35.2135,-9.0754],[-35.2152,-9.079],[-35.2153,-9.075],[-35.2123,-9.0719],[-35.2118,-9.0717]]],[[[-35.2247,-9.0709],[-35.2265,-9.0745],[-35.2249,-9.0709],[-35.2247,-9.0709]]],[[[-35.2245,-9.0706],[-35.2245,-9.0707],[-35.2246,-9.0707],[-35.2246,-9.0706],[-35.2245,-9.0706]]],[[[-35.2094,-9.0697],[-35.2094,-9.07],[-35.2094,-9.07],[-35.2093,-9.07],[-35.2094,-9.0697]]],[[[-35.2275,-9.0685],[-35.2275,-9.069],[-35.2274,-9.0691],[-35.2274,-9.0691],[-35.2275,-9.0685]]],[[[-35.2097,-9.0682],[-35.2096,-9.0683],[-35.2096,-9.0685],[-35.2097,-9.0686],[-35.2097,-9.0682]]],[[[-35.2233,-9.0683],[-35.2233,-9.0684],[-35.2234,-9.0684],[-35.2234,-9.0686],[-35.2233,-9.0683]]],[[[-35.2075,-9.0662],[-35.2074,-9.0662],[-35.2074,-9.067],[-35.2074,-9.0671],[-35.2075,-9.0662]]],[[[-35.2298,-9.0652],[-35.2298,-9.0653],[-35.2298,-9.066],[-35.2298,-9.066],[-35.2298,-9.0652]]],[[[-35.2217,-9.0655],[-35.2217,-9.0655],[-35.2217,-9.0656],[-35.2218,-9.0656],[-35.2217,-9.0655]]],[[[-35.2239,-9.0642],[-35.2238,-9.0642],[-35.2239,-9.0643],[-35.2238,-9.0643],[-35.2239,-9.0642]]],[[[-35.2221,-9.0634],[-35.2238,-9.0671],[-35.2254,-9.0708],[-35.2275,-9.0744],[-35.2265,-9.0705],[-35.2246,-9.0667],[-35.2224,-9.0634],[-35.2221,-9.0634]]],[[[-35.2014,-9.0594],[-35.2013,-9.0595],[-35.2013,-9.0596],[-35.2013,-9.0596],[-35.2014,-9.0594]]],[[[-35.2243,-9.0591],[-35.2243,-9.0599],[-35.2244,-9.06],[-35.2244,-9.0601],[-35.2243,-9.0591]]],[[[-35.2256,-9.0581],[-35.2256,-9.0582],[-35.2257,-9.0583],[-35.2257,-9.0584],[-35.2256,-9.0581]]],[[[-35.2339,-9.0581],[-35.2339,-9.0581],[-35.2339,-9.0581],[-35.2339,-9.058],[-35.2339,-9.0581]]],[[[-35.2252,-9.0574],[-35.2252,-9.0577],[-35.2252,-9.0577],[-35.2256,-9.0577],[-35.2252,-9.0574]]],[[[-35.2037,-9.0579],[-35.2043,-9.0621],[-35.2062,-9.0585],[-35.2037,-9.0579]]],[[[-35.2044,-9.0582],[-35.2044,-9.0582],[-35.2044,-9.0581],[-35.2044,-9.0581],[-35.2044,-9.0582]]],[[[-35.2067,-9.0561],[-35.2067,-9.0564],[-35.2067,-9.0564],[-35.2068,-9.0564],[-35.2067,-9.0561]]],[[[-35.2033,-9.0547],[-35.2032,-9.0547],[-35.2025,-9.0547],[-35.2025,-9.0548],[-35.2033,-9.0547]]],[[[-35.2027,-9.056],[-35.2026,-9.056],[-35.2026,-9.0559],[-35.2026,-9.0559],[-35.2027,-9.056]]],[[[-35.198,-9.0524],[-35.1981,-9.0524],[-35.1984,-9.0524],[-35.1984,-9.0524],[-35.198,-9.0524]]],[[[-35.1997,-9.0485],[-35.1997,-9.0486],[-35.1997,-9.0486],[-35.1998,-9.0485],[-35.1997,-9.0485]]],[[[-35.2012,-9.0462],[-35.2012,-9.0463],[-35.2012,-9.0463],[-35.2012,-9.0462],[-35.2012,-9.0462]]],[[[-35.231,-9.0455],[-35.2309,-9.0455],[-35.2309,-9.0455],[-35.2308,-9.0456],[-35.231,-9.0455]]],[[[-35.1935,-9.0413],[-35.1935,-9.0413],[-35.1936,-9.0413],[-35.1936,-9.0413],[-35.1935,-9.0413]]],[[[-35.1913,-9.041],[-35.1927,-9.0448],[-35.1946,-9.0484],[-35.1969,-9.0517],[-35.1955,-9.048],[-35.1938,-9.0443],[-35.1923,-9.0404],[-35.1913,-9.041]]],[[[-35.1926,-9.0399],[-35.1927,-9.04],[-35.1927,-9.0401],[-35.1926,-9.0402],[-35.1926,-9.0399]]],[[[-35.1929,-9.0361],[-35.193,-9.0361],[-35.193,-9.0361],[-35.1931,-9.0362],[-35.1929,-9.0361]]],[[[-35.2017,-9.0271],[-35.2018,-9.0271],[-35.202,-9.0271],[-35.202,-9.027],[-35.2017,-9.0271]]],[[[-35.1926,-9.0235],[-35.1926,-9.0235],[-35.1925,-9.0235],[-35.1925,-9.0236],[-35.1926,-9.0235]]],[[[-35.1849,-9.0147],[-35.1855,-9.0188],[-35.1864,-9.0228],[-35.1875,-9.0266],[-35.1869,-9.0225],[-35.186,-9.018],[-35.1849,-9.0147]]],[[[-35.1878,-9.0253],[-35.1877,-9.0253],[-35.1877,-9.0252],[-35.1877,-9.0252],[-35.1878,-9.0253]]],[[[-35.1892,-9.0084],[-35.1892,-9.0084],[-35.1894,-9.0084],[-35.1894,-9.0084],[-35.1892,-9.0084]]],[[[-35.1784,-9.0028],[-35.1795,-9.0067],[-35.1808,-9.0105],[-35.18,-9.0063],[-35.1784,-9.0028]]],[[[-35.1759,-9.0012],[-35.1759,-9.0012],[-35.176,-9.0012],[-35.176,-9.0012],[-35.1759,-9.0012]]],[[[-35.183,-8.9976],[-35.183,-8.9976],[-35.1827,-8.9976],[-35.1827,-8.9976],[-35.183,-8.9976]]],[[[-35.1864,-8.997],[-35.1863,-8.997],[-35.1863,-8.9971],[-35.1863,-8.9971],[-35.1864,-8.997]]],[[[-35.1751,-8.9943],[-35.1751,-8.9944],[-35.1751,-8.9944],[-35.1751,-8.9943],[-35.1751,-8.9943]]],[[[-35.1862,-8.9937],[-35.1863,-8.9937],[-35.1863,-8.9937],[-35.1863,-8.9936],[-35.1862,-8.9937]]],[[[-35.1719,-8.9908],[-35.1719,-8.9909],[-35.1717,-8.9909],[-35.1717,-8.9909],[-35.1719,-8.9908]]],[[[-35.1851,-8.9883],[-35.1851,-8.9883],[-35.185,-8.9883],[-35.185,-8.9883],[-35.1851,-8.9883]]],[[[-35.1841,-8.9883],[-35.1841,-8.9883],[-35.1847,-8.9883],[-35.1847,-8.9883],[-35.1841,-8.9883]]],[[[-35.1885,-8.9853],[-35.1885,-8.9853],[-35.1885,-8.9853],[-35.1885,-8.9853],[-35.1885,-8.9853]]],[[[-35.1642,-8.9706],[-35.1642,-8.9706],[-35.1642,-8.9706],[-35.1642,-8.9705],[-35.1642,-8.9706]]],[[[-35.163,-8.97],[-35.163,-8.9702],[-35.1631,-8.9702],[-35.1631,-8.9702],[-35.163,-8.97]]],[[[-35.1593,-8.9546],[-35.1597,-8.9588],[-35.1595,-8.9547],[-35.1593,-8.9546]]],[[[-35.1597,-8.9489],[-35.1596,-8.9489],[-35.1596,-8.949],[-35.1596,-8.949],[-35.1597,-8.9489]]],[[[-35.156,-8.9475],[-35.1559,-8.9476],[-35.1559,-8.9478],[-35.156,-8.9479],[-35.156,-8.9475]]],[[[-35.1629,-8.9431],[-35.1629,-8.9432],[-35.1628,-8.9432],[-35.1628,-8.9432],[-35.1629,-8.9431]]],[[[-35.164,-8.9426],[-35.164,-8.9426],[-35.164,-8.9427],[-35.1642,-8.9427],[-35.164,-8.9426]]],[[[-35.1662,-8.9415],[-35.1662,-8.9415],[-35.1661,-8.9415],[-35.166,-8.9416],[-35.1662,-8.9415]]],[[[-35.1589,-8.9413],[-35.1588,-8.9414],[-35.1587,-8.9414],[-35.1586,-8.9414],[-35.1589,-8.9413]]],[[[-35.1577,-8.9411],[-35.1577,-8.9415],[-35.1578,-8.9416],[-35.1578,-8.9419],[-35.1577,-8.9411]]],[[[-35.1585,-8.9411],[-35.1585,-8.9412],[-35.1585,-8.9412],[-35.1586,-8.9411],[-35.1585,-8.9411]]],[[[-35.1584,-8.9407],[-35.1584,-8.9408],[-35.1585,-8.9408],[-35.1585,-8.9408],[-35.1584,-8.9407]]],[[[-35.1521,-8.9395],[-35.1521,-8.9395],[-35.1521,-8.9396],[-35.1521,-8.9398],[-35.1521,-8.9395]]],[[[-35.1509,-8.9384],[-35.1509,-8.9386],[-35.151,-8.9386],[-35.151,-8.9387],[-35.1509,-8.9384]]],[[[-35.1505,-8.9377],[-35.1505,-8.9377],[-35.1507,-8.9377],[-35.1508,-8.9376],[-35.1505,-8.9377]]],[[[-35.1569,-8.9373],[-35.1569,-8.9373],[-35.157,-8.9373],[-35.157,-8.9373],[-35.1569,-8.9373]]],[[[-35.152,-8.9365],[-35.1536,-8.9402],[-35.1521,-8.9365],[-35.152,-8.9365]]],[[[-35.1618,-8.9348],[-35.1617,-8.9348],[-35.1617,-8.9348],[-35.1616,-8.9348],[-35.1618,-8.9348]]],[[[-35.1625,-8.9363],[-35.1625,-8.9363],[-35.1624,-8.9362],[-35.1624,-8.9361],[-35.1625,-8.9363]]],[[[-35.1496,-8.9342],[-35.1496,-8.9344],[-35.1495,-8.9344],[-35.1495,-8.9348],[-35.1496,-8.9342]]],[[[-35.1606,-8.9333],[-35.1606,-8.9334],[-35.1604,-8.9336],[-35.1604,-8.9336],[-35.1606,-8.9333]]],[[[-35.163,-8.9334],[-35.163,-8.9337],[-35.1628,-8.9338],[-35.1625,-8.9338],[-35.163,-8.9334]]],[[[-35.1578,-8.9326],[-35.1594,-8.9363],[-35.1613,-8.9399],[-35.1601,-8.9361],[-35.158,-8.9326],[-35.1578,-8.9326]]],[[[-35.1607,-8.9387],[-35.1606,-8.9387],[-35.1606,-8.9386],[-35.1607,-8.9386],[-35.1607,-8.9387]]],[[[-35.1608,-8.939],[-35.1607,-8.939],[-35.1607,-8.939],[-35.1607,-8.9387],[-35.1608,-8.939]]],[[[-35.1474,-8.9323],[-35.1474,-8.9326],[-35.1474,-8.9326],[-35.1476,-8.9326],[-35.1474,-8.9323]]],[[[-35.1544,-8.9315],[-35.1545,-8.9316],[-35.1545,-8.9318],[-35.1547,-8.9319],[-35.1544,-8.9315]]],[[[-35.1596,-8.9316],[-35.1597,-8.9317],[-35.1599,-8.9317],[-35.16,-8.9316],[-35.1596,-8.9316]]],[[[-35.1525,-8.9305],[-35.1525,-8.9306],[-35.1526,-8.9306],[-35.1526,-8.9307],[-35.1525,-8.9305]]],[[[-35.1564,-8.9303],[-35.1564,-8.9304],[-35.1565,-8.9305],[-35.1565,-8.9305],[-35.1564,-8.9303]]],[[[-35.1538,-8.9306],[-35.1538,-8.9306],[-35.1543,-8.9306],[-35.1543,-8.9306],[-35.1538,-8.9306]]],[[[-35.1579,-8.9301],[-35.1579,-8.9303],[-35.158,-8.9303],[-35.1581,-8.9303],[-35.1579,-8.9301]]],[[[-35.1472,-8.928],[-35.1471,-8.9281],[-35.1471,-8.9282],[-35.1471,-8.9283],[-35.1472,-8.928]]],[[[-35.1548,-8.9283],[-35.1547,-8.9283],[-35.1547,-8.9285],[-35.1548,-8.9286],[-35.1548,-8.9283]]],[[[-35.1416,-8.9099],[-35.1416,-8.91],[-35.1416,-8.9101],[-35.1415,-8.9102],[-35.1416,-8.9099]]],[[[-35.1419,-8.9105],[-35.1419,-8.9105],[-35.142,-8.9105],[-35.142,-8.9105],[-35.1419,-8.9105]]],[[[-35.1457,-8.9082],[-35.1449,-8.9127],[-35.1437,-8.9165],[-35.1455,-8.9201],[-35.1461,-8.9243],[-35.1501,-8.9265],[-35.1487,-8.9228],[-35.1485,-8.9188],[-35.1471,-8.9149],[-35.1469,-8.9109],[-35.1457,-8.9082]]],[[[-35.1489,-8.918],[-35.1488,-8.918],[-35.1488,-8.918],[-35.1489,-8.918],[-35.1489,-8.918]]],[[[-35.1479,-8.9186],[-35.1479,-8.9188],[-35.1478,-8.9189],[-35.1478,-8.919],[-35.1479,-8.9186]]],[[[-35.1476,-8.9196],[-35.1473,-8.9196],[-35.1473,-8.9196],[-35.1473,-8.9194],[-35.1476,-8.9196]]],[[[-35.1476,-8.9201],[-35.1476,-8.9201],[-35.1477,-8.9201],[-35.1477,-8.9202],[-35.1476,-8.9201]]],[[[-35.145,-8.905],[-35.145,-8.9051],[-35.1451,-8.9051],[-35.1451,-8.9051],[-35.145,-8.905]]],[[[-35.1439,-8.9049],[-35.1465,-8.9082],[-35.1486,-8.9048],[-35.1446,-8.9054],[-35.1439,-8.9049]]],[[[-35.1445,-8.9042],[-35.1445,-8.9042],[-35.1446,-8.9042],[-35.1446,-8.9042],[-35.1445,-8.9042]]],[[[-35.1446,-8.9039],[-35.1446,-8.9039],[-35.1447,-8.9039],[-35.1447,-8.9039],[-35.1446,-8.9039]]],[[[-35.1421,-8.9031],[-35.1421,-8.9032],[-35.1421,-8.9032],[-35.142,-8.9032],[-35.1421,-8.9031]]],[[[-35.142,-8.9052],[-35.142,-8.9052],[-35.142,-8.9052],[-35.142,-8.9052],[-35.142,-8.9052]]],[[[-35.1399,-8.9029],[-35.1399,-8.903],[-35.1398,-8.903],[-35.1397,-8.903],[-35.1399,-8.9029]]],[[[-35.146,-8.9024],[-35.1459,-8.9025],[-35.1458,-8.9025],[-35.1457,-8.9025],[-35.146,-8.9024]]],[[[-35.1394,-8.9018],[-35.1394,-8.9018],[-35.1395,-8.9018],[-35.1395,-8.9018],[-35.1394,-8.9018]]],[[[-35.1392,-8.9017],[-35.1391,-8.9018],[-35.139,-8.9018],[-35.1389,-8.9019],[-35.1392,-8.9017]]],[[[-35.1377,-8.8987],[-35.1377,-8.8988],[-35.1381,-8.8987],[-35.1381,-8.8987],[-35.1377,-8.8987]]],[[[-35.1417,-8.8969],[-35.1423,-8.9011],[-35.1419,-8.897],[-35.1417,-8.8969]]],[[[-35.1417,-8.8987],[-35.1418,-8.8987],[-35.1418,-8.8987],[-35.1419,-8.8987],[-35.1417,-8.8987]]],[[[-35.1407,-8.8961],[-35.1406,-8.8962],[-35.1406,-8.8961],[-35.1404,-8.8961],[-35.1407,-8.8961]]],[[[-35.1404,-8.8945],[-35.1404,-8.8945],[-35.1408,-8.8945],[-35.1409,-8.8944],[-35.1404,-8.8945]]],[[[-35.1344,-8.8934],[-35.1344,-8.8937],[-35.1344,-8.8938],[-35.1344,-8.8938],[-35.1344,-8.8934]]],[[[-35.1383,-8.8923],[-35.1382,-8.8923],[-35.1381,-8.8923],[-35.1381,-8.8922],[-35.1383,-8.8923]]],[[[-35.1334,-8.8914],[-35.1333,-8.8915],[-35.1333,-8.8917],[-35.1334,-8.8917],[-35.1334,-8.8914]]],[[[-35.1353,-8.8906],[-35.1354,-8.8908],[-35.1354,-8.8908],[-35.1354,-8.8911],[-35.1353,-8.8906]]],[[[-35.1381,-8.8905],[-35.1379,-8.8905],[-35.1378,-8.8904],[-35.1378,-8.8904],[-35.1381,-8.8905]]],[[[-35.1319,-8.8962],[-35.133,-8.9005],[-35.1347,-8.9042],[-35.1371,-8.9074],[-35.1406,-8.9094],[-35.1375,-8.9067],[-35.1352,-8.9034],[-35.134,-8.8995],[-35.1322,-8.8958],[-35.1319,-8.8913],[-35.1316,-8.8954],[-35.1319,-8.8962]]],[[[-35.1372,-8.8895],[-35.1372,-8.8896],[-35.1371,-8.8896],[-35.1371,-8.8896],[-35.1372,-8.8895]]],[[[-35.1403,-8.89],[-35.1403,-8.89],[-35.1403,-8.89],[-35.1403,-8.8899],[-35.1403,-8.89]]],[[[-35.123,-8.879],[-35.123,-8.8791],[-35.123,-8.8793],[-35.123,-8.8793],[-35.123,-8.879]]],[[[-35.1296,-8.8786],[-35.1296,-8.8787],[-35.1297,-8.8787],[-35.1297,-8.8787],[-35.1296,-8.8786]]],[[[-35.1277,-8.876],[-35.1277,-8.876],[-35.1276,-8.876],[-35.1276,-8.8761],[-35.1277,-8.876]]],[[[-35.1288,-8.8746],[-35.1288,-8.8746],[-35.1287,-8.8747],[-35.1287,-8.8747],[-35.1288,-8.8746]]],[[[-35.1284,-8.8741],[-35.1286,-8.8744],[-35.1287,-8.8744],[-35.1287,-8.8743],[-35.1284,-8.8741]]],[[[-35.1297,-8.8738],[-35.1297,-8.8741],[-35.1296,-8.8741],[-35.1296,-8.8744],[-35.1297,-8.8738]]],[[[-35.124,-8.8725],[-35.124,-8.8731],[-35.124,-8.8732],[-35.1244,-8.8732],[-35.124,-8.8725]]],[[[-35.1309,-8.8718],[-35.1309,-8.8721],[-35.1308,-8.8722],[-35.1308,-8.8723],[-35.1309,-8.8718]]],[[[-35.131,-8.8718],[-35.131,-8.8719],[-35.131,-8.8719],[-35.131,-8.8718],[-35.131,-8.8718]]],[[[-35.1269,-8.871],[-35.1269,-8.8711],[-35.127,-8.8711],[-35.1271,-8.8712],[-35.1269,-8.871]]],[[[-35.124,-8.8706],[-35.124,-8.8709],[-35.1241,-8.8709],[-35.1241,-8.8713],[-35.124,-8.8706]]],[[[-35.129,-8.8696],[-35.129,-8.8697],[-35.129,-8.8699],[-35.129,-8.8699],[-35.129,-8.8696]]],[[[-35.1275,-8.8692],[-35.1276,-8.8693],[-35.1276,-8.8693],[-35.1277,-8.8693],[-35.1275,-8.8692]]],[[[-35.1264,-8.8683],[-35.1264,-8.8684],[-35.1265,-8.8685],[-35.1265,-8.8688],[-35.1264,-8.8683]]],[[[-35.1191,-8.8675],[-35.1207,-8.8712],[-35.1215,-8.8752],[-35.1232,-8.8789],[-35.1234,-8.8748],[-35.1215,-8.8713],[-35.1197,-8.8677],[-35.1191,-8.8675]]],[[[-35.1222,-8.8673],[-35.1222,-8.8673],[-35.1222,-8.8674],[-35.1222,-8.8674],[-35.1222,-8.8673]]],[[[-35.1259,-8.8688],[-35.1259,-8.8689],[-35.1262,-8.8689],[-35.1262,-8.8688],[-35.1259,-8.8688]]],[[[-35.1202,-8.8676],[-35.1219,-8.8712],[-35.1241,-8.8746],[-35.1225,-8.8708],[-35.1205,-8.8673],[-35.1202,-8.8676]]],[[[-35.1186,-8.8653],[-35.1186,-8.8655],[-35.1185,-8.8655],[-35.1185,-8.8655],[-35.1186,-8.8653]]],[[[-35.1187,-8.8654],[-35.1187,-8.8654],[-35.1187,-8.8654],[-35.1187,-8.8654],[-35.1187,-8.8654]]],[[[-35.1257,-8.8659],[-35.1257,-8.8659],[-35.1257,-8.8659],[-35.1258,-8.866],[-35.1257,-8.8659]]],[[[-35.121,-8.865],[-35.121,-8.8651],[-35.1209,-8.8652],[-35.1209,-8.8655],[-35.121,-8.865]]],[[[-35.124,-8.8627],[-35.1225,-8.8664],[-35.1245,-8.8699],[-35.1264,-8.8735],[-35.1257,-8.8694],[-35.1248,-8.8655],[-35.124,-8.8627]]],[[[-35.1235,-8.8643],[-35.1237,-8.8645],[-35.1238,-8.8645],[-35.1238,-8.8645],[-35.1235,-8.8643]]],[[[-35.1236,-8.8547],[-35.1236,-8.8555],[-35.1236,-8.8555],[-35.1237,-8.8555],[-35.1236,-8.8547]]],[[[-35.115,-8.8052],[-35.115,-8.8052],[-35.1151,-8.8052],[-35.1151,-8.8052],[-35.115,-8.8052]]],[[[-35.1008,-8.8049],[-35.1008,-8.805],[-35.1008,-8.805],[-35.1007,-8.805],[-35.1008,-8.8049]]],[[[-35.0946,-8.7971],[-35.0946,-8.7972],[-35.0947,-8.7973],[-35.0947,-8.7975],[-35.0946,-8.7971]]],[[[-35.1021,-8.7944],[-35.1022,-8.7944],[-35.1026,-8.7944],[-35.1026,-8.7944],[-35.1021,-8.7944]]],[[[-35.1037,-8.793],[-35.1038,-8.7972],[-35.1041,-8.7932],[-35.1037,-8.793]]],[[[-35.0977,-8.7897],[-35.0977,-8.7898],[-35.0976,-8.7898],[-35.0977,-8.7901],[-35.0977,-8.7897]]],[[[-35.1018,-8.7894],[-35.1016,-8.7894],[-35.1015,-8.7893],[-35.1015,-8.7894],[-35.1018,-8.7894]]],[[[-35.1016,-8.7893],[-35.1016,-8.7893],[-35.1017,-8.7893],[-35.1017,-8.7892],[-35.1016,-8.7893]]],[[[-35.1012,-8.7874],[-35.1012,-8.7874],[-35.1012,-8.7874],[-35.1011,-8.7874],[-35.1012,-8.7874]]],[[[-35.1008,-8.7859],[-35.1007,-8.7859],[-35.1007,-8.7862],[-35.1007,-8.7862],[-35.1008,-8.7859]]],[[[-35.0996,-8.7853],[-35.0996,-8.7853],[-35.0995,-8.7853],[-35.0995,-8.7854],[-35.0996,-8.7853]]],[[[-35.0938,-8.781],[-35.0937,-8.7812],[-35.0937,-8.7812],[-35.0936,-8.7813],[-35.0938,-8.781]]],[[[-35.0916,-8.766],[-35.0916,-8.766],[-35.0915,-8.766],[-35.0915,-8.766],[-35.0916,-8.766]]],[[[-35.0846,-8.764],[-35.0845,-8.764],[-35.0844,-8.764],[-35.0844,-8.7641],[-35.0846,-8.764]]],[[[-35.0916,-8.766],[-35.0916,-8.7662],[-35.0917,-8.7662],[-35.0917,-8.7664],[-35.0916,-8.766]]],[[[-35.0923,-8.7677],[-35.0923,-8.7677],[-35.0924,-8.7677],[-35.0924,-8.7677],[-35.0923,-8.7677]]],[[[-35.0913,-8.7621],[-35.0913,-8.7622],[-35.0912,-8.7622],[-35.0912,-8.7622],[-35.0913,-8.7621]]],[[[-35.0889,-8.7632],[-35.0889,-8.7633],[-35.0893,-8.7633],[-35.0893,-8.7633],[-35.0889,-8.7632]]],[[[-35.0921,-8.7609],[-35.092,-8.761],[-35.092,-8.761],[-35.0919,-8.761],[-35.0921,-8.7609]]],[[[-35.09,-8.7596],[-35.09,-8.7596],[-35.0899,-8.7596],[-35.0899,-8.7597],[-35.09,-8.7596]]],[[[-35.0859,-8.7605],[-35.0858,-8.7606],[-35.0858,-8.7607],[-35.0857,-8.7607],[-35.0859,-8.7605]]],[[[-35.0888,-8.7584],[-35.0888,-8.7587],[-35.0888,-8.7587],[-35.0889,-8.7587],[-35.0888,-8.7584]]],[[[-35.0852,-8.7576],[-35.0851,-8.7577],[-35.0851,-8.7577],[-35.085,-8.7577],[-35.0852,-8.7576]]],[[[-35.0837,-8.7576],[-35.0837,-8.7576],[-35.0837,-8.7576],[-35.0838,-8.7577],[-35.0837,-8.7576]]],[[[-35.087,-8.7569],[-35.087,-8.7571],[-35.0871,-8.7571],[-35.0871,-8.7573],[-35.087,-8.7569]]],[[[-35.0806,-8.7536],[-35.0806,-8.7536],[-35.0807,-8.7536],[-35.0807,-8.7537],[-35.0806,-8.7536]]],[[[-35.0868,-8.7517],[-35.0868,-8.7517],[-35.0866,-8.7517],[-35.0865,-8.7518],[-35.0868,-8.7517]]],[[[-35.0868,-8.7506],[-35.0867,-8.7507],[-35.0866,-8.7507],[-35.0866,-8.7507],[-35.0868,-8.7506]]],[[[-35.0849,-8.7483],[-35.0849,-8.7483],[-35.0847,-8.7483],[-35.0847,-8.7483],[-35.0849,-8.7483]]],[[[-35.0764,-8.7458],[-35.0764,-8.7459],[-35.0765,-8.7459],[-35.0765,-8.7458],[-35.0764,-8.7458]]],[[[-35.0845,-8.7458],[-35.0845,-8.7458],[-35.0845,-8.7458],[-35.0844,-8.7459],[-35.0845,-8.7458]]],[[[-35.0805,-8.7457],[-35.0806,-8.7457],[-35.0806,-8.7457],[-35.0806,-8.7457],[-35.0805,-8.7457]]],[[[-35.0824,-8.7454],[-35.0824,-8.7454],[-35.0826,-8.7454],[-35.0827,-8.7455],[-35.0824,-8.7454]]],[[[-35.0821,-8.7442],[-35.0821,-8.7444],[-35.0822,-8.7445],[-35.0822,-8.7445],[-35.0821,-8.7442]]],[[[-35.0761,-8.7427],[-35.0761,-8.7428],[-35.0759,-8.7429],[-35.0758,-8.7429],[-35.0761,-8.7427]]],[[[-35.0755,-8.7421],[-35.0756,-8.7421],[-35.0756,-8.7421],[-35.0756,-8.7422],[-35.0755,-8.7421]]],[[[-35.0782,-8.7408],[-35.0784,-8.7449],[-35.0797,-8.7411],[-35.0782,-8.7408]]],[[[-35.0742,-8.7378],[-35.0742,-8.7378],[-35.0743,-8.7378],[-35.0743,-8.7378],[-35.0742,-8.7378]]],[[[-35.0739,-8.7374],[-35.0739,-8.7374],[-35.074,-8.7374],[-35.074,-8.7374],[-35.0739,-8.7374]]],[[[-35.0706,-8.7368],[-35.0707,-8.7368],[-35.0707,-8.7369],[-35.0707,-8.737],[-35.0706,-8.7368]]],[[[-35.0758,-8.7358],[-35.0758,-8.7358],[-35.076,-8.7358],[-35.076,-8.7358],[-35.0758,-8.7358]]],[[[-35.0731,-8.732],[-35.0731,-8.7324],[-35.0732,-8.7325],[-35.0732,-8.7325],[-35.0731,-8.732]]],[[[-35.0839,-8.7276],[-35.0856,-8.7315],[-35.0843,-8.7277],[-35.0839,-8.7276]]],[[[-35.0837,-8.7267],[-35.0837,-8.7268],[-35.0838,-8.7268],[-35.0838,-8.7267],[-35.0837,-8.7267]]],[[[-35.0872,-8.7268],[-35.0873,-8.7269],[-35.0873,-8.727],[-35.0874,-8.7271],[-35.0872,-8.7268]]],[[[-35.0695,-8.7253],[-35.0691,-8.7295],[-35.0712,-8.7329],[-35.0708,-8.7288],[-35.0695,-8.7253]]],[[[-35.064,-8.7176],[-35.0641,-8.7177],[-35.0641,-8.7177],[-35.0642,-8.7177],[-35.064,-8.7176]]],[[[-35.0831,-8.7166],[-35.0831,-8.717],[-35.0831,-8.717],[-35.0831,-8.7171],[-35.0831,-8.7166]]],[[[-35.0822,-8.7162],[-35.0822,-8.7162],[-35.0822,-8.7164],[-35.0823,-8.7164],[-35.0822,-8.7162]]],[[[-35.0684,-8.7162],[-35.0685,-8.7162],[-35.0685,-8.7162],[-35.0685,-8.7162],[-35.0684,-8.7162]]],[[[-35.0771,-8.7141],[-35.077,-8.7142],[-35.077,-8.7148],[-35.077,-8.7148],[-35.0771,-8.7141]]],[[[-35.0705,-8.7135],[-35.0733,-8.7163],[-35.0705,-8.7135],[-35.0705,-8.7135]]],[[[-35.0805,-8.7127],[-35.0805,-8.7129],[-35.0805,-8.713],[-35.0805,-8.713],[-35.0805,-8.7127]]],[[[-35.0804,-8.7125],[-35.0804,-8.7126],[-35.0805,-8.7126],[-35.0805,-8.7125],[-35.0804,-8.7125]]],[[[-35.0722,-8.7102],[-35.0722,-8.7103],[-35.0723,-8.7103],[-35.0723,-8.7102],[-35.0722,-8.7102]]],[[[-35.072,-8.7101],[-35.072,-8.7101],[-35.0721,-8.7101],[-35.0721,-8.7101],[-35.072,-8.7101]]],[[[-35.0694,-8.709],[-35.0694,-8.7097],[-35.0694,-8.7098],[-35.0694,-8.7098],[-35.0694,-8.709]]],[[[-35.0744,-8.6975],[-35.0753,-8.7015],[-35.0767,-8.7053],[-35.0766,-8.7013],[-35.0748,-8.6977],[-35.0744,-8.6975]]],[[[-34.8162,-7.0114],[-34.819,-7.0143],[-34.8227,-7.0158],[-34.8206,-7.0124],[-34.8178,-7.0095],[-34.8153,-7.0063],[-34.8174,-7.0028],[-34.8171,-6.9987],[-34.8169,-6.9947],[-34.8161,-6.9907],[-34.8161,-6.9866],[-34.8154,-6.9826],[-34.8153,-6.9785],[-34.8159,-6.9745],[-34.8159,-6.9705],[-34.8166,-6.9664],[-34.8176,-6.9625],[-34.8194,-6.9589],[-34.8214,-6.9553],[-34.8183,-6.9579],[-34.8167,-6.9617],[-34.8156,-6.9656],[-34.8149,-6.9696],[-34.8148,-6.9737],[-34.8144,-6.9777],[-34.814,-6.9817],[-34.8137,-6.9858],[-34.8141,-6.9898],[-34.8136,-6.9939],[-34.8135,-6.9979],[-34.8138,-7.0019],[-34.8132,-7.006],[-34.8137,-7.01],[-34.8162,-7.0114]]],[[[-34.8143,-7.0006],[-34.8143,-7.0004],[-34.8143,-7.0003],[-34.8142,-7.0003],[-34.8143,-7.0006]]],[[[-34.8164,-7.009],[-34.8166,-7.009],[-34.8166,-7.0092],[-34.8159,-7.0091],[-34.8164,-7.009]]],[[[-34.8155,-7.011],[-34.8156,-7.011],[-34.8156,-7.0111],[-34.8155,-7.0111],[-34.8155,-7.011]]],[[[-34.816,-7.0114],[-34.8159,-7.0114],[-34.8158,-7.0114],[-34.8158,-7.0113],[-34.816,-7.0114]]],[[[-34.9123,-6.7963],[-34.9123,-6.7965],[-34.9125,-6.7965],[-34.9125,-6.7967],[-34.9123,-6.7963]]],[[[-34.9128,-6.789],[-34.9128,-6.7892],[-34.913,-6.7888],[-34.913,-6.7886],[-34.9128,-6.789]]],[[[-34.913,-6.7879],[-34.913,-6.7881],[-34.9132,-6.7879],[-34.9134,-6.7877],[-34.913,-6.7879]]],[[[-34.9136,-6.7856],[-34.9136,-6.7858],[-34.9138,-6.7858],[-34.9138,-6.7856],[-34.9136,-6.7856]]],[[[-34.9224,-6.7393],[-34.9207,-6.7429],[-34.9197,-6.747],[-34.9192,-6.751],[-34.9182,-6.755],[-34.9179,-6.7591],[-34.9173,-6.7631],[-34.9168,-6.7671],[-34.916,-6.7712],[-34.9155,-6.7752],[-34.9145,-6.7792],[-34.9158,-6.7754],[-34.9166,-6.7713],[-34.9173,-6.7673],[-34.9183,-6.7633],[-34.9185,-6.7592],[-34.9188,-6.7552],[-34.9196,-6.7512],[-34.9203,-6.7471],[-34.9213,-6.7431],[-34.9234,-6.7396],[-34.9237,-6.7356],[-34.9224,-6.7393]]],[[[-34.9261,-6.7193],[-34.926,-6.7193],[-34.926,-6.7195],[-34.926,-6.7197],[-34.9261,-6.7193]]],[[[-34.9261,-6.7193],[-34.9263,-6.7193],[-34.9263,-6.7191],[-34.9265,-6.7191],[-34.9261,-6.7193]]],[[[-34.9275,-6.7114],[-34.9276,-6.7112],[-34.9275,-6.7112],[-34.9275,-6.7114]]],[[[-34.9885,-6.3845],[-34.9884,-6.3846],[-34.9885,-6.3846],[-34.9885,-6.3847],[-34.9885,-6.3845]]],[[[-34.9885,-6.3845],[-34.9886,-6.3844],[-34.9885,-6.3844],[-34.9885,-6.3845]]],[[[-34.9886,-6.3844],[-34.9886,-6.3844],[-34.9886,-6.3844],[-34.9886,-6.3844]]],[[[-34.9884,-6.3846],[-34.9896,-6.3807],[-34.987,-6.3838],[-34.9864,-6.3878],[-34.9851,-6.3916],[-34.9868,-6.388],[-34.9884,-6.3846]]],[[[-35.0327,-6.2792],[-35.0339,-6.2831],[-35.0336,-6.2791],[-35.0327,-6.2792]]],[[[-35.0337,-6.2782],[-35.0337,-6.2783],[-35.0338,-6.2783],[-35.0337,-6.2782]]],[[[-35.0347,-6.2739],[-35.0334,-6.2777],[-35.0347,-6.2739],[-35.0347,-6.2739]]],[[[-35.0346,-6.2739],[-35.0345,-6.2739],[-35.0344,-6.2739],[-35.0344,-6.2739],[-35.0346,-6.2739]]],[[[-35.0333,-6.2735],[-35.0333,-6.2734],[-35.0332,-6.2734],[-35.0332,-6.2733],[-35.0333,-6.2735]]],[[[-35.0322,-6.2738],[-35.0322,-6.2739],[-35.0323,-6.2739],[-35.0323,-6.2739],[-35.0322,-6.2738]]],[[[-35.0328,-6.2752],[-35.0328,-6.2753],[-35.0329,-6.2753],[-35.0329,-6.2753],[-35.0328,-6.2752]]],[[[-35.0416,-6.2285],[-35.0415,-6.2285],[-35.0415,-6.2286],[-35.0415,-6.2286],[-35.0416,-6.2285]]],[[[-35.0416,-6.2285],[-35.0453,-6.227],[-35.0492,-6.2281],[-35.0531,-6.2273],[-35.0571,-6.2276],[-35.0532,-6.2264],[-35.0492,-6.2265],[-35.0452,-6.226],[-35.0416,-6.2278],[-35.0416,-6.2285]]],[[[-35.1076,-6.0045],[-35.1048,-6.0073],[-35.1052,-6.0113],[-35.1073,-6.0148],[-35.1065,-6.0108],[-35.1069,-6.0068],[-35.1076,-6.0045]]],[[[-35.1123,-5.9909],[-35.1123,-5.9909],[-35.1124,-5.9909],[-35.1124,-5.9909],[-35.1123,-5.9909]]],[[[-35.1156,-5.9865],[-35.1155,-5.9866],[-35.1156,-5.9866],[-35.1156,-5.9865]]],[[[-35.1123,-5.9909],[-35.1141,-5.9873],[-35.1123,-5.9909],[-35.1123,-5.9909]]],[[[-35.1948,-5.694],[-35.1914,-5.6961],[-35.1898,-5.6999],[-35.1921,-5.7036],[-35.1929,-5.6997],[-35.1945,-5.6959],[-35.1982,-5.6943],[-35.1948,-5.694]]],[[[-35.198,-5.6944],[-35.1979,-5.6944],[-35.1979,-5.6943],[-35.198,-5.6943],[-35.198,-5.6944]]],[[[-35.2027,-5.6945],[-35.2064,-5.6921],[-35.2028,-5.6942],[-35.2027,-5.6945]]],[[[-32.4402,-3.8693],[-32.4402,-3.8693],[-32.4402,-3.8693],[-32.4403,-3.8693],[-32.4402,-3.8693]]],[[[-32.4258,-3.866],[-32.4258,-3.866],[-32.4257,-3.866],[-32.4257,-3.866],[-32.4258,-3.866]]],[[[-32.4225,-3.8648],[-32.4225,-3.8649],[-32.4224,-3.8649],[-32.4224,-3.865],[-32.4225,-3.8648]]],[[[-33.8138,-3.8567],[-33.8166,-3.8598],[-33.8151,-3.8636],[-33.8118,-3.8659],[-33.8129,-3.862],[-33.811,-3.8657],[-33.8081,-3.8685],[-33.804,-3.8696],[-33.8,-3.8708],[-33.8033,-3.8733],[-33.8075,-3.8737],[-33.8114,-3.8726],[-33.8149,-3.8703],[-33.8171,-3.8667],[-33.8178,-3.8627],[-33.8174,-3.8586],[-33.8138,-3.8567]]],[[[-32.4046,-3.8563],[-32.4046,-3.8563],[-32.4046,-3.8563],[-32.4046,-3.8563]]],[[[-32.4046,-3.8563],[-32.4047,-3.8563],[-32.4047,-3.8562],[-32.4046,-3.8563]]],[[[-32.4047,-3.8563],[-32.4047,-3.8563],[-32.4046,-3.8563],[-32.4046,-3.8563],[-32.4047,-3.8563]]],[[[-32.3985,-3.8378],[-32.3963,-3.8412],[-32.3989,-3.8381],[-32.3985,-3.8378]]],[[[-32.3973,-3.8351],[-32.3973,-3.8352],[-32.3973,-3.8352],[-32.3973,-3.8353],[-32.3973,-3.8351]]],[[[-39.1361,-16.927],[-39.136,-16.927],[-39.136,-16.927],[-39.136,-16.9271],[-39.1361,-16.927]]],[[[-39.1361,-16.927],[-39.1361,-16.927],[-39.1361,-16.927],[-39.1361,-16.927]]],[[[-39.0483,-16.9221],[-39.0483,-16.9222],[-39.0483,-16.9223],[-39.0483,-16.9225],[-39.0483,-16.9221]]],[[[-39.0483,-16.922],[-39.0483,-16.922],[-39.0483,-16.9221],[-39.0483,-16.922]]],[[[-39.0618,-16.8967],[-39.0618,-16.8966],[-39.0618,-16.8966],[-39.0619,-16.8966],[-39.0618,-16.8967]]],[[[-39.0618,-16.8967],[-39.0617,-16.8967],[-39.0618,-16.8967],[-39.0618,-16.8967]]],[[[-39.1098,-16.8832],[-39.1098,-16.8833],[-39.1097,-16.8833],[-39.1097,-16.8833],[-39.1098,-16.8832]]],[[[-39.1099,-16.8832],[-39.1099,-16.8832],[-39.11,-16.8832],[-39.1098,-16.8833],[-39.1099,-16.8832]]],[[[-32.4346,-3.8686],[-32.4345,-3.8686],[-32.4345,-3.8686],[-32.4345,-3.8686],[-32.4346,-3.8686]]],[[[-32.4348,-3.8685],[-32.4348,-3.8685],[-32.4348,-3.8685],[-32.4348,-3.8685]]],[[[-32.4347,-3.8685],[-32.4348,-3.8685],[-32.4347,-3.8685],[-32.4347,-3.8685]]],[[[-32.4347,-3.8685],[-32.4347,-3.8686],[-32.4347,-3.8686],[-32.4347,-3.8685]]],[[[-32.4346,-3.8686],[-32.4347,-3.8686],[-32.4346,-3.8686],[-32.4346,-3.8686],[-32.4346,-3.8686]]]]},"properties":{"nome":"Recifes Central da Bahia (Salvador/Tinhar\u00e9) (\u00e1rea 1)","regiao":"Recifes Central da Bahia (Salvador/Tinhar\u00e9)","area_km2":88.26}},{"type":"Feature","geometry":{"type":"MultiPolygon","coordinates":[[[[-39.6409,-18.3081],[-39.6409,-18.3083],[-39.6409,-18.3086],[-39.6409,-18.3088],[-39.6409,-18.3081]]],[[[-39.0758,-16.5757],[-39.0758,-16.5759],[-39.0756,-16.5759],[-39.0756,-16.5761],[-39.0758,-16.5757]]],[[[-39.0766,-16.5698],[-39.0766,-16.5699],[-39.0764,-16.5699],[-39.0763,-16.5699],[-39.0766,-16.5698]]],[[[-39.0742,-16.5451],[-39.0742,-16.5452],[-39.074,-16.5452],[-39.074,-16.5454],[-39.0742,-16.5451]]],[[[-39.0737,-16.5331],[-39.0737,-16.5333],[-39.0737,-16.5335],[-39.0737,-16.5336],[-39.0737,-16.5331]]],[[[-39.0601,-16.5318],[-39.0601,-16.532],[-39.0601,-16.5321],[-39.0603,-16.5321],[-39.0601,-16.5318]]],[[[-39.0656,-16.5277],[-39.0655,-16.5277],[-39.0655,-16.5278],[-39.0655,-16.528],[-39.0656,-16.5277]]],[[[-39.0656,-16.5277],[-39.0656,-16.5275],[-39.0655,-16.5275],[-39.0656,-16.5277]]],[[[-39.0582,-16.5217],[-39.0582,-16.5218],[-39.0581,-16.5218],[-39.0581,-16.522],[-39.0582,-16.5217]]],[[[-39.0515,-16.4434],[-39.0522,-16.4474],[-39.0527,-16.4514],[-39.0538,-16.4554],[-39.0541,-16.4597],[-39.0551,-16.4637],[-39.0557,-16.4597],[-39.0548,-16.4557],[-39.0536,-16.4517],[-39.0531,-16.4477],[-39.0522,-16.4438],[-39.0515,-16.4434]]],[[[-39.0333,-16.4336],[-39.0333,-16.4337],[-39.0333,-16.434],[-39.0333,-16.4343],[-39.0333,-16.4336]]],[[[-39.0321,-16.4256],[-39.0321,-16.4258],[-39.0323,-16.4258],[-39.0324,-16.4258],[-39.0321,-16.4256]]],[[[-39.0276,-16.4223],[-39.0276,-16.4225],[-39.0276,-16.4226],[-39.0276,-16.4227],[-39.0276,-16.4223]]],[[[-38.9917,-16.4207],[-38.9905,-16.4252],[-38.9921,-16.4212],[-38.9917,-16.4207]]],[[[-38.9882,-16.4197],[-38.9882,-16.4198],[-38.9881,-16.4198],[-38.988,-16.4198],[-38.9882,-16.4197]]],[[[-38.9818,-16.4211],[-38.9813,-16.4216],[-38.981,-16.4215],[-38.9811,-16.4212],[-38.9818,-16.4211]]],[[[-38.9897,-16.4175],[-38.9897,-16.4175],[-38.9898,-16.4175],[-38.9899,-16.4175],[-38.9897,-16.4175]]],[[[-39.0427,-16.4154],[-39.0427,-16.4156],[-39.0428,-16.4156],[-39.0431,-16.4156],[-39.0427,-16.4154]]],[[[-38.9841,-16.4143],[-38.984,-16.4144],[-38.9839,-16.4144],[-38.9837,-16.4144],[-38.9841,-16.4143]]],[[[-38.9773,-16.4182],[-38.9732,-16.4177],[-38.9744,-16.4215],[-38.9784,-16.42],[-38.9777,-16.4153],[-38.9773,-16.4182]]],[[[-39.0118,-16.4152],[-39.0118,-16.4153],[-39.0119,-16.4153],[-39.0119,-16.4154],[-39.0118,-16.4152]]],[[[-39.0102,-16.4116],[-39.0101,-16.4116],[-39.01,-16.4116],[-39.0099,-16.4116],[-39.0102,-16.4116]]],[[[-38.9864,-16.4116],[-38.9864,-16.4156],[-38.9873,-16.4118],[-38.9864,-16.4116]]],[[[-38.9834,-16.4108],[-38.9834,-16.411],[-38.9834,-16.4113],[-38.9834,-16.4115],[-38.9834,-16.4108]]],[[[-39.0108,-16.4098],[-39.0106,-16.4098],[-39.0106,-16.4096],[-39.0104,-16.4096],[-39.0108,-16.4098]]],[[[-38.9827,-16.4058],[-38.9814,-16.4097],[-38.9779,-16.4119],[-38.9818,-16.4129],[-38.9826,-16.4088],[-38.9827,-16.4058]]],[[[-38.987,-16.403],[-38.9871,-16.4035],[-38.9873,-16.4038],[-38.9877,-16.404],[-38.987,-16.403]]],[[[-38.9734,-16.3969],[-38.971,-16.4007],[-38.9697,-16.4048],[-38.9687,-16.409],[-38.9706,-16.4127],[-38.9725,-16.4086],[-38.9704,-16.4041],[-38.9725,-16.4002],[-38.975,-16.3968],[-38.9734,-16.3969]]],[[[-38.9769,-16.3941],[-38.9765,-16.3943],[-38.9762,-16.3943],[-38.9758,-16.3943],[-38.9769,-16.3941]]],[[[-38.9643,-16.2669],[-38.9653,-16.271],[-38.9647,-16.2669],[-38.9643,-16.2669]]],[[[-38.9649,-16.2543],[-38.9651,-16.2544],[-38.9651,-16.2542],[-38.9649,-16.2542],[-38.9649,-16.2543]]],[[[-38.9651,-16.2544],[-38.9647,-16.2584],[-38.9678,-16.2558],[-38.9651,-16.2544]]],[[[-38.9843,-16.2479],[-38.9845,-16.2479],[-38.9845,-16.2477],[-38.9845,-16.2475],[-38.9843,-16.2479]]],[[[-38.966,-16.2303],[-38.9672,-16.2342],[-38.9672,-16.2301],[-38.966,-16.2303]]],[[[-38.9574,-16.2271],[-38.9574,-16.2273],[-38.9572,-16.2273],[-38.9572,-16.2275],[-38.9574,-16.2271]]],[[[-38.9558,-16.2165],[-38.9553,-16.2166],[-38.9553,-16.2168],[-38.9551,-16.2168],[-38.9558,-16.2165]]],[[[-38.9561,-16.2164],[-38.9561,-16.2166],[-38.9559,-16.2166],[-38.9557,-16.2166],[-38.9561,-16.2164]]],[[[-38.9424,-16.2141],[-38.9421,-16.2143],[-38.9419,-16.2143],[-38.9417,-16.2143],[-38.9424,-16.2141]]],[[[-38.9309,-16.2002],[-38.9294,-16.204],[-38.9294,-16.208],[-38.9334,-16.2093],[-38.9355,-16.2058],[-38.9321,-16.2036],[-38.9332,-16.1996],[-38.9309,-16.2002]]],[[[-38.9348,-16.2068],[-38.9348,-16.207],[-38.9346,-16.207],[-38.9344,-16.207],[-38.9348,-16.2068]]],[[[-38.9013,-16.1702],[-38.9023,-16.1708],[-38.9023,-16.1706],[-38.9021,-16.1706],[-38.9013,-16.1702]]],[[[-38.901,-16.1702],[-38.9008,-16.1702],[-38.9006,-16.1704],[-38.9004,-16.1704],[-38.901,-16.1702]]],[[[-38.901,-16.1702],[-38.9012,-16.1702],[-38.9013,-16.1702],[-38.901,-16.17],[-38.901,-16.1702]]],[[[-38.9445,-16.1486],[-38.9411,-16.1508],[-38.9417,-16.1548],[-38.9422,-16.1589],[-38.944,-16.1625],[-38.9476,-16.1646],[-38.9451,-16.1613],[-38.9434,-16.1577],[-38.9436,-16.1536],[-38.9447,-16.1496],[-38.9445,-16.1486]]],[[[-38.9237,-13.6819],[-38.924,-13.6819],[-38.924,-13.6817],[-38.9241,-13.6816],[-38.9237,-13.6819]]],[[[-38.9136,-13.6767],[-38.9138,-13.6767],[-38.9138,-13.6765],[-38.9138,-13.6763],[-38.9136,-13.6767]]],[[[-38.92,-13.6722],[-38.9201,-13.6721],[-38.92,-13.672],[-38.92,-13.672],[-38.92,-13.6722]]],[[[-38.9166,-13.6686],[-38.9166,-13.6688],[-38.9167,-13.6686],[-38.9167,-13.6688],[-38.9166,-13.6686]]],[[[-38.9072,-13.6673],[-38.9077,-13.6713],[-38.9088,-13.6674],[-38.9072,-13.6673]]],[[[-38.92,-13.672],[-38.9168,-13.6695],[-38.9146,-13.673],[-38.9176,-13.6758],[-38.9212,-13.6736],[-38.9237,-13.6768],[-38.9242,-13.6728],[-38.927,-13.6697],[-38.9287,-13.6661],[-38.925,-13.6678],[-38.9217,-13.6654],[-38.9187,-13.6682],[-38.92,-13.672]]],[[[-38.9224,-13.6698],[-38.9223,-13.6697],[-38.9222,-13.6696],[-38.9221,-13.6697],[-38.9224,-13.6698]]],[[[-38.9188,-13.6731],[-38.919,-13.6732],[-38.919,-13.6734],[-38.9188,-13.6735],[-38.9188,-13.6731]]],[[[-38.9128,-13.6637],[-38.9127,-13.6638],[-38.9125,-13.6638],[-38.9124,-13.6639],[-38.9128,-13.6637]]],[[[-38.9164,-13.6637],[-38.9205,-13.6639],[-38.9171,-13.6618],[-38.9164,-13.6637]]],[[[-38.9195,-13.5736],[-38.9189,-13.5777],[-38.92,-13.5737],[-38.9195,-13.5736]]],[[[-38.9223,-13.5706],[-38.9183,-13.5708],[-38.9222,-13.572],[-38.9223,-13.5706]]],[[[-38.9261,-13.5078],[-38.926,-13.5079],[-38.9258,-13.5079],[-38.9257,-13.508],[-38.9261,-13.5078]]],[[[-38.912,-13.4888],[-38.9119,-13.4889],[-38.9117,-13.4889],[-38.9116,-13.4888],[-38.912,-13.4888]]],[[[-38.9076,-13.4879],[-38.9072,-13.488],[-38.907,-13.488],[-38.907,-13.4882],[-38.9076,-13.4879]]],[[[-38.9096,-13.4892],[-38.9097,-13.4893],[-38.9097,-13.4891],[-38.9097,-13.4889],[-38.9096,-13.4892]]],[[[-38.8987,-13.4637],[-38.8987,-13.4638],[-38.8985,-13.4638],[-38.8984,-13.4639],[-38.8987,-13.4637]]],[[[-38.9087,-13.4007],[-38.9089,-13.4007],[-38.9091,-13.4006],[-38.9092,-13.4005],[-38.9087,-13.4007]]],[[[-38.9671,-13.3246],[-38.9671,-13.3248],[-38.9672,-13.3249],[-38.9672,-13.3251],[-38.9671,-13.3246]]],[[[-38.871,-13.1876],[-38.8709,-13.1877],[-38.8707,-13.1877],[-38.8707,-13.1879],[-38.871,-13.1876]]],[[[-38.8641,-13.1867],[-38.8645,-13.1867],[-38.8646,-13.1866],[-38.8646,-13.1864],[-38.8641,-13.1867]]],[[[-38.8627,-13.1841],[-38.8626,-13.1842],[-38.8623,-13.1842],[-38.8622,-13.1843],[-38.8627,-13.1841]]],[[[-38.7465,-13.1294],[-38.7469,-13.1335],[-38.7492,-13.1368],[-38.7483,-13.1328],[-38.7465,-13.1294]]],[[[-38.3678,-12.9541],[-38.3679,-12.9543],[-38.3681,-12.9543],[-38.3683,-12.9543],[-38.3678,-12.9541]]],[[[-38.3708,-12.9492],[-38.3707,-12.9493],[-38.3705,-12.9493],[-38.3704,-12.9493],[-38.3708,-12.9492]]],[[[-36.2773,-10.3549],[-36.2774,-10.355],[-36.2776,-10.355],[-36.2778,-10.355],[-36.2773,-10.3549]]],[[[-36.2767,-10.3492],[-36.2766,-10.3492],[-36.2765,-10.3493],[-36.2765,-10.3495],[-36.2767,-10.3492]]],[[[-36.2083,-10.2631],[-36.2095,-10.2671],[-36.2128,-10.2693],[-36.2114,-10.2655],[-36.2091,-10.2621],[-36.2083,-10.2631]]],[[[-36.1748,-10.2275],[-36.1747,-10.2276],[-36.1747,-10.2278],[-36.1748,-10.2279],[-36.1748,-10.2275]]],[[[-36.1682,-10.2282],[-36.1683,-10.2283],[-36.1685,-10.2283],[-36.1687,-10.2283],[-36.1682,-10.2282]]],[[[-36.1783,-10.2262],[-36.1783,-10.2265],[-36.1782,-10.2266],[-36.1781,-10.2267],[-36.1783,-10.2262]]],[[[-36.176,-10.2249],[-36.1758,-10.2249],[-36.1757,-10.2248],[-36.1755,-10.2248],[-36.176,-10.2249]]],[[[-36.1707,-10.2225],[-36.1708,-10.2226],[-36.171,-10.2226],[-36.1711,-10.2227],[-36.1707,-10.2225]]],[[[-36.157,-10.2158],[-36.157,-10.216],[-36.1571,-10.2161],[-36.1572,-10.2162],[-36.157,-10.2158]]],[[[-36.1514,-10.2154],[-36.1535,-10.2189],[-36.1556,-10.2224],[-36.1547,-10.2184],[-36.1535,-10.2145],[-36.1514,-10.2154]]],[[[-36.1645,-10.2162],[-36.1675,-10.2191],[-36.1649,-10.2158],[-36.1645,-10.2162]]],[[[-36.1672,-10.2134],[-36.1673,-10.2135],[-36.1674,-10.2135],[-36.1675,-10.2136],[-36.1672,-10.2134]]],[[[-36.1648,-10.2087],[-36.1646,-10.2087],[-36.1645,-10.2086],[-36.1643,-10.2086],[-36.1648,-10.2087]]],[[[-36.1605,-10.2089],[-36.1638,-10.2114],[-36.1612,-10.2082],[-36.1605,-10.2089]]],[[[-36.1492,-10.2049],[-36.145,-10.2056],[-36.1479,-10.2084],[-36.1511,-10.206],[-36.1492,-10.2049]]],[[[-36.1312,-10.1946],[-36.1341,-10.1974],[-36.1366,-10.2006],[-36.1397,-10.2033],[-36.1425,-10.2062],[-36.1401,-10.2029],[-36.1371,-10.2001],[-36.1344,-10.1971],[-36.1312,-10.1946]]],[[[-36.1406,-10.1934],[-36.1405,-10.1936],[-36.1403,-10.1935],[-36.1402,-10.1934],[-36.1406,-10.1934]]],[[[-36.1349,-10.1894],[-36.1349,-10.1895],[-36.1348,-10.1896],[-36.1347,-10.1897],[-36.1349,-10.1894]]],[[[-36.0966,-10.1819],[-36.0964,-10.1819],[-36.0963,-10.1818],[-36.0961,-10.1818],[-36.0966,-10.1819]]],[[[-36.1409,-10.1697],[-36.1408,-10.1697],[-36.1406,-10.1697],[-36.1406,-10.1699],[-36.1409,-10.1697]]],[[[-36.1409,-10.1697],[-36.1409,-10.1696],[-36.1408,-10.1696],[-36.1409,-10.1697]]],[[[-36.1159,-10.1776],[-36.1182,-10.1809],[-36.121,-10.1839],[-36.1231,-10.1874],[-36.126,-10.1903],[-36.1294,-10.1923],[-36.1273,-10.1888],[-36.1244,-10.1859],[-36.1216,-10.1829],[-36.1192,-10.1797],[-36.1168,-10.1765],[-36.1142,-10.1734],[-36.1116,-10.1701],[-36.1131,-10.1738],[-36.1157,-10.177],[-36.1159,-10.1776]]],[[[-36.1162,-10.1432],[-36.118,-10.1468],[-36.1201,-10.1502],[-36.122,-10.1539],[-36.1242,-10.1573],[-36.1258,-10.161],[-36.1282,-10.1643],[-36.1305,-10.1676],[-36.1333,-10.1704],[-36.131,-10.167],[-36.1287,-10.1637],[-36.1262,-10.1606],[-36.1243,-10.157],[-36.1225,-10.1532],[-36.1204,-10.1497],[-36.1183,-10.1462],[-36.1162,-10.1432]]],[[[-36.1162,-10.1432],[-36.1162,-10.1431],[-36.1161,-10.1429],[-36.1161,-10.1431],[-36.1162,-10.1432]]],[[[-36.1043,-10.1403],[-36.1042,-10.1404],[-36.1041,-10.1405],[-36.1039,-10.1405],[-36.1043,-10.1403]]],[[[-36.1045,-10.1371],[-36.1046,-10.1372],[-36.1047,-10.1373],[-36.1048,-10.1374],[-36.1045,-10.1371]]],[[[-36.1023,-10.1355],[-36.1022,-10.1356],[-36.1022,-10.1358],[-36.1024,-10.1358],[-36.1023,-10.1355]]],[[[-36.103,-10.1351],[-36.1031,-10.1352],[-36.1033,-10.1352],[-36.1035,-10.1352],[-36.103,-10.1351]]],[[[-36.1014,-10.1337],[-36.1014,-10.1339],[-36.1014,-10.1341],[-36.1013,-10.1342],[-36.1014,-10.1337]]],[[[-36.1007,-10.1329],[-36.1006,-10.133],[-36.1005,-10.1329],[-36.1004,-10.1328],[-36.1007,-10.1329]]],[[[-36.098,-10.1312],[-36.098,-10.1314],[-36.0981,-10.1315],[-36.0983,-10.1315],[-36.098,-10.1312]]],[[[-36.098,-10.1278],[-36.0979,-10.1279],[-36.0978,-10.128],[-36.0978,-10.1282],[-36.098,-10.1278]]],[[[-36.098,-10.1278],[-36.0983,-10.1277],[-36.0981,-10.1277],[-36.098,-10.1278]]],[[[-36.0512,-10.0982],[-36.0511,-10.0983],[-36.051,-10.0983],[-36.051,-10.0984],[-36.0512,-10.0982]]],[[[-36.0659,-10.0965],[-36.0643,-10.1003],[-36.0674,-10.0978],[-36.0659,-10.0965]]],[[[-36.0488,-10.0956],[-36.0487,-10.0957],[-36.0486,-10.0957],[-36.0485,-10.0958],[-36.0488,-10.0956]]],[[[-36.0657,-10.0945],[-36.0657,-10.0947],[-36.0659,-10.0947],[-36.0659,-10.0948],[-36.0657,-10.0945]]],[[[-36.0641,-10.0934],[-36.0641,-10.0936],[-36.0642,-10.0936],[-36.0642,-10.0937],[-36.0641,-10.0934]]],[[[-36.061,-10.0938],[-36.0612,-10.0978],[-36.0618,-10.0938],[-36.061,-10.0938]]],[[[-36.0546,-10.0916],[-36.0546,-10.0918],[-36.0546,-10.0919],[-36.0547,-10.092],[-36.0546,-10.0916]]],[[[-36.0531,-10.0904],[-36.053,-10.0905],[-36.0529,-10.0905],[-36.0529,-10.0907],[-36.0531,-10.0904]]],[[[-36.0357,-10.0756],[-36.0368,-10.0795],[-36.0371,-10.0755],[-36.0357,-10.0756]]],[[[-36.0353,-10.0677],[-36.0355,-10.068],[-36.0353,-10.068],[-36.0352,-10.068],[-36.0353,-10.0677]]],[[[-35.903,-9.8975],[-35.903,-9.8976],[-35.903,-9.8978],[-35.903,-9.8979],[-35.903,-9.8975]]],[[[-35.9028,-9.8946],[-35.9027,-9.8947],[-35.9027,-9.8949],[-35.9028,-9.8949],[-35.9028,-9.8946]]],[[[-35.8138,-9.7478],[-35.8138,-9.7479],[-35.8139,-9.7481],[-35.814,-9.7482],[-35.8138,-9.7478]]],[[[-35.8138,-9.7478],[-35.8117,-9.7443],[-35.8092,-9.7412],[-35.8065,-9.7381],[-35.8038,-9.7352],[-35.8062,-9.7384],[-35.8085,-9.7417],[-35.8112,-9.7447],[-35.8138,-9.7478]]],[[[-35.7945,-9.7287],[-35.797,-9.732],[-35.7995,-9.7351],[-35.802,-9.7383],[-35.8043,-9.7418],[-35.8071,-9.7447],[-35.8095,-9.748],[-35.8119,-9.7512],[-35.8143,-9.7544],[-35.8169,-9.7575],[-35.8199,-9.7602],[-35.8224,-9.7633],[-35.8248,-9.7666],[-35.8278,-9.7695],[-35.8302,-9.7728],[-35.8281,-9.7693],[-35.8253,-9.7663],[-35.8231,-9.763],[-35.8208,-9.7596],[-35.8177,-9.7568],[-35.8152,-9.7537],[-35.8124,-9.7507],[-35.8101,-9.7473],[-35.8076,-9.7442],[-35.8052,-9.741],[-35.8027,-9.7379],[-35.8001,-9.7348],[-35.7973,-9.7318],[-35.7948,-9.7287],[-35.7945,-9.7287]]],[[[-35.7944,-9.7286],[-35.7944,-9.7287],[-35.7945,-9.7287],[-35.7945,-9.7286],[-35.7944,-9.7286]]],[[[-35.7943,-9.7285],[-35.7943,-9.7286],[-35.7944,-9.7286],[-35.7944,-9.7285],[-35.7943,-9.7285]]],[[[-35.7899,-9.7237],[-35.7899,-9.7238],[-35.7899,-9.7239],[-35.79,-9.7239],[-35.7899,-9.7237]]],[[[-35.7899,-9.7237],[-35.7899,-9.7235],[-35.7897,-9.7234],[-35.7897,-9.7235],[-35.7899,-9.7237]]],[[[-35.7796,-9.7124],[-35.7819,-9.7157],[-35.7854,-9.7177],[-35.7823,-9.7151],[-35.7796,-9.7124]]],[[[-35.7786,-9.7118],[-35.7786,-9.7119],[-35.7787,-9.7119],[-35.7787,-9.7118],[-35.7786,-9.7118]]],[[[-35.7786,-9.7118],[-35.7786,-9.7117],[-35.7786,-9.7115],[-35.7786,-9.7114],[-35.7786,-9.7118]]],[[[-35.773,-9.7057],[-35.773,-9.7058],[-35.773,-9.706],[-35.7729,-9.706],[-35.773,-9.7057]]],[[[-35.7463,-9.7049],[-35.7451,-9.7092],[-35.7501,-9.7101],[-35.7462,-9.7088],[-35.7471,-9.7049],[-35.7463,-9.7049]]],[[[-35.7687,-9.7016],[-35.7686,-9.7016],[-35.7685,-9.7016],[-35.7684,-9.7016],[-35.7687,-9.7016]]],[[[-35.7687,-9.7016],[-35.7687,-9.7015],[-35.7686,-9.7015],[-35.7685,-9.7015],[-35.7687,-9.7016]]],[[[-35.7199,-9.6888],[-35.7199,-9.6889],[-35.7199,-9.6889],[-35.7199,-9.6891],[-35.7199,-9.6888]]],[[[-35.7199,-9.6886],[-35.7199,-9.6887],[-35.7199,-9.6887],[-35.7199,-9.6887],[-35.7199,-9.6886]]],[[[-35.7183,-9.6884],[-35.7183,-9.6884],[-35.7183,-9.6884],[-35.7183,-9.6884],[-35.7183,-9.6884]]],[[[-35.7185,-9.6884],[-35.7185,-9.6885],[-35.7185,-9.6885],[-35.719,-9.6885],[-35.7185,-9.6884]]],[[[-35.7078,-9.6791],[-35.7091,-9.6829],[-35.7127,-9.6849],[-35.7159,-9.6875],[-35.7151,-9.6835],[-35.7116,-9.6812],[-35.7078,-9.6788],[-35.7078,-9.6791]]],[[[-35.701,-9.676],[-35.7007,-9.68],[-35.7042,-9.6823],[-35.7025,-9.6786],[-35.701,-9.676]]],[[[-35.6978,-9.675],[-35.6976,-9.675],[-35.6975,-9.675],[-35.6972,-9.675],[-35.6978,-9.675]]],[[[-35.7012,-9.6745],[-35.7013,-9.6746],[-35.7013,-9.6746],[-35.7013,-9.6747],[-35.7012,-9.6745]]],[[[-35.7011,-9.6741],[-35.7011,-9.6742],[-35.7012,-9.6742],[-35.7012,-9.6741],[-35.7011,-9.6741]]],[[[-35.7012,-9.674],[-35.7012,-9.6741],[-35.7013,-9.6741],[-35.7013,-9.674],[-35.7012,-9.674]]],[[[-35.6966,-9.674],[-35.6966,-9.674],[-35.6965,-9.6741],[-35.6965,-9.6747],[-35.6966,-9.674]]],[[[-35.697,-9.6741],[-35.6969,-9.6741],[-35.6969,-9.674],[-35.697,-9.674],[-35.697,-9.6741]]],[[[-35.6933,-9.6595],[-35.6934,-9.6596],[-35.6934,-9.6599],[-35.6935,-9.66],[-35.6933,-9.6595]]],[[[-35.6888,-9.6471],[-35.6888,-9.6472],[-35.6888,-9.6473],[-35.6887,-9.6473],[-35.6888,-9.6471]]],[[[-35.69,-9.6457],[-35.69,-9.6458],[-35.6901,-9.6458],[-35.6901,-9.6457],[-35.69,-9.6457]]],[[[-35.688,-9.6451],[-35.688,-9.6452],[-35.6879,-9.6452],[-35.6879,-9.6455],[-35.688,-9.6451]]],[[[-35.6877,-9.6447],[-35.6877,-9.6447],[-35.6879,-9.6447],[-35.6879,-9.6448],[-35.6877,-9.6447]]],[[[-35.6854,-9.6319],[-35.6854,-9.6319],[-35.6855,-9.6319],[-35.6855,-9.6319],[-35.6854,-9.6319]]],[[[-35.6856,-9.632],[-35.6856,-9.632],[-35.6856,-9.632],[-35.6856,-9.632],[-35.6856,-9.632]]],[[[-35.6842,-9.6312],[-35.6842,-9.6312],[-35.6844,-9.6312],[-35.6844,-9.6313],[-35.6842,-9.6312]]],[[[-35.6741,-9.618],[-35.6741,-9.618],[-35.6741,-9.618],[-35.6741,-9.6181],[-35.6741,-9.618]]],[[[-35.6733,-9.6158],[-35.6733,-9.6159],[-35.6734,-9.6159],[-35.6733,-9.616],[-35.6733,-9.6158]]],[[[-35.6774,-9.6093],[-35.6775,-9.6095],[-35.6775,-9.6095],[-35.6775,-9.6095],[-35.6774,-9.6093]]],[[[-35.6757,-9.6049],[-35.6757,-9.6049],[-35.6755,-9.6049],[-35.6755,-9.6049],[-35.6757,-9.6049]]],[[[-35.6758,-9.6049],[-35.6758,-9.6049],[-35.6757,-9.6049],[-35.6757,-9.6049],[-35.6758,-9.6049]]],[[[-35.6758,-9.6049],[-35.6758,-9.6049],[-35.6758,-9.605],[-35.6758,-9.605],[-35.6758,-9.6049]]],[[[-35.6768,-9.6048],[-35.6768,-9.6049],[-35.6768,-9.605],[-35.6768,-9.605],[-35.6768,-9.6048]]],[[[-35.666,-9.5976],[-35.6659,-9.5976],[-35.6659,-9.5976],[-35.6659,-9.5976],[-35.666,-9.5976]]],[[[-35.6644,-9.5925],[-35.6643,-9.5927],[-35.6641,-9.5927],[-35.6641,-9.5927],[-35.6644,-9.5925]]],[[[-35.6597,-9.5921],[-35.6597,-9.5922],[-35.6597,-9.5922],[-35.6597,-9.5921],[-35.6597,-9.5921]]],[[[-35.6636,-9.5913],[-35.6636,-9.5916],[-35.6637,-9.5917],[-35.6637,-9.5918],[-35.6636,-9.5913]]],[[[-35.6586,-9.5912],[-35.6587,-9.5912],[-35.6588,-9.5912],[-35.6589,-9.5912],[-35.6586,-9.5912]]],[[[-35.6607,-9.59],[-35.6607,-9.5902],[-35.6607,-9.5902],[-35.6607,-9.5902],[-35.6607,-9.59]]],[[[-35.6617,-9.589],[-35.6616,-9.589],[-35.6616,-9.589],[-35.6614,-9.589],[-35.6617,-9.589]]],[[[-35.6554,-9.5844],[-35.6555,-9.5847],[-35.6555,-9.5848],[-35.6555,-9.5849],[-35.6554,-9.5844]]],[[[-35.6536,-9.5826],[-35.6536,-9.5827],[-35.6535,-9.5826],[-35.6531,-9.5826],[-35.6536,-9.5826]]],[[[-35.653,-9.5807],[-35.6529,-9.5807],[-35.6529,-9.5807],[-35.6529,-9.5805],[-35.653,-9.5807]]],[[[-35.6515,-9.5779],[-35.6515,-9.578],[-35.6515,-9.578],[-35.6515,-9.5785],[-35.6515,-9.5779]]],[[[-35.6525,-9.58],[-35.6553,-9.5829],[-35.6569,-9.5868],[-35.6606,-9.5885],[-35.659,-9.5847],[-35.6563,-9.5817],[-35.6547,-9.5779],[-35.6525,-9.58]]],[[[-35.6414,-9.571],[-35.6414,-9.5711],[-35.6414,-9.5711],[-35.6412,-9.5713],[-35.6414,-9.571]]],[[[-35.6402,-9.5709],[-35.6403,-9.571],[-35.6404,-9.571],[-35.6404,-9.5711],[-35.6402,-9.5709]]],[[[-35.6437,-9.5658],[-35.6462,-9.5689],[-35.6437,-9.5658],[-35.6437,-9.5658]]],[[[-35.617,-9.5654],[-35.617,-9.5655],[-35.6167,-9.5655],[-35.6167,-9.5655],[-35.617,-9.5654]]],[[[-35.6169,-9.5654],[-35.6169,-9.5654],[-35.617,-9.5654],[-35.617,-9.5654],[-35.6169,-9.5654]]],[[[-35.6167,-9.5653],[-35.6167,-9.5654],[-35.6168,-9.5654],[-35.6168,-9.5653],[-35.6167,-9.5653]]],[[[-35.6164,-9.5638],[-35.6164,-9.5646],[-35.6165,-9.5647],[-35.6165,-9.5647],[-35.6164,-9.5638]]],[[[-35.6162,-9.5638],[-35.6162,-9.5638],[-35.6163,-9.5638],[-35.6163,-9.5638],[-35.6162,-9.5638]]],[[[-35.6103,-9.5601],[-35.6132,-9.5628],[-35.6103,-9.5601],[-35.6103,-9.5601]]],[[[-35.6143,-9.5587],[-35.6143,-9.5591],[-35.6143,-9.5591],[-35.6143,-9.5591],[-35.6143,-9.5587]]],[[[-35.6144,-9.5594],[-35.6143,-9.5594],[-35.6143,-9.5594],[-35.6144,-9.5594],[-35.6144,-9.5594]]],[[[-35.6145,-9.5595],[-35.6145,-9.5596],[-35.6144,-9.5596],[-35.6144,-9.5595],[-35.6145,-9.5595]]],[[[-35.6155,-9.5587],[-35.6155,-9.5588],[-35.6156,-9.5588],[-35.6156,-9.5587],[-35.6155,-9.5587]]],[[[-35.6156,-9.5593],[-35.6156,-9.5593],[-35.616,-9.5593],[-35.616,-9.5592],[-35.6156,-9.5593]]],[[[-35.6156,-9.5587],[-35.6156,-9.5587],[-35.6156,-9.5587],[-35.6156,-9.5587],[-35.6156,-9.5587]]],[[[-35.6162,-9.5586],[-35.6162,-9.5586],[-35.6163,-9.5586],[-35.6163,-9.5586],[-35.6162,-9.5586]]],[[[-35.6151,-9.5577],[-35.6151,-9.558],[-35.6152,-9.558],[-35.6152,-9.558],[-35.6151,-9.5577]]],[[[-35.6119,-9.5558],[-35.6119,-9.5558],[-35.6117,-9.5559],[-35.6116,-9.5559],[-35.6119,-9.5558]]],[[[-35.6103,-9.5558],[-35.6104,-9.5559],[-35.6104,-9.5559],[-35.6104,-9.5559],[-35.6103,-9.5558]]],[[[-35.6113,-9.5547],[-35.6113,-9.5547],[-35.6113,-9.5547],[-35.6111,-9.5547],[-35.6113,-9.5547]]],[[[-35.6319,-9.5545],[-35.6319,-9.5549],[-35.6319,-9.5549],[-35.6319,-9.5549],[-35.6319,-9.5545]]],[[[-35.6297,-9.5531],[-35.6297,-9.5532],[-35.6297,-9.5532],[-35.6297,-9.5531],[-35.6297,-9.5531]]],[[[-35.6237,-9.5528],[-35.6237,-9.5529],[-35.6238,-9.5529],[-35.6238,-9.5529],[-35.6237,-9.5528]]],[[[-35.0672,-8.7037],[-35.0672,-8.7037],[-35.0673,-8.7037],[-35.0673,-8.7037],[-35.0672,-8.7037]]],[[[-35.071,-8.6995],[-35.071,-8.6995],[-35.0711,-8.6995],[-35.0711,-8.6996],[-35.071,-8.6995]]],[[[-35.0695,-8.6974],[-35.0695,-8.6977],[-35.0695,-8.6977],[-35.0696,-8.6977],[-35.0695,-8.6974]]],[[[-35.054,-8.695],[-35.0556,-8.6987],[-35.0574,-8.7023],[-35.0565,-8.6984],[-35.0544,-8.695],[-35.054,-8.695]]],[[[-35.0683,-8.691],[-35.0683,-8.691],[-35.0683,-8.691],[-35.0683,-8.691],[-35.0683,-8.691]]],[[[-35.0641,-8.6817],[-35.0647,-8.6858],[-35.0681,-8.6881],[-35.07,-8.6917],[-35.0711,-8.6956],[-35.0719,-8.6917],[-35.07,-8.6879],[-35.0673,-8.6848],[-35.0644,-8.6818],[-35.0641,-8.6817]]],[[[-35.0654,-8.6715],[-35.0655,-8.6716],[-35.0655,-8.6717],[-35.0655,-8.6717],[-35.0654,-8.6715]]],[[[-35.0597,-8.6713],[-35.0597,-8.6717],[-35.0598,-8.6718],[-35.0598,-8.6718],[-35.0597,-8.6713]]],[[[-35.0627,-8.6712],[-35.0618,-8.6752],[-35.0639,-8.6786],[-35.0679,-8.6794],[-35.066,-8.6759],[-35.064,-8.6722],[-35.0627,-8.6712]]],[[[-35.0603,-8.6697],[-35.0603,-8.6697],[-35.0603,-8.6698],[-35.0603,-8.6698],[-35.0603,-8.6697]]],[[[-35.0655,-8.6657],[-35.0655,-8.6658],[-35.0655,-8.6661],[-35.0655,-8.6662],[-35.0655,-8.6657]]],[[[-35.0674,-8.6657],[-35.0674,-8.6658],[-35.0675,-8.6658],[-35.0675,-8.6658],[-35.0674,-8.6657]]],[[[-35.025,-8.6194],[-35.0252,-8.6193],[-35.0251,-8.6193],[-35.025,-8.6194]]],[[[-35.025,-8.6194],[-35.0249,-8.6194],[-35.0248,-8.6195],[-35.0248,-8.6196],[-35.025,-8.6194]]],[[[-35.0261,-8.576],[-35.0266,-8.5763],[-35.0265,-8.5763],[-35.0264,-8.5763],[-35.0261,-8.576]]],[[[-35.0022,-8.5426],[-35.0022,-8.5426],[-35.0022,-8.5426],[-35.0022,-8.5426]]],[[[-35.0022,-8.5426],[-35.0021,-8.5425],[-35.0021,-8.5426],[-35.0022,-8.5426]]],[[[-35.0014,-8.5425],[-35.0014,-8.5425],[-35.0015,-8.5425],[-35.0016,-8.5425],[-35.0014,-8.5425]]],[[[-34.9974,-8.5376],[-34.9972,-8.5416],[-34.9992,-8.5451],[-35.0026,-8.5428],[-34.9998,-8.5399],[-34.9974,-8.5376]]],[[[-35.0014,-8.5425],[-35.0014,-8.5424],[-35.0014,-8.5424],[-35.0015,-8.5424],[-35.0014,-8.5425]]],[[[-34.9991,-8.5431],[-34.9991,-8.5432],[-34.9991,-8.5432],[-34.9991,-8.5433],[-34.9991,-8.5431]]],[[[-35.0008,-8.5362],[-35.0008,-8.5363],[-35.0008,-8.5363],[-35.0007,-8.5363],[-35.0008,-8.5362]]],[[[-34.9632,-8.4054],[-34.9644,-8.4093],[-34.9657,-8.4131],[-34.9677,-8.4167],[-34.9692,-8.4205],[-34.9709,-8.4241],[-34.9724,-8.4278],[-34.9742,-8.4315],[-34.9762,-8.435],[-34.9777,-8.4388],[-34.9793,-8.4425],[-34.9786,-8.4386],[-34.977,-8.4348],[-34.9751,-8.4313],[-34.9738,-8.4274],[-34.972,-8.4238],[-34.9701,-8.4203],[-34.9684,-8.4166],[-34.9667,-8.4129],[-34.9652,-8.4092],[-34.9635,-8.4055],[-34.9632,-8.4054]]],[[[-34.945,-8.3199],[-34.945,-8.32],[-34.9449,-8.32],[-34.9448,-8.32],[-34.945,-8.3199]]],[[[-34.8039,-7.1442],[-34.8037,-7.1444],[-34.8035,-7.1444],[-34.8033,-7.1445],[-34.8039,-7.1442]]],[[[-34.7944,-7.1424],[-34.7944,-7.1426],[-34.7945,-7.1426],[-34.7947,-7.1426],[-34.7944,-7.1424]]],[[[-34.8045,-7.117],[-34.8045,-7.1172],[-34.8047,-7.1172],[-34.8047,-7.1173],[-34.8045,-7.117]]],[[[-34.8082,-7.1153],[-34.8061,-7.1187],[-34.8089,-7.1157],[-34.8082,-7.1153]]],[[[-34.8143,-7.1086],[-34.8115,-7.1115],[-34.8149,-7.1091],[-34.8143,-7.1086]]],[[[-34.815,-7.1058],[-34.8147,-7.1058],[-34.8143,-7.1057],[-34.8143,-7.1058],[-34.815,-7.1058]]],[[[-34.8148,-7.1028],[-34.8147,-7.1028],[-34.8147,-7.1029],[-34.8148,-7.1028]]],[[[-34.8148,-7.1028],[-34.8148,-7.1028],[-34.8148,-7.1027],[-34.8148,-7.1028]]],[[[-34.8148,-7.1027],[-34.8149,-7.1025],[-34.8148,-7.1025],[-34.8148,-7.1027]]],[[[-34.8149,-7.1025],[-34.815,-7.1025],[-34.815,-7.1024],[-34.8149,-7.1025]]],[[[-34.8148,-7.1028],[-34.8148,-7.1029],[-34.815,-7.1031],[-34.815,-7.1032],[-34.8148,-7.1028]]],[[[-34.8134,-7.1003],[-34.8134,-7.1005],[-34.8134,-7.1006],[-34.8134,-7.1007],[-34.8134,-7.1003]]],[[[-34.828,-7.0795],[-34.8278,-7.0795],[-34.8276,-7.0795],[-34.8274,-7.0795],[-34.828,-7.0795]]],[[[-34.828,-7.0795],[-34.828,-7.0793],[-34.8278,-7.0793],[-34.8276,-7.0793],[-34.828,-7.0795]]],[[[-34.8268,-7.0711],[-34.8243,-7.0743],[-34.8273,-7.0716],[-34.8268,-7.0711]]],[[[-34.8272,-7.0688],[-34.8272,-7.069],[-34.827,-7.069],[-34.8268,-7.069],[-34.8272,-7.0688]]],[[[-34.823,-7.0689],[-34.8228,-7.0689],[-34.8228,-7.0688],[-34.8227,-7.0688],[-34.823,-7.0689]]],[[[-34.8285,-7.0669],[-34.8285,-7.0671],[-34.8287,-7.0671],[-34.8289,-7.0671],[-34.8285,-7.0669]]],[[[-34.8303,-7.064],[-34.8303,-7.0642],[-34.8305,-7.0641],[-34.8305,-7.0643],[-34.8303,-7.064]]],[[[-34.8186,-7.0182],[-34.8187,-7.0183],[-34.8187,-7.0182],[-34.8186,-7.0182]]],[[[-34.8187,-7.0183],[-34.8186,-7.0183],[-34.8186,-7.0182],[-34.8185,-7.0182],[-34.8187,-7.0183]]],[[[-34.8146,-7.0118],[-34.8146,-7.012],[-34.8146,-7.0121],[-34.8146,-7.0123],[-34.8146,-7.0118]]],[[[-34.8356,-6.9118],[-34.8357,-6.9118],[-34.8355,-6.9118],[-34.8356,-6.9118]]],[[[-34.8356,-6.9118],[-34.8349,-6.9158],[-34.8364,-6.9196],[-34.837,-6.9156],[-34.8399,-6.9128],[-34.8358,-6.912],[-34.8356,-6.9118]]],[[[-34.837,-6.9066],[-34.8373,-6.9065],[-34.8372,-6.9066],[-34.8371,-6.9066],[-34.837,-6.9066]]],[[[-34.837,-6.9066],[-34.8411,-6.9063],[-34.8371,-6.9068],[-34.837,-6.9066]]],[[[-34.8426,-6.905],[-34.8427,-6.905],[-34.8427,-6.9049],[-34.8426,-6.905]]],[[[-34.8428,-6.9047],[-34.8428,-6.9048],[-34.843,-6.9047],[-34.843,-6.9046],[-34.8428,-6.9047]]],[[[-34.8374,-6.9042],[-34.8373,-6.9042],[-34.8375,-6.9041],[-34.8377,-6.9041],[-34.8374,-6.9042]]],[[[-34.8402,-6.9006],[-34.8403,-6.9005],[-34.8403,-6.9005],[-34.8402,-6.9005],[-34.8402,-6.9006]]],[[[-34.8402,-6.9006],[-34.84,-6.9007],[-34.8399,-6.9009],[-34.8398,-6.901],[-34.8402,-6.9006]]],[[[-34.8403,-6.9005],[-34.8404,-6.9005],[-34.8404,-6.9005],[-34.8403,-6.9005]]],[[[-34.8404,-6.9005],[-34.8405,-6.9004],[-34.8404,-6.9004],[-34.8404,-6.9005]]],[[[-34.8328,-6.8987],[-34.8306,-6.9021],[-34.8297,-6.906],[-34.831,-6.9098],[-34.8348,-6.9083],[-34.8362,-6.9044],[-34.8346,-6.9007],[-34.8328,-6.8987]]],[[[-34.8402,-6.895],[-34.8371,-6.8976],[-34.8331,-6.8976],[-34.8373,-6.8982],[-34.8406,-6.8958],[-34.8402,-6.895]]],[[[-34.8402,-6.895],[-34.8405,-6.895],[-34.8404,-6.895],[-34.8403,-6.895],[-34.8402,-6.895]]],[[[-34.8348,-6.8879],[-34.8333,-6.8917],[-34.8345,-6.8957],[-34.8338,-6.8916],[-34.8356,-6.8877],[-34.8348,-6.8879]]],[[[-34.9274,-6.7087],[-34.9274,-6.7089],[-34.9276,-6.7089],[-34.9276,-6.7091],[-34.9274,-6.7087]]],[[[-34.9284,-6.7026],[-34.9284,-6.7028],[-34.9286,-6.7028],[-34.9286,-6.7026],[-34.9284,-6.7026]]],[[[-34.9282,-6.7022],[-34.9282,-6.7024],[-34.9284,-6.7024],[-34.9284,-6.7022],[-34.9282,-6.7022]]],[[[-34.9284,-6.6997],[-34.9284,-6.6999],[-34.9286,-6.6999],[-34.9286,-6.7001],[-34.9284,-6.6997]]],[[[-34.9287,-6.698],[-34.9287,-6.6982],[-34.9289,-6.6982],[-34.9291,-6.6982],[-34.9287,-6.698]]],[[[-34.9293,-6.6953],[-34.9293,-6.6955],[-34.9295,-6.6955],[-34.9295,-6.6953],[-34.9293,-6.6953]]],[[[-34.9293,-6.693],[-34.9301,-6.689],[-34.931,-6.6849],[-34.9312,-6.6809],[-34.9302,-6.6849],[-34.9293,-6.689],[-34.9293,-6.693]]],[[[-34.9315,-6.6782],[-34.9315,-6.6784],[-34.9317,-6.6784],[-34.9317,-6.6782],[-34.9315,-6.6782]]],[[[-35.1171,-5.9673],[-35.1168,-5.9674],[-35.1168,-5.9674],[-35.1169,-5.9674],[-35.1171,-5.9673]]],[[[-35.1171,-5.9673],[-35.1171,-5.9673],[-35.1171,-5.9673],[-35.1171,-5.9673]]],[[[-35.1177,-5.9669],[-35.1147,-5.9695],[-35.1119,-5.9724],[-35.1096,-5.9757],[-35.1072,-5.9789],[-35.1058,-5.9828],[-35.1084,-5.9858],[-35.1107,-5.9825],[-35.1102,-5.9785],[-35.1115,-5.9747],[-35.1146,-5.9721],[-35.1175,-5.9693],[-35.1177,-5.9669]]],[[[-35.1151,-5.9599],[-35.1139,-5.9638],[-35.1113,-5.967],[-35.1147,-5.9647],[-35.1173,-5.9617],[-35.1151,-5.9599]]],[[[-35.1923,-5.7134],[-35.1926,-5.7136],[-35.1926,-5.7136],[-35.1931,-5.7141],[-35.1923,-5.7134]]],[[[-35.2093,-5.6852],[-35.2123,-5.6825],[-35.2135,-5.6782],[-35.2145,-5.6743],[-35.2151,-5.6685],[-35.2153,-5.6644],[-35.2152,-5.6597],[-35.2153,-5.6555],[-35.2146,-5.6621],[-35.2147,-5.6672],[-35.2142,-5.6714],[-35.2137,-5.6754],[-35.2127,-5.6793],[-35.2112,-5.683],[-35.2093,-5.6852]]],[[[-35.2186,-5.6289],[-35.2186,-5.629],[-35.2187,-5.629],[-35.2187,-5.6289],[-35.2186,-5.6289]]],[[[-35.2189,-5.6287],[-35.2189,-5.6287],[-35.219,-5.6287],[-35.219,-5.6286],[-35.2189,-5.6287]]],[[[-35.2139,-5.6159],[-35.2139,-5.6161],[-35.214,-5.6163],[-35.2141,-5.6163],[-35.2139,-5.6159]]],[[[-35.2213,-5.5944],[-35.2192,-5.5979],[-35.2196,-5.6019],[-35.2202,-5.606],[-35.2202,-5.6016],[-35.22,-5.5973],[-35.2213,-5.5944]]],[[[-35.2228,-5.5858],[-35.2226,-5.5858],[-35.2225,-5.5857],[-35.2222,-5.5857],[-35.2228,-5.5858]]],[[[-35.2195,-5.5838],[-35.2195,-5.5841],[-35.2194,-5.5842],[-35.2194,-5.5847],[-35.2195,-5.5838]]],[[[-35.2243,-5.5709],[-35.2212,-5.5737],[-35.2249,-5.5753],[-35.2284,-5.573],[-35.2245,-5.5706],[-35.2243,-5.5709]]],[[[-35.2337,-5.5599],[-35.2297,-5.5606],[-35.2287,-5.566],[-35.2318,-5.5632],[-35.2357,-5.5615],[-35.2337,-5.5599]]],[[[-35.2362,-5.5582],[-35.2362,-5.5587],[-35.2363,-5.5587],[-35.2369,-5.5587],[-35.2362,-5.5582]]],[[[-35.2617,-5.4822],[-35.2617,-5.4824],[-35.2618,-5.4825],[-35.2618,-5.4826],[-35.2617,-5.4822]]],[[[-35.3025,-5.3886],[-35.3005,-5.3932],[-35.3044,-5.3923],[-35.3049,-5.3881],[-35.3025,-5.3886]]],[[[-35.2867,-5.3074],[-35.2907,-5.3066],[-35.2927,-5.3031],[-35.289,-5.3046],[-35.2867,-5.3074]]],[[[-35.2817,-5.2969],[-35.2824,-5.3009],[-35.2803,-5.3043],[-35.2833,-5.3016],[-35.2828,-5.2975],[-35.2817,-5.2969]]],[[[-35.2951,-5.2848],[-35.2924,-5.288],[-35.2898,-5.2917],[-35.2866,-5.296],[-35.2856,-5.2999],[-35.2889,-5.2966],[-35.2915,-5.2921],[-35.2942,-5.2891],[-35.2975,-5.2866],[-35.2951,-5.2848]]],[[[-35.3424,-5.2559],[-35.3442,-5.2523],[-35.3474,-5.2498],[-35.3493,-5.2462],[-35.3457,-5.2484],[-35.3429,-5.2517],[-35.3424,-5.2559]]],[[[-35.3396,-5.2419],[-35.3372,-5.2456],[-35.334,-5.248],[-35.3312,-5.2508],[-35.3279,-5.2536],[-35.3247,-5.256],[-35.327,-5.2593],[-35.3302,-5.2565],[-35.3326,-5.2532],[-35.3358,-5.2504],[-35.3386,-5.2475],[-35.3405,-5.2433],[-35.3396,-5.2419]]],[[[-35.3637,-5.2409],[-35.3601,-5.2428],[-35.3569,-5.2456],[-35.354,-5.2484],[-35.3521,-5.2526],[-35.3503,-5.2564],[-35.3541,-5.2549],[-35.3558,-5.2513],[-35.3586,-5.2484],[-35.361,-5.2451],[-35.3633,-5.2414],[-35.3637,-5.2409]]],[[[-35.3504,-5.2424],[-35.3543,-5.2405],[-35.3502,-5.2414],[-35.3504,-5.2424]]],[[[-35.3442,-5.2381],[-35.3446,-5.2423],[-35.3479,-5.2396],[-35.3512,-5.2372],[-35.3557,-5.2353],[-35.36,-5.2367],[-35.3637,-5.2348],[-35.3637,-5.2307],[-35.3591,-5.2316],[-35.353,-5.2316],[-35.3507,-5.2348],[-35.3465,-5.2368],[-35.3442,-5.2381]]],[[[-35.3655,-5.2049],[-35.3609,-5.2072],[-35.3585,-5.2105],[-35.3567,-5.2142],[-35.3497,-5.2166],[-35.3455,-5.2176],[-35.3432,-5.2209],[-35.3401,-5.2237],[-35.3381,-5.2273],[-35.3362,-5.2311],[-35.3353,-5.2368],[-35.3334,-5.2331],[-35.3284,-5.2321],[-35.3265,-5.2359],[-35.3246,-5.2396],[-35.3218,-5.2429],[-35.3195,-5.2463],[-35.3172,-5.2495],[-35.3145,-5.2536],[-35.3126,-5.2583],[-35.3098,-5.2617],[-35.307,-5.2646],[-35.3047,-5.2682],[-35.3093,-5.2674],[-35.3126,-5.2645],[-35.3163,-5.2626],[-35.32,-5.2607],[-35.3223,-5.257],[-35.3246,-5.2536],[-35.3275,-5.2508],[-35.3307,-5.2481],[-35.3335,-5.2452],[-35.3367,-5.2424],[-35.3396,-5.2396],[-35.3437,-5.2387],[-35.346,-5.2349],[-35.3489,-5.232],[-35.3525,-5.2288],[-35.3562,-5.2273],[-35.3595,-5.225],[-35.3623,-5.2217],[-35.3656,-5.2192],[-35.3646,-5.2153],[-35.3696,-5.2146],[-35.3623,-5.2128],[-35.3599,-5.2163],[-35.3623,-5.2198],[-35.3595,-5.2133],[-35.3636,-5.2114],[-35.3687,-5.2109],[-35.3716,-5.2081],[-35.3752,-5.2057],[-35.3786,-5.2034],[-35.3818,-5.201],[-35.3846,-5.1978],[-35.3818,-5.1949],[-35.3771,-5.1935],[-35.3766,-5.188],[-35.3724,-5.1888],[-35.3691,-5.1912],[-35.366,-5.194],[-35.3636,-5.1974],[-35.3608,-5.2002],[-35.3613,-5.2043],[-35.3655,-5.2049]]],[[[-35.3678,-5.2021],[-35.3682,-5.2021],[-35.3682,-5.2021],[-35.3681,-5.2021],[-35.3678,-5.2021]]],[[[-35.3674,-5.2025],[-35.3678,-5.2025],[-35.3678,-5.2029],[-35.3678,-5.203],[-35.3674,-5.2025]]],[[[-35.3669,-5.203],[-35.3673,-5.203],[-35.3673,-5.203],[-35.3669,-5.2034],[-35.3669,-5.203]]],[[[-35.3659,-5.2039],[-35.366,-5.2039],[-35.3664,-5.2039],[-35.3664,-5.2043],[-35.3659,-5.2039]]],[[[-35.3655,-5.2044],[-35.3655,-5.2043],[-35.3659,-5.2043],[-35.3659,-5.2048],[-35.3655,-5.2044]]],[[[-35.3432,-5.2246],[-35.3428,-5.225],[-35.3428,-5.225],[-35.3428,-5.2246],[-35.3432,-5.2246]]],[[[-35.3428,-5.2256],[-35.3497,-5.226],[-35.3442,-5.2278],[-35.3428,-5.2256]]],[[[-35.3428,-5.2252],[-35.3428,-5.2256],[-35.3428,-5.2256],[-35.3424,-5.2256],[-35.3428,-5.2252]]],[[[-35.4281,-5.1349],[-35.4281,-5.1349],[-35.4285,-5.1349],[-35.4285,-5.1349],[-35.4281,-5.1349]]],[[[-35.4092,-5.1362],[-35.4057,-5.1382],[-35.4025,-5.1406],[-35.4001,-5.1438],[-35.3964,-5.1476],[-35.3927,-5.1504],[-35.3895,-5.1533],[-35.3863,-5.1561],[-35.3827,-5.1579],[-35.3867,-5.158],[-35.39,-5.1556],[-35.3937,-5.1532],[-35.3974,-5.1517],[-35.3947,-5.155],[-35.3993,-5.1546],[-35.4026,-5.1522],[-35.4053,-5.149],[-35.4081,-5.1457],[-35.4109,-5.1425],[-35.4142,-5.1401],[-35.4178,-5.1382],[-35.4211,-5.1358],[-35.4159,-5.1353],[-35.4132,-5.1321],[-35.4109,-5.1354],[-35.4092,-5.1362]]],[[[-35.4113,-5.1302],[-35.4113,-5.1302],[-35.4118,-5.1302],[-35.4118,-5.1302],[-35.4113,-5.1302]]],[[[-35.4118,-5.1299],[-35.412,-5.1299],[-35.412,-5.1298],[-35.4121,-5.1298],[-35.4118,-5.1299]]],[[[-35.4123,-5.1297],[-35.4123,-5.1298],[-35.4124,-5.1298],[-35.4125,-5.1297],[-35.4123,-5.1297]]],[[[-35.3945,-5.1292],[-35.3946,-5.1293],[-35.395,-5.1289],[-35.395,-5.1288],[-35.3945,-5.1292]]],[[[-35.4282,-5.1352],[-35.4244,-5.1367],[-35.4212,-5.139],[-35.4184,-5.1419],[-35.4147,-5.1447],[-35.4109,-5.1466],[-35.4155,-5.147],[-35.4197,-5.1456],[-35.4253,-5.1446],[-35.4291,-5.1423],[-35.4327,-5.14],[-35.4365,-5.1385],[-35.4398,-5.1362],[-35.4439,-5.1348],[-35.4477,-5.1329],[-35.4509,-5.1301],[-35.4486,-5.1263],[-35.4448,-5.1277],[-35.4411,-5.1292],[-35.4375,-5.131],[-35.4336,-5.1329],[-35.4298,-5.1344],[-35.4282,-5.1352]]],[[[-35.3909,-5.1284],[-35.388,-5.1313],[-35.3857,-5.1345],[-35.3834,-5.1379],[-35.3806,-5.1416],[-35.3778,-5.1448],[-35.375,-5.1477],[-35.3727,-5.151],[-35.3672,-5.1556],[-35.3658,-5.1594],[-35.3695,-5.1575],[-35.3728,-5.1552],[-35.3751,-5.1519],[-35.3793,-5.1481],[-35.3816,-5.1448],[-35.3844,-5.1406],[-35.3872,-5.1374],[-35.3903,-5.1348],[-35.3936,-5.1317],[-35.395,-5.1279],[-35.3909,-5.1284]]],[[[-35.4085,-5.1241],[-35.4048,-5.126],[-35.4015,-5.1283],[-35.3983,-5.1311],[-35.3969,-5.1349],[-35.3932,-5.1373],[-35.39,-5.1396],[-35.3863,-5.1424],[-35.3941,-5.1425],[-35.3974,-5.1401],[-35.4011,-5.1378],[-35.4048,-5.1354],[-35.408,-5.1331],[-35.4113,-5.1306],[-35.4136,-5.1274],[-35.4104,-5.1246],[-35.4085,-5.1241]]],[[[-35.4346,-5.1198],[-35.43,-5.1212],[-35.4244,-5.1222],[-35.4211,-5.1245],[-35.4183,-5.1274],[-35.4151,-5.1306],[-35.4192,-5.1297],[-35.4234,-5.1283],[-35.4272,-5.1264],[-35.4309,-5.1245],[-35.4351,-5.1231],[-35.4378,-5.1199],[-35.4346,-5.1198]]],[[[-35.4359,-5.1128],[-35.4359,-5.1127],[-35.4357,-5.1127],[-35.4357,-5.1128],[-35.4359,-5.1128]]],[[[-35.4359,-5.1127],[-35.4361,-5.1127],[-35.4361,-5.1126],[-35.4364,-5.1126],[-35.4359,-5.1127]]],[[[-35.4369,-5.1123],[-35.4341,-5.1165],[-35.4382,-5.1156],[-35.4425,-5.1142],[-35.4447,-5.1109],[-35.4397,-5.1109],[-35.4369,-5.1123]]],[[[-35.4536,-5.0817],[-35.4537,-5.0818],[-35.454,-5.0818],[-35.454,-5.0818],[-35.4536,-5.0817]]],[[[-35.454,-5.0815],[-35.4541,-5.0815],[-35.4541,-5.0815],[-35.4542,-5.0814],[-35.454,-5.0815]]],[[[-35.4549,-5.081],[-35.455,-5.0811],[-35.455,-5.0811],[-35.4551,-5.081],[-35.4549,-5.081]]],[[[-35.4544,-5.0771],[-35.4503,-5.0785],[-35.4461,-5.08],[-35.4419,-5.0818],[-35.4383,-5.0837],[-35.4345,-5.0852],[-35.4312,-5.0875],[-35.4349,-5.0894],[-35.439,-5.088],[-35.4424,-5.0856],[-35.4465,-5.0837],[-35.4502,-5.0822],[-35.454,-5.0804],[-35.4581,-5.0785],[-35.4544,-5.0771]]],[[[-35.4558,-5.0776],[-35.4548,-5.0776],[-35.4547,-5.0776],[-35.4548,-5.0775],[-35.4558,-5.0776]]],[[[-35.4539,-5.0781],[-35.4536,-5.0781],[-35.4535,-5.078],[-35.4536,-5.078],[-35.4539,-5.0781]]],[[[-35.453,-5.0832],[-35.4568,-5.0818],[-35.4609,-5.08],[-35.4656,-5.078],[-35.4698,-5.0766],[-35.4735,-5.0748],[-35.4689,-5.0742],[-35.4652,-5.0757],[-35.4614,-5.0776],[-35.4578,-5.0794],[-35.4541,-5.0818],[-35.453,-5.0832]]],[[[-44.7554,-0.96],[-44.7597,-0.9594],[-44.764,-0.9579],[-44.7595,-0.9572],[-44.7552,-0.9582],[-44.7554,-0.96]]],[[[-44.8178,-0.3115],[-44.8226,-0.312],[-44.8272,-0.3114],[-44.8302,-0.3079],[-44.8316,-0.3035],[-44.8324,-0.2995],[-44.8319,-0.2953],[-44.8303,-0.2914],[-44.8274,-0.2884],[-44.823,-0.2886],[-44.8189,-0.2912],[-44.8161,-0.2942],[-44.8144,-0.2983],[-44.8134,-0.3029],[-44.8149,-0.307],[-44.8171,-0.3107],[-44.8178,-0.3115]]],[[[-34.9461,-8.3188],[-34.9461,-8.3189],[-34.9461,-8.319],[-34.9461,-8.3191],[-34.9461,-8.3188]]],[[[-34.9462,-8.3188],[-34.9462,-8.3188],[-34.9463,-8.3188],[-34.9463,-8.3189],[-34.9462,-8.3188]]],[[[-34.9463,-8.3193],[-34.9463,-8.3194],[-34.9463,-8.3195],[-34.9463,-8.3196],[-34.9463,-8.3193]]],[[[-34.9465,-8.3204],[-34.9465,-8.3205],[-34.9464,-8.3205],[-34.9464,-8.3204],[-34.9465,-8.3204]]],[[[-34.9464,-8.3204],[-34.9463,-8.3204],[-34.9463,-8.3203],[-34.9463,-8.3202],[-34.9464,-8.3204]]],[[[-34.9464,-8.3214],[-34.9464,-8.3213],[-34.9463,-8.3213],[-34.9463,-8.3212],[-34.9464,-8.3214]]],[[[-35.2449,-5.409],[-35.2438,-5.4131],[-35.2455,-5.4177],[-35.2423,-5.42],[-35.2403,-5.4238],[-35.2443,-5.4233],[-35.2476,-5.4206],[-35.2502,-5.4173],[-35.2527,-5.4141],[-35.2558,-5.4112],[-35.2585,-5.4083],[-35.2614,-5.4054],[-35.2643,-5.4024],[-35.2661,-5.3987],[-35.2651,-5.4039],[-35.2676,-5.4006],[-35.269,-5.3969],[-35.2702,-5.3929],[-35.2721,-5.3894],[-35.2746,-5.3859],[-35.2762,-5.3819],[-35.2772,-5.3777],[-35.2772,-5.3736],[-35.2797,-5.37],[-35.2758,-5.3716],[-35.2733,-5.3748],[-35.2722,-5.3787],[-35.269,-5.3812],[-35.2659,-5.3838],[-35.2628,-5.3865],[-35.2597,-5.3838],[-35.2605,-5.3799],[-35.2643,-5.3783],[-35.2668,-5.3752],[-35.2695,-5.3712],[-35.2751,-5.3708],[-35.2757,-5.3667],[-35.2772,-5.3627],[-35.2803,-5.3602],[-35.2777,-5.3571],[-35.2738,-5.3581],[-35.2698,-5.3587],[-35.2657,-5.3587],[-35.2627,-5.3614],[-35.2588,-5.3623],[-35.2563,-5.3655],[-35.254,-5.369],[-35.2526,-5.3729],[-35.2499,-5.3761],[-35.248,-5.3799],[-35.2464,-5.3836],[-35.2458,-5.3877],[-35.2456,-5.3982],[-35.2481,-5.4015],[-35.2471,-5.4054],[-35.2441,-5.4082],[-35.2449,-5.409]]],[[[-35.2602,-5.3632],[-35.2606,-5.3632],[-35.2606,-5.3633],[-35.2605,-5.3633],[-35.2602,-5.3632]]],[[[-35.2602,-5.3643],[-35.2604,-5.3643],[-35.2604,-5.3644],[-35.2604,-5.3652],[-35.2602,-5.3643]]],[[[-35.2582,-5.3673],[-35.2583,-5.3673],[-35.2583,-5.3675],[-35.2582,-5.3675],[-35.2582,-5.3673]]],[[[-35.2582,-5.3675],[-35.2555,-5.3706],[-35.258,-5.3675],[-35.2582,-5.3675]]],[[[-35.2539,-5.3725],[-35.2521,-5.3763],[-35.2538,-5.3726],[-35.2539,-5.3725]]],[[[-35.2513,-5.3776],[-35.2515,-5.3776],[-35.2515,-5.3776],[-35.2515,-5.3783],[-35.2513,-5.3776]]],[[[-35.248,-5.3836],[-35.2483,-5.3836],[-35.2483,-5.3838],[-35.248,-5.3838],[-35.248,-5.3836]]],[[[-35.2479,-5.3848],[-35.248,-5.3848],[-35.248,-5.386],[-35.248,-5.3861],[-35.2479,-5.3848]]],[[[-35.2584,-5.3967],[-35.2607,-5.3934],[-35.2646,-5.3918],[-35.2682,-5.3898],[-35.2655,-5.3931],[-35.2622,-5.3954],[-35.2583,-5.3971],[-35.2584,-5.3967]]],[[[-35.2471,-5.3967],[-35.2472,-5.3967],[-35.2473,-5.3967],[-35.2473,-5.3987],[-35.2471,-5.3967]]],[[[-35.2481,-5.4],[-35.2484,-5.4],[-35.2484,-5.4003],[-35.2481,-5.4003],[-35.2481,-5.4]]],[[[-35.25,-5.4014],[-35.25,-5.4013],[-35.2502,-5.4013],[-35.2502,-5.4014],[-35.25,-5.4014]]],[[[-35.2511,-5.4021],[-35.2513,-5.4021],[-35.2513,-5.4025],[-35.2511,-5.4025],[-35.2511,-5.4021]]],[[[-35.2508,-5.4027],[-35.2511,-5.4027],[-35.2511,-5.4029],[-35.2508,-5.4029],[-35.2508,-5.4027]]],[[[-35.2506,-5.4032],[-35.2508,-5.4032],[-35.2508,-5.4033],[-35.2507,-5.4033],[-35.2506,-5.4032]]],[[[-35.2504,-5.4033],[-35.2506,-5.4033],[-35.2506,-5.4035],[-35.2504,-5.4035],[-35.2504,-5.4033]]],[[[-35.2504,-5.4035],[-35.2504,-5.4036],[-35.2504,-5.4036],[-35.2504,-5.4037],[-35.2504,-5.4035]]],[[[-35.25,-5.404],[-35.2502,-5.404],[-35.2502,-5.4042],[-35.25,-5.4042],[-35.25,-5.404]]],[[[-35.2492,-5.4063],[-35.2492,-5.4062],[-35.2496,-5.4062],[-35.2496,-5.4062],[-35.2492,-5.4063]]],[[[-35.2492,-5.4065],[-35.2492,-5.4067],[-35.249,-5.4067],[-35.249,-5.4065],[-35.2492,-5.4065]]],[[[-35.2481,-5.4069],[-35.2484,-5.4069],[-35.2484,-5.4071],[-35.2481,-5.4072],[-35.2481,-5.4069]]],[[[-35.2481,-5.4072],[-35.2481,-5.4073],[-35.2478,-5.4073],[-35.2478,-5.4072],[-35.2481,-5.4072]]],[[[-35.2449,-5.4088],[-35.2449,-5.4088],[-35.2469,-5.4088],[-35.247,-5.4086],[-35.2449,-5.4088]]],[[[-35.246,-5.4107],[-35.2461,-5.4109],[-35.2463,-5.4109],[-35.2463,-5.4109],[-35.246,-5.4107]]],[[[-35.2459,-5.4104],[-35.2459,-5.4107],[-35.2457,-5.4107],[-35.2457,-5.4104],[-35.2459,-5.4104]]],[[[-35.2457,-5.4102],[-35.2457,-5.4104],[-35.2452,-5.4104],[-35.2452,-5.4102],[-35.2457,-5.4102]]],[[[-35.249,-5.4142],[-35.2492,-5.4142],[-35.2492,-5.4144],[-35.249,-5.4144],[-35.249,-5.4142]]],[[[-35.2485,-5.4137],[-35.2489,-5.4142],[-35.2489,-5.4142],[-35.2486,-5.4142],[-35.2485,-5.4137]]],[[[-35.2481,-5.4131],[-35.2481,-5.4132],[-35.2481,-5.4133],[-35.2484,-5.4136],[-35.2481,-5.4131]]],[[[-35.2478,-5.4131],[-35.2476,-5.4131],[-35.2475,-5.4129],[-35.2472,-5.4129],[-35.2478,-5.4131]]],[[[-35.2519,-5.4148],[-35.2515,-5.4148],[-35.2515,-5.4146],[-35.2519,-5.4145],[-35.2519,-5.4148]]]]},"properties":{"nome":"Recifes de Pernambuco / Alagoas","regiao":"Recifes de Pernambuco / Alagoas","area_km2":65.497}},{"type":"Feature","geometry":{"type":"MultiPolygon","coordinates":[[[[-39.238,-18.0075],[-39.2371,-18.0035],[-39.2331,-18.0024],[-39.2343,-18.0062],[-39.238,-18.0075]]],[[[-38.6991,-17.9801],[-38.6991,-17.9801],[-38.6991,-17.9801],[-38.6991,-17.9801],[-38.6991,-17.9801]]],[[[-38.7109,-17.9685],[-38.7108,-17.9686],[-38.7108,-17.9686],[-38.7108,-17.9686],[-38.7109,-17.9685]]],[[[-38.7063,-17.9677],[-38.7078,-17.9714],[-38.7118,-17.9711],[-38.7158,-17.9714],[-38.712,-17.97],[-38.7082,-17.9712],[-38.7063,-17.9677]]],[[[-38.6894,-17.963],[-38.6893,-17.963],[-38.6893,-17.963],[-38.6893,-17.963],[-38.6894,-17.963]]],[[[-38.7005,-17.9626],[-38.6967,-17.964],[-38.7007,-17.9633],[-38.7005,-17.9626]]],[[[-38.7076,-17.9622],[-38.706,-17.9659],[-38.7088,-17.9687],[-38.7122,-17.9665],[-38.7104,-17.9629],[-38.7076,-17.9622]]],[[[-38.712,-17.9648],[-38.7087,-17.967],[-38.7103,-17.9634],[-38.712,-17.9648]]],[[[-38.7073,-17.9653],[-38.7073,-17.9653],[-38.7073,-17.9653],[-38.7073,-17.9653],[-38.7073,-17.9653]]],[[[-38.6951,-17.9622],[-38.6951,-17.9623],[-38.6951,-17.9623],[-38.6951,-17.9623],[-38.6951,-17.9622]]],[[[-38.7092,-17.959],[-38.7091,-17.9591],[-38.7091,-17.9591],[-38.7091,-17.9591],[-38.7092,-17.959]]],[[[-39.1943,-17.9555],[-39.1943,-17.9555],[-39.1944,-17.9555],[-39.1944,-17.9556],[-39.1943,-17.9555]]],[[[-39.1926,-17.9537],[-39.1926,-17.9539],[-39.1927,-17.9539],[-39.1927,-17.954],[-39.1926,-17.9537]]],[[[-39.1945,-17.953],[-39.1945,-17.953],[-39.1943,-17.953],[-39.1943,-17.953],[-39.1945,-17.953]]],[[[-39.2157,-17.9512],[-39.2125,-17.954],[-39.2163,-17.9555],[-39.2176,-17.9516],[-39.2157,-17.9512]]],[[[-38.7096,-17.9501],[-38.7065,-17.9526],[-38.7049,-17.9564],[-38.701,-17.9574],[-38.6971,-17.9568],[-38.6931,-17.9575],[-38.6894,-17.9589],[-38.6905,-17.9628],[-38.6945,-17.9622],[-38.6979,-17.96],[-38.7019,-17.9599],[-38.7058,-17.9603],[-38.7095,-17.9586],[-38.7123,-17.9614],[-38.7136,-17.9576],[-38.7139,-17.9536],[-38.7116,-17.9503],[-38.7096,-17.9501]]],[[[-38.692,-17.959],[-38.692,-17.959],[-38.692,-17.959],[-38.692,-17.959],[-38.692,-17.959]]],[[[-38.693,-17.9605],[-38.693,-17.9605],[-38.693,-17.9605],[-38.693,-17.9605],[-38.693,-17.9605]]],[[[-38.6938,-17.9613],[-38.6938,-17.9613],[-38.6938,-17.9613],[-38.6938,-17.9613],[-38.6938,-17.9613]]],[[[-39.214,-17.9501],[-39.2141,-17.9501],[-39.2142,-17.9501],[-39.2142,-17.9502],[-39.214,-17.9501]]],[[[-39.2005,-17.9474],[-39.2006,-17.9474],[-39.2006,-17.9474],[-39.2006,-17.9474],[-39.2005,-17.9474]]],[[[-39.2124,-17.9465],[-39.2114,-17.9506],[-39.2138,-17.9471],[-39.2124,-17.9465]]],[[[-39.2015,-17.945],[-39.2015,-17.945],[-39.2016,-17.945],[-39.2016,-17.945],[-39.2015,-17.945]]],[[[-39.1928,-17.9388],[-39.1919,-17.943],[-39.1949,-17.9456],[-39.1922,-17.9427],[-39.1938,-17.939],[-39.1928,-17.9388]]],[[[-39.2054,-17.9378],[-39.2053,-17.9378],[-39.2053,-17.9378],[-39.2052,-17.9379],[-39.2054,-17.9378]]],[[[-39.2028,-17.9377],[-39.2028,-17.9378],[-39.2027,-17.9378],[-39.2026,-17.9378],[-39.2028,-17.9377]]],[[[-39.1975,-17.9375],[-39.1975,-17.9375],[-39.1974,-17.9375],[-39.1974,-17.9375],[-39.1975,-17.9375]]],[[[-39.133,-17.9164],[-39.1331,-17.9164],[-39.1331,-17.9163],[-39.133,-17.9163],[-39.133,-17.9164]]],[[[-39.1235,-17.9123],[-39.1235,-17.9123],[-39.1236,-17.9123],[-39.1236,-17.9123],[-39.1235,-17.9123]]],[[[-38.6597,-17.9081],[-38.6554,-17.9085],[-38.6514,-17.9098],[-38.6471,-17.9098],[-38.6429,-17.9098],[-38.6386,-17.9116],[-38.6346,-17.9136],[-38.6303,-17.9147],[-38.6264,-17.9167],[-38.6225,-17.9181],[-38.6189,-17.9219],[-38.6157,-17.9267],[-38.6117,-17.9291],[-38.6124,-17.9336],[-38.6171,-17.9336],[-38.6157,-17.9377],[-38.6121,-17.9401],[-38.6135,-17.9442],[-38.6171,-17.9466],[-38.616,-17.9507],[-38.6117,-17.9528],[-38.6089,-17.9562],[-38.606,-17.9593],[-38.6029,-17.9623],[-38.5988,-17.9627],[-38.5953,-17.9648],[-38.5931,-17.9682],[-38.5931,-17.9724],[-38.5935,-17.9771],[-38.5963,-17.9803],[-38.6006,-17.9803],[-38.6046,-17.9792],[-38.6078,-17.9765],[-38.6117,-17.9779],[-38.6142,-17.9816],[-38.6164,-17.9851],[-38.6203,-17.9861],[-38.6242,-17.9885],[-38.625,-17.9926],[-38.6228,-18.0005],[-38.6228,-18.0046],[-38.6239,-18.0088],[-38.626,-18.0122],[-38.6275,-18.0167],[-38.6307,-18.0218],[-38.6339,-18.0266],[-38.6321,-18.0311],[-38.6289,-18.0342],[-38.6271,-18.0379],[-38.6246,-18.0414],[-38.6214,-18.0441],[-38.62,-18.0479],[-38.62,-18.052],[-38.6207,-18.0561],[-38.6221,-18.0599],[-38.6235,-18.0644],[-38.6267,-18.0675],[-38.6285,-18.0712],[-38.6307,-18.0747],[-38.6321,-18.0784],[-38.6346,-18.0822],[-38.6389,-18.0832],[-38.6432,-18.0856],[-38.6468,-18.088],[-38.6504,-18.0911],[-38.6536,-18.0935],[-38.6564,-18.0973],[-38.66,-18.0997],[-38.6643,-18.0997],[-38.67,-18.0997],[-38.6754,-18.0994],[-38.6801,-18.099],[-38.6836,-18.097],[-38.6865,-18.0935],[-38.6883,-18.0898],[-38.6883,-18.0856],[-38.6897,-18.0815],[-38.6919,-18.0778],[-38.6922,-18.0736],[-38.6933,-18.0695],[-38.6965,-18.0664],[-38.6997,-18.063],[-38.7037,-18.0609],[-38.7073,-18.0585],[-38.7101,-18.0548],[-38.7101,-18.0506],[-38.7094,-18.0465],[-38.7094,-18.0424],[-38.709,-18.0376],[-38.7069,-18.0342],[-38.7062,-18.03],[-38.704,-18.0252],[-38.7012,-18.0221],[-38.7012,-18.018],[-38.7026,-18.0142],[-38.7026,-18.0098],[-38.7001,-18.006],[-38.6955,-18.0046],[-38.6915,-18.0029],[-38.6872,-18.0019],[-38.6833,-17.9998],[-38.6794,-17.9974],[-38.6776,-17.9933],[-38.6776,-17.9892],[-38.6776,-17.9851],[-38.6754,-17.9816],[-38.6722,-17.9792],[-38.6754,-17.9758],[-38.6758,-17.9717],[-38.6747,-17.9676],[-38.6715,-17.9638],[-38.6672,-17.961],[-38.664,-17.9586],[-38.66,-17.9576],[-38.6568,-17.9552],[-38.6572,-17.9507],[-38.6586,-17.9469],[-38.6625,-17.9459],[-38.6643,-17.9421],[-38.6643,-17.938],[-38.6654,-17.9336],[-38.6686,-17.9301],[-38.6718,-17.9274],[-38.6761,-17.926],[-38.6772,-17.9219],[-38.6772,-17.9178],[-38.6776,-17.9136],[-38.6736,-17.9126],[-38.67,-17.9102],[-38.6679,-17.9064],[-38.6629,-17.9064],[-38.6597,-17.9081]]],[[[-39.1312,-17.9013],[-39.1271,-17.9021],[-39.123,-17.9026],[-39.1192,-17.9041],[-39.1161,-17.9071],[-39.1125,-17.9088],[-39.1121,-17.9129],[-39.1149,-17.9158],[-39.1185,-17.9175],[-39.1222,-17.9189],[-39.1259,-17.9209],[-39.1298,-17.9216],[-39.1337,-17.9205],[-39.1362,-17.9173],[-39.1405,-17.9178],[-39.1431,-17.9147],[-39.1441,-17.9098],[-39.1401,-17.9093],[-39.1369,-17.9069],[-39.1336,-17.9045],[-39.1313,-17.901],[-39.1312,-17.9013]]],[[[-39.1253,-17.9034],[-39.1254,-17.9034],[-39.1254,-17.9034],[-39.1255,-17.9035],[-39.1253,-17.9034]]],[[[-39.1214,-17.9053],[-39.1215,-17.9054],[-39.1218,-17.9054],[-39.1219,-17.9055],[-39.1214,-17.9053]]],[[[-39.1331,-17.9163],[-39.1325,-17.9123],[-39.1286,-17.9108],[-39.1279,-17.9148],[-39.1242,-17.9131],[-39.1203,-17.9124],[-39.1211,-17.908],[-39.1248,-17.9063],[-39.1288,-17.9061],[-39.1328,-17.9057],[-39.134,-17.9096],[-39.1351,-17.9134],[-39.1331,-17.9163]]],[[[-39.1411,-17.9156],[-39.1412,-17.9154],[-39.1412,-17.9154],[-39.1412,-17.9158],[-39.1411,-17.9156]]],[[[-39.1413,-17.9152],[-39.1413,-17.9152],[-39.1413,-17.9153],[-39.1413,-17.9153],[-39.1413,-17.9152]]],[[[-38.9725,-17.8778],[-38.9686,-17.8795],[-38.9707,-17.8833],[-38.9716,-17.8872],[-38.9712,-17.8912],[-38.9677,-17.889],[-38.9681,-17.8942],[-38.9701,-17.8977],[-38.9666,-17.8957],[-38.9667,-17.8917],[-38.9629,-17.8929],[-38.9647,-17.8966],[-38.968,-17.8992],[-38.9729,-17.8994],[-38.9766,-17.8974],[-38.9736,-17.8945],[-38.9765,-17.8916],[-38.977,-17.8876],[-38.9788,-17.8834],[-38.9762,-17.8865],[-38.9746,-17.8827],[-38.9743,-17.8787],[-38.9725,-17.8778]]],[[[-38.9693,-17.8737],[-38.9694,-17.8737],[-38.9694,-17.8736],[-38.9693,-17.8736],[-38.9693,-17.8737]]],[[[-38.9692,-17.8736],[-38.9693,-17.8736],[-38.9693,-17.8736],[-38.9693,-17.8736],[-38.9692,-17.8736]]],[[[-38.9663,-17.8673],[-38.9647,-17.871],[-38.9679,-17.8734],[-38.9696,-17.8697],[-38.9667,-17.867],[-38.9663,-17.8673]]],[[[-38.9735,-17.8559],[-38.9736,-17.8559],[-38.9736,-17.8558],[-38.9736,-17.8558],[-38.9735,-17.8559]]],[[[-38.9447,-17.8554],[-38.9446,-17.8554],[-38.9446,-17.8554],[-38.9445,-17.8555],[-38.9447,-17.8554]]],[[[-38.9863,-17.8552],[-38.9864,-17.8553],[-38.9864,-17.8553],[-38.9865,-17.8553],[-38.9863,-17.8552]]],[[[-38.986,-17.8542],[-38.9861,-17.8542],[-38.9861,-17.8542],[-38.9861,-17.8542],[-38.986,-17.8542]]],[[[-38.9522,-17.8525],[-38.9522,-17.8525],[-38.9521,-17.8525],[-38.9521,-17.8526],[-38.9522,-17.8525]]],[[[-38.985,-17.8501],[-38.9849,-17.8502],[-38.9849,-17.8502],[-38.9848,-17.8503],[-38.985,-17.8501]]],[[[-38.9851,-17.85],[-38.9852,-17.85],[-38.9852,-17.8499],[-38.9851,-17.8499],[-38.9851,-17.85]]],[[[-38.987,-17.8521],[-38.9888,-17.8557],[-38.9873,-17.8519],[-38.9851,-17.8486],[-38.987,-17.8521]]],[[[-38.9849,-17.8482],[-38.9849,-17.8482],[-38.9849,-17.8482],[-38.9849,-17.8481],[-38.9849,-17.8482]]],[[[-38.9924,-17.8481],[-38.9924,-17.8482],[-38.9922,-17.8482],[-38.9922,-17.8481],[-38.9924,-17.8481]]],[[[-38.9921,-17.848],[-38.9922,-17.848],[-38.9922,-17.8479],[-38.9921,-17.8479],[-38.9921,-17.848]]],[[[-38.992,-17.8478],[-38.9921,-17.8478],[-38.9921,-17.8478],[-38.992,-17.8478],[-38.992,-17.8478]]],[[[-38.9698,-17.8476],[-38.97,-17.8476],[-38.97,-17.8475],[-38.97,-17.8475],[-38.9698,-17.8476]]],[[[-38.9821,-17.8472],[-38.9821,-17.8473],[-38.982,-17.8473],[-38.982,-17.8473],[-38.9821,-17.8472]]],[[[-38.9799,-17.8472],[-38.98,-17.8473],[-38.9802,-17.8473],[-38.9802,-17.8472],[-38.9799,-17.8472]]],[[[-38.971,-17.8462],[-38.9702,-17.8503],[-38.9722,-17.8538],[-38.9738,-17.8574],[-38.9737,-17.8534],[-38.9732,-17.8493],[-38.971,-17.8462]]],[[[-38.9411,-17.846],[-38.941,-17.846],[-38.9409,-17.846],[-38.9409,-17.846],[-38.9411,-17.846]]],[[[-38.9413,-17.8455],[-38.9414,-17.8455],[-38.9414,-17.8455],[-38.9414,-17.8453],[-38.9413,-17.8455]]],[[[-38.981,-17.8457],[-38.981,-17.8457],[-38.981,-17.8458],[-38.9809,-17.8459],[-38.981,-17.8457]]],[[[-38.983,-17.8462],[-38.983,-17.8462],[-38.9831,-17.8461],[-38.9831,-17.8459],[-38.983,-17.8462]]],[[[-38.9818,-17.8447],[-38.9819,-17.8449],[-38.982,-17.8448],[-38.982,-17.8448],[-38.9818,-17.8447]]],[[[-38.9416,-17.8449],[-38.9416,-17.8449],[-38.9414,-17.8449],[-38.9414,-17.845],[-38.9416,-17.8449]]],[[[-38.9412,-17.8444],[-38.9414,-17.8444],[-38.9414,-17.8444],[-38.9412,-17.8444],[-38.9412,-17.8444]]],[[[-38.9468,-17.8453],[-38.9469,-17.8453],[-38.9469,-17.8453],[-38.9469,-17.8443],[-38.9468,-17.8453]]],[[[-38.9827,-17.8435],[-38.9826,-17.8435],[-38.9819,-17.8435],[-38.9819,-17.8436],[-38.9827,-17.8435]]],[[[-38.9591,-17.8455],[-38.9604,-17.8495],[-38.9623,-17.8534],[-38.9644,-17.8568],[-38.9618,-17.8599],[-38.9621,-17.8643],[-38.966,-17.8657],[-38.97,-17.8653],[-38.9717,-17.869],[-38.9734,-17.8727],[-38.9751,-17.8764],[-38.9763,-17.8725],[-38.9736,-17.8694],[-38.9757,-17.8656],[-38.9731,-17.8625],[-38.9704,-17.8594],[-38.9685,-17.8558],[-38.9673,-17.8518],[-38.9641,-17.8494],[-38.9603,-17.848],[-38.9601,-17.8439],[-38.9591,-17.8455]]],[[[-38.9688,-17.8646],[-38.9688,-17.8647],[-38.9688,-17.8647],[-38.9688,-17.8646],[-38.9688,-17.8646]]],[[[-38.9689,-17.8648],[-38.9689,-17.8648],[-38.9688,-17.8648],[-38.9688,-17.8647],[-38.9689,-17.8648]]],[[[-38.9589,-17.8431],[-38.959,-17.8431],[-38.959,-17.843],[-38.9589,-17.843],[-38.9589,-17.8431]]],[[[-38.9905,-17.8428],[-38.9905,-17.8428],[-38.9901,-17.8428],[-38.99,-17.8428],[-38.9905,-17.8428]]],[[[-38.975,-17.8414],[-38.9755,-17.8461],[-38.9761,-17.8421],[-38.975,-17.8414]]],[[[-38.9863,-17.8411],[-38.9873,-17.8455],[-38.9866,-17.8414],[-38.9863,-17.8411]]],[[[-38.9881,-17.8426],[-38.9881,-17.8426],[-38.9882,-17.8426],[-38.9882,-17.8423],[-38.9881,-17.8426]]],[[[-38.9672,-17.8403],[-38.9647,-17.8436],[-38.9682,-17.8455],[-38.9683,-17.8413],[-38.9672,-17.8403]]],[[[-38.9446,-17.8398],[-38.9447,-17.8398],[-38.9447,-17.8398],[-38.9447,-17.8397],[-38.9446,-17.8398]]],[[[-38.9438,-17.8402],[-38.9438,-17.8402],[-38.9438,-17.8404],[-38.9438,-17.8404],[-38.9438,-17.8402]]],[[[-38.9427,-17.8398],[-38.9427,-17.8398],[-38.9425,-17.8398],[-38.9425,-17.8399],[-38.9427,-17.8398]]],[[[-38.9447,-17.8397],[-38.9449,-17.8397],[-38.9449,-17.8396],[-38.9449,-17.8395],[-38.9447,-17.8397]]],[[[-38.946,-17.8389],[-38.9462,-17.8389],[-38.9462,-17.8389],[-38.9462,-17.8386],[-38.946,-17.8389]]],[[[-38.9462,-17.8386],[-38.9464,-17.8386],[-38.9464,-17.8385],[-38.9464,-17.8383],[-38.9462,-17.8386]]],[[[-38.9726,-17.8377],[-38.9689,-17.8393],[-38.9724,-17.8415],[-38.9726,-17.8377]]],[[[-38.9727,-17.84],[-38.9727,-17.8401],[-38.9716,-17.8401],[-38.9715,-17.84],[-38.9727,-17.84]]],[[[-38.9728,-17.8408],[-38.9731,-17.841],[-38.9731,-17.841],[-38.9731,-17.8411],[-38.9728,-17.8408]]],[[[-38.9932,-17.8372],[-38.9932,-17.8372],[-38.9931,-17.8372],[-38.9931,-17.8372],[-38.9932,-17.8372]]],[[[-38.9657,-17.8366],[-38.9656,-17.8367],[-38.9652,-17.8367],[-38.9651,-17.8367],[-38.9657,-17.8366]]],[[[-38.9679,-17.8345],[-38.9707,-17.8374],[-38.9679,-17.8344],[-38.9679,-17.8345]]],[[[-38.9876,-17.8346],[-38.988,-17.8386],[-38.9881,-17.8344],[-38.9876,-17.8346]]],[[[-38.9407,-17.834],[-38.9407,-17.834],[-38.9405,-17.834],[-38.9405,-17.834],[-38.9407,-17.834]]],[[[-38.9778,-17.833],[-38.9779,-17.833],[-38.9779,-17.833],[-38.9778,-17.833],[-38.9778,-17.833]]],[[[-38.9782,-17.8328],[-38.9769,-17.8367],[-38.9786,-17.8406],[-38.9821,-17.8426],[-38.9811,-17.8387],[-38.9812,-17.8346],[-38.9782,-17.8328]]],[[[-38.9786,-17.8386],[-38.9786,-17.8385],[-38.9786,-17.8385],[-38.9786,-17.8386],[-38.9786,-17.8386]]],[[[-38.9786,-17.8385],[-38.9786,-17.8385],[-38.9786,-17.8385],[-38.9787,-17.8385],[-38.9786,-17.8385]]],[[[-38.9905,-17.8327],[-38.9905,-17.8327],[-38.9904,-17.8327],[-38.9904,-17.8328],[-38.9905,-17.8327]]],[[[-38.9905,-17.8327],[-38.9905,-17.8327],[-38.9905,-17.8327],[-38.9905,-17.8327],[-38.9905,-17.8327]]],[[[-38.9413,-17.8326],[-38.9413,-17.8327],[-38.9413,-17.8327],[-38.9417,-17.8327],[-38.9413,-17.8326]]],[[[-38.9295,-17.8331],[-38.9295,-17.8335],[-38.9296,-17.8336],[-38.93,-17.8336],[-38.9295,-17.8331]]],[[[-38.9416,-17.8324],[-38.9416,-17.8325],[-38.9416,-17.8325],[-38.9416,-17.8325],[-38.9416,-17.8324]]],[[[-38.9423,-17.8324],[-38.9424,-17.8324],[-38.9425,-17.8323],[-38.9425,-17.8322],[-38.9423,-17.8324]]],[[[-38.9418,-17.8326],[-38.942,-17.8326],[-38.9421,-17.8324],[-38.9421,-17.8324],[-38.9418,-17.8326]]],[[[-38.9277,-17.8319],[-38.9276,-17.832],[-38.9276,-17.832],[-38.9276,-17.832],[-38.9277,-17.8319]]],[[[-39.0058,-17.8299],[-39.0067,-17.8339],[-39.0059,-17.8299],[-39.0058,-17.8299]]],[[[-38.9846,-17.8296],[-38.9848,-17.8296],[-38.9849,-17.8296],[-38.9849,-17.829],[-38.9846,-17.8296]]],[[[-38.9778,-17.828],[-38.9778,-17.828],[-38.9776,-17.828],[-38.9775,-17.8281],[-38.9778,-17.828]]],[[[-38.9629,-17.8283],[-38.9645,-17.8322],[-38.9636,-17.8283],[-38.9629,-17.8283]]],[[[-38.9627,-17.8279],[-38.9627,-17.8279],[-38.9627,-17.8279],[-38.9627,-17.828],[-38.9627,-17.8279]]],[[[-38.9835,-17.8275],[-38.9835,-17.8276],[-38.9834,-17.8276],[-38.9834,-17.8276],[-38.9835,-17.8275]]],[[[-38.9834,-17.8275],[-38.9835,-17.8275],[-38.9835,-17.8275],[-38.9835,-17.8274],[-38.9834,-17.8275]]],[[[-38.9815,-17.8282],[-38.9833,-17.8318],[-38.9824,-17.8279],[-38.9815,-17.8282]]],[[[-38.9578,-17.8272],[-38.9581,-17.8314],[-38.9607,-17.8346],[-38.9611,-17.8306],[-38.9583,-17.8277],[-38.9578,-17.8272]]],[[[-38.991,-17.829],[-38.9919,-17.8329],[-38.9921,-17.8285],[-38.991,-17.829]]],[[[-38.9574,-17.8271],[-38.9577,-17.8271],[-38.9577,-17.8271],[-38.9576,-17.827],[-38.9574,-17.8271]]],[[[-38.9649,-17.8268],[-38.9648,-17.8269],[-38.9647,-17.8269],[-38.9647,-17.8269],[-38.9649,-17.8268]]],[[[-38.9833,-17.8263],[-38.9833,-17.8263],[-38.9833,-17.8262],[-38.9833,-17.8262],[-38.9833,-17.8263]]],[[[-38.9558,-17.8262],[-38.9534,-17.8303],[-38.9565,-17.8276],[-38.9558,-17.8262]]],[[[-38.9646,-17.8264],[-38.9646,-17.8264],[-38.9647,-17.8265],[-38.9647,-17.8266],[-38.9646,-17.8264]]],[[[-38.9541,-17.8266],[-38.9541,-17.8266],[-38.9544,-17.8263],[-38.9544,-17.8263],[-38.9541,-17.8266]]],[[[-38.9861,-17.8257],[-38.9861,-17.8258],[-38.986,-17.8258],[-38.9859,-17.8259],[-38.9861,-17.8257]]],[[[-38.9841,-17.8257],[-38.9841,-17.8258],[-38.9839,-17.8258],[-38.9839,-17.8259],[-38.9841,-17.8257]]],[[[-38.9961,-17.825],[-38.9975,-17.829],[-38.9979,-17.833],[-38.9984,-17.8283],[-38.9963,-17.825],[-38.9961,-17.825]]],[[[-38.9652,-17.825],[-38.9652,-17.8251],[-38.9651,-17.8251],[-38.965,-17.8251],[-38.9652,-17.825]]],[[[-39.0104,-17.8261],[-39.0104,-17.8261],[-39.0106,-17.8261],[-39.0108,-17.8263],[-39.0104,-17.8261]]],[[[-38.974,-17.8255],[-38.9729,-17.8297],[-38.972,-17.8337],[-38.9736,-17.8299],[-38.9752,-17.8256],[-38.974,-17.8255]]],[[[-38.9625,-17.8251],[-38.9635,-17.8251],[-38.9636,-17.825],[-38.9636,-17.825],[-38.9625,-17.8251]]],[[[-38.9867,-17.8234],[-38.9866,-17.8235],[-38.9864,-17.8235],[-38.9864,-17.8235],[-38.9867,-17.8234]]],[[[-38.9887,-17.8252],[-38.989,-17.8252],[-38.9891,-17.8252],[-38.9891,-17.8248],[-38.9887,-17.8252]]],[[[-38.9575,-17.8225],[-38.9574,-17.8226],[-38.9574,-17.8226],[-38.9573,-17.8226],[-38.9575,-17.8225]]],[[[-38.9795,-17.8222],[-38.9789,-17.8262],[-38.9829,-17.8257],[-38.9803,-17.8226],[-38.9795,-17.8222]]],[[[-38.9716,-17.8213],[-38.9715,-17.8213],[-38.9715,-17.8213],[-38.9714,-17.8214],[-38.9716,-17.8213]]],[[[-38.9698,-17.8231],[-38.9699,-17.8232],[-38.9699,-17.8241],[-38.9698,-17.8241],[-38.9698,-17.8231]]],[[[-38.9712,-17.8242],[-38.9712,-17.8242],[-38.9707,-17.8242],[-38.9707,-17.8242],[-38.9712,-17.8242]]],[[[-38.9615,-17.8223],[-38.9615,-17.8228],[-38.9616,-17.8228],[-38.9616,-17.8231],[-38.9615,-17.8223]]],[[[-38.9986,-17.8206],[-38.9992,-17.8245],[-39.0001,-17.8286],[-39.0006,-17.8244],[-38.9992,-17.8205],[-38.9986,-17.8206]]],[[[-38.9611,-17.8209],[-38.9612,-17.8209],[-38.9612,-17.8209],[-38.9612,-17.8207],[-38.9611,-17.8209]]],[[[-38.9712,-17.8203],[-38.9712,-17.8204],[-38.971,-17.8204],[-38.971,-17.8204],[-38.9712,-17.8203]]],[[[-38.9608,-17.8204],[-38.9609,-17.8204],[-38.9609,-17.8203],[-38.9608,-17.8203],[-38.9608,-17.8204]]],[[[-38.9497,-17.8185],[-38.9499,-17.8185],[-38.9499,-17.8184],[-38.9499,-17.8183],[-38.9497,-17.8185]]],[[[-38.9499,-17.8182],[-38.9499,-17.8182],[-38.95,-17.8181],[-38.95,-17.8181],[-38.9499,-17.8182]]],[[[-38.9684,-17.818],[-38.9684,-17.8193],[-38.9685,-17.8193],[-38.9685,-17.8193],[-38.9684,-17.818]]],[[[-38.9721,-17.8181],[-38.9727,-17.8181],[-38.9727,-17.8181],[-38.9727,-17.8171],[-38.9721,-17.8181]]],[[[-38.9882,-17.8159],[-38.9885,-17.8208],[-38.9927,-17.8202],[-38.993,-17.8242],[-38.997,-17.8235],[-38.9958,-17.8195],[-38.9919,-17.8183],[-38.9886,-17.816],[-38.9882,-17.8159]]],[[[-38.9891,-17.8182],[-38.989,-17.8182],[-38.9889,-17.8182],[-38.9889,-17.8182],[-38.9891,-17.8182]]],[[[-38.9892,-17.8184],[-38.9892,-17.8184],[-38.9891,-17.8184],[-38.9891,-17.8184],[-38.9892,-17.8184]]],[[[-38.9868,-17.8154],[-38.9868,-17.8157],[-38.9869,-17.8158],[-38.9869,-17.8159],[-38.9868,-17.8154]]],[[[-38.9732,-17.8149],[-38.9732,-17.815],[-38.9729,-17.815],[-38.9728,-17.8151],[-38.9732,-17.8149]]],[[[-38.9497,-17.8146],[-38.9497,-17.8146],[-38.9495,-17.8146],[-38.9495,-17.8146],[-38.9497,-17.8146]]],[[[-38.9723,-17.8143],[-38.9723,-17.8144],[-38.9722,-17.8144],[-38.9722,-17.8144],[-38.9723,-17.8143]]],[[[-39.0106,-17.8142],[-39.0106,-17.8143],[-39.0106,-17.8144],[-39.0105,-17.8144],[-39.0106,-17.8142]]],[[[-38.951,-17.8144],[-38.9511,-17.8144],[-38.9514,-17.8142],[-38.9514,-17.8137],[-38.951,-17.8144]]],[[[-39.0076,-17.8141],[-39.0092,-17.818],[-39.0084,-17.814],[-39.0076,-17.8141]]],[[[-38.9697,-17.8128],[-38.9697,-17.8129],[-38.9695,-17.8129],[-38.9695,-17.813],[-38.9697,-17.8128]]],[[[-38.9701,-17.8133],[-38.9701,-17.8133],[-38.97,-17.8133],[-38.97,-17.8133],[-38.9701,-17.8133]]],[[[-38.9701,-17.8134],[-38.9702,-17.8133],[-38.9703,-17.8133],[-38.9703,-17.8137],[-38.9701,-17.8134]]],[[[-38.994,-17.8129],[-38.9942,-17.8129],[-38.9942,-17.8129],[-38.9942,-17.8128],[-38.994,-17.8129]]],[[[-38.9955,-17.8125],[-38.9962,-17.8165],[-38.9958,-17.8125],[-38.9955,-17.8125]]],[[[-39.0018,-17.8121],[-39.0018,-17.8162],[-39.0019,-17.8121],[-39.0018,-17.8121]]],[[[-38.9682,-17.8119],[-38.9681,-17.812],[-38.968,-17.812],[-38.968,-17.812],[-38.9682,-17.8119]]],[[[-38.9626,-17.8122],[-38.9638,-17.8161],[-38.9622,-17.8198],[-38.9652,-17.8228],[-38.9675,-17.8262],[-38.9686,-17.8222],[-38.9655,-17.8197],[-38.9678,-17.8163],[-38.9643,-17.814],[-38.9626,-17.8122]]],[[[-38.967,-17.8214],[-38.967,-17.8214],[-38.9668,-17.8214],[-38.9666,-17.8213],[-38.967,-17.8214]]],[[[-39.0132,-17.8117],[-39.0123,-17.8157],[-39.0155,-17.8131],[-39.0132,-17.8117]]],[[[-38.9906,-17.8122],[-38.9918,-17.8161],[-38.9927,-17.8122],[-38.9906,-17.8122]]],[[[-38.9908,-17.811],[-38.9908,-17.811],[-38.9908,-17.8109],[-38.9908,-17.8109],[-38.9908,-17.811]]],[[[-38.9907,-17.8109],[-38.9907,-17.8109],[-38.9907,-17.8108],[-38.9907,-17.8108],[-38.9907,-17.8109]]],[[[-38.96,-17.8114],[-38.9611,-17.8153],[-38.9605,-17.8113],[-38.96,-17.8114]]],[[[-39.0114,-17.8113],[-39.0114,-17.8114],[-39.0113,-17.8114],[-39.0113,-17.8114],[-39.0114,-17.8113]]],[[[-39.007,-17.8102],[-39.0088,-17.8139],[-39.0071,-17.8102],[-39.007,-17.8102]]],[[[-38.9385,-17.8103],[-38.9386,-17.8105],[-38.9387,-17.8104],[-38.9387,-17.81],[-38.9385,-17.8103]]],[[[-38.9828,-17.8094],[-38.9828,-17.8094],[-38.9824,-17.8094],[-38.9824,-17.8094],[-38.9828,-17.8094]]],[[[-38.9491,-17.8087],[-38.9491,-17.8087],[-38.949,-17.8087],[-38.9489,-17.8088],[-38.9491,-17.8087]]],[[[-38.9699,-17.8085],[-38.9699,-17.8085],[-38.9698,-17.8085],[-38.9698,-17.8085],[-38.9699,-17.8085]]],[[[-38.9653,-17.8082],[-38.9653,-17.8082],[-38.9653,-17.8082],[-38.9653,-17.8082],[-38.9653,-17.8082]]],[[[-38.9653,-17.8084],[-38.9653,-17.8085],[-38.9653,-17.8085],[-38.9652,-17.8085],[-38.9653,-17.8084]]],[[[-38.9636,-17.8077],[-38.9636,-17.8079],[-38.9637,-17.808],[-38.9637,-17.808],[-38.9636,-17.8077]]],[[[-39.0047,-17.8075],[-39.0025,-17.811],[-39.0051,-17.8142],[-39.0064,-17.8098],[-39.0047,-17.8075]]],[[[-38.9413,-17.8063],[-38.9413,-17.8066],[-38.9413,-17.8066],[-38.9414,-17.8066],[-38.9413,-17.8063]]],[[[-38.9654,-17.8062],[-38.9653,-17.8063],[-38.9652,-17.8063],[-38.9652,-17.8064],[-38.9654,-17.8062]]],[[[-38.9424,-17.806],[-38.9424,-17.8061],[-38.9423,-17.8061],[-38.9423,-17.8061],[-38.9424,-17.806]]],[[[-38.964,-17.8059],[-38.9642,-17.8059],[-38.9642,-17.8059],[-38.9642,-17.8058],[-38.964,-17.8059]]],[[[-38.9626,-17.8071],[-38.9628,-17.8071],[-38.9629,-17.8071],[-38.9629,-17.8068],[-38.9626,-17.8071]]],[[[-38.9816,-17.8068],[-38.982,-17.8068],[-38.982,-17.8068],[-38.982,-17.8064],[-38.9816,-17.8068]]],[[[-38.9634,-17.8061],[-38.9637,-17.8061],[-38.9638,-17.8061],[-38.9638,-17.8056],[-38.9634,-17.8061]]],[[[-38.9682,-17.8062],[-38.9681,-17.8063],[-38.9678,-17.8063],[-38.9677,-17.8062],[-38.9682,-17.8062]]],[[[-38.9695,-17.8051],[-38.9695,-17.8051],[-38.9695,-17.8051],[-38.9695,-17.805],[-38.9695,-17.8051]]],[[[-38.9658,-17.8053],[-38.9658,-17.8053],[-38.9657,-17.8053],[-38.9657,-17.8053],[-38.9658,-17.8053]]],[[[-38.9701,-17.805],[-38.9701,-17.805],[-38.97,-17.805],[-38.97,-17.8051],[-38.9701,-17.805]]],[[[-38.942,-17.8054],[-38.9423,-17.8054],[-38.9423,-17.8053],[-38.9423,-17.8049],[-38.942,-17.8054]]],[[[-38.9514,-17.8048],[-38.9513,-17.8049],[-38.9512,-17.8049],[-38.9512,-17.8049],[-38.9514,-17.8048]]],[[[-38.9635,-17.805],[-38.9638,-17.805],[-38.9639,-17.805],[-38.9639,-17.8046],[-38.9635,-17.805]]],[[[-38.9516,-17.8047],[-38.9517,-17.8047],[-38.9517,-17.8047],[-38.9517,-17.8045],[-38.9516,-17.8047]]],[[[-39.0016,-17.8042],[-39.0015,-17.8043],[-39.0013,-17.8043],[-39.0013,-17.8043],[-39.0016,-17.8042]]],[[[-38.9626,-17.804],[-38.9628,-17.804],[-38.9628,-17.804],[-38.9628,-17.8036],[-38.9626,-17.804]]],[[[-38.9412,-17.8038],[-38.9413,-17.8038],[-38.9414,-17.8037],[-38.9414,-17.8036],[-38.9412,-17.8038]]],[[[-38.9981,-17.8033],[-38.9981,-17.8033],[-38.9981,-17.8033],[-38.9981,-17.8033],[-38.9981,-17.8033]]],[[[-38.9806,-17.8033],[-38.9806,-17.8034],[-38.9805,-17.8034],[-38.9805,-17.8034],[-38.9806,-17.8033]]],[[[-38.9807,-17.8033],[-38.9807,-17.8033],[-38.9807,-17.8032],[-38.9807,-17.8032],[-38.9807,-17.8033]]],[[[-38.9424,-17.8036],[-38.9427,-17.8036],[-38.9427,-17.8036],[-38.9427,-17.8032],[-38.9424,-17.8036]]],[[[-38.9611,-17.804],[-38.9614,-17.804],[-38.9614,-17.8039],[-38.9614,-17.8038],[-38.9611,-17.804]]],[[[-38.9608,-17.8029],[-38.9609,-17.8029],[-38.9609,-17.8029],[-38.9609,-17.8029],[-38.9608,-17.8029]]],[[[-38.9609,-17.8029],[-38.9609,-17.8029],[-38.9609,-17.8028],[-38.9609,-17.8028],[-38.9609,-17.8029]]],[[[-38.9413,-17.8029],[-38.9414,-17.8029],[-38.9414,-17.8029],[-38.9414,-17.8026],[-38.9413,-17.8029]]],[[[-38.9984,-17.8025],[-38.9984,-17.803],[-38.9983,-17.8031],[-38.9983,-17.8031],[-38.9984,-17.8025]]],[[[-38.9623,-17.803],[-38.9627,-17.803],[-38.9627,-17.803],[-38.9627,-17.8029],[-38.9623,-17.803]]],[[[-38.9819,-17.8031],[-38.9831,-17.807],[-38.9851,-17.8104],[-38.9861,-17.8144],[-38.9894,-17.812],[-38.987,-17.8087],[-38.9843,-17.8057],[-38.9819,-17.8024],[-38.9819,-17.8031]]],[[[-38.9925,-17.8019],[-38.9894,-17.8045],[-38.9916,-17.8078],[-38.9947,-17.8104],[-38.9977,-17.8131],[-39.0003,-17.8163],[-39.0007,-17.8123],[-39.0021,-17.8085],[-38.9992,-17.8056],[-38.9947,-17.805],[-38.9925,-17.8019]]],[[[-38.9936,-17.8035],[-38.9936,-17.8036],[-38.9942,-17.8036],[-38.9942,-17.8036],[-38.9936,-17.8035]]],[[[-38.9955,-17.8058],[-38.9955,-17.8062],[-38.9956,-17.8063],[-38.9956,-17.8065],[-38.9955,-17.8058]]],[[[-38.9938,-17.8065],[-38.9939,-17.8066],[-38.9939,-17.8069],[-38.9938,-17.8069],[-38.9938,-17.8065]]],[[[-38.9968,-17.8072],[-38.9968,-17.8069],[-38.9969,-17.8069],[-38.9973,-17.8069],[-38.9968,-17.8072]]],[[[-38.9946,-17.8072],[-38.9946,-17.8076],[-38.9945,-17.8076],[-38.9945,-17.8076],[-38.9946,-17.8072]]],[[[-38.9951,-17.8092],[-38.9993,-17.8083],[-38.9957,-17.8109],[-38.9951,-17.8092]]],[[[-38.9984,-17.8077],[-38.9984,-17.8075],[-38.9983,-17.8075],[-38.9983,-17.8074],[-38.9984,-17.8077]]],[[[-38.9951,-17.8067],[-38.9951,-17.807],[-38.9951,-17.807],[-38.9946,-17.807],[-38.9951,-17.8067]]],[[[-38.9962,-17.8066],[-38.9962,-17.8066],[-38.9962,-17.8064],[-38.9963,-17.8063],[-38.9962,-17.8066]]],[[[-38.9895,-17.8019],[-38.9897,-17.8019],[-38.9897,-17.8019],[-38.9897,-17.8018],[-38.9895,-17.8019]]],[[[-38.991,-17.8011],[-38.9909,-17.8012],[-38.9908,-17.8012],[-38.9908,-17.8012],[-38.991,-17.8011]]],[[[-38.9886,-17.8028],[-38.989,-17.8028],[-38.9891,-17.8028],[-38.9891,-17.8024],[-38.9886,-17.8028]]],[[[-38.9624,-17.8011],[-38.9623,-17.8011],[-38.9623,-17.8016],[-38.9622,-17.8017],[-38.9624,-17.8011]]],[[[-38.9424,-17.8011],[-38.9425,-17.8011],[-38.9425,-17.8011],[-38.9425,-17.8008],[-38.9424,-17.8011]]],[[[-38.9413,-17.8008],[-38.9414,-17.8008],[-38.9414,-17.8008],[-38.9414,-17.8006],[-38.9413,-17.8008]]],[[[-38.9474,-17.7986],[-38.9474,-17.7986],[-38.9473,-17.7986],[-38.9473,-17.7986],[-38.9474,-17.7986]]],[[[-38.9757,-17.7987],[-38.9756,-17.7987],[-38.9756,-17.7987],[-38.9756,-17.7987],[-38.9757,-17.7987]]],[[[-38.9749,-17.7986],[-38.9756,-17.8027],[-38.9749,-17.7985],[-38.9749,-17.7986]]],[[[-38.9762,-17.8019],[-38.9761,-17.8019],[-38.9761,-17.8019],[-38.9761,-17.8018],[-38.9762,-17.8019]]],[[[-38.9764,-17.8022],[-38.9764,-17.8022],[-38.9763,-17.8022],[-38.9763,-17.8021],[-38.9764,-17.8022]]],[[[-38.9462,-17.7981],[-38.9464,-17.7981],[-38.9466,-17.798],[-38.9466,-17.7978],[-38.9462,-17.7981]]],[[[-38.9694,-17.7981],[-38.9693,-17.7981],[-38.9693,-17.7982],[-38.9693,-17.7983],[-38.9694,-17.7981]]],[[[-38.9469,-17.7978],[-38.9473,-17.7978],[-38.9473,-17.7977],[-38.9473,-17.7972],[-38.9469,-17.7978]]],[[[-38.9711,-17.7991],[-38.9711,-17.7991],[-38.971,-17.7991],[-38.971,-17.7991],[-38.9711,-17.7991]]],[[[-38.9343,-17.8099],[-38.9336,-17.8059],[-38.9307,-17.8029],[-38.9283,-17.7985],[-38.9268,-17.8026],[-38.9285,-17.8067],[-38.9321,-17.8087],[-38.9343,-17.8099]]],[[[-38.9457,-17.7966],[-38.9457,-17.797],[-38.9457,-17.797],[-38.9458,-17.797],[-38.9457,-17.7966]]],[[[-38.9477,-17.796],[-38.9478,-17.796],[-38.9479,-17.796],[-38.9479,-17.7955],[-38.9477,-17.796]]],[[[-38.9665,-17.7954],[-38.9665,-17.7957],[-38.9665,-17.7957],[-38.9665,-17.7958],[-38.9665,-17.7954]]],[[[-38.9704,-17.7945],[-38.9704,-17.7945],[-38.9703,-17.7945],[-38.9703,-17.7946],[-38.9704,-17.7945]]],[[[-38.9989,-17.7957],[-38.9989,-17.7958],[-38.9993,-17.7958],[-38.9993,-17.7958],[-38.9989,-17.7957]]],[[[-38.9974,-17.7939],[-38.9974,-17.7939],[-38.9975,-17.7939],[-38.9975,-17.7938],[-38.9974,-17.7939]]],[[[-38.9975,-17.7938],[-38.9975,-17.7938],[-38.9975,-17.7938],[-38.9975,-17.7938],[-38.9975,-17.7938]]],[[[-38.9686,-17.7942],[-38.9688,-17.7942],[-38.9688,-17.7942],[-38.9688,-17.7942],[-38.9686,-17.7942]]],[[[-39.0143,-17.7927],[-39.0143,-17.793],[-39.0143,-17.793],[-39.0143,-17.7931],[-39.0143,-17.7927]]],[[[-38.9628,-17.7923],[-38.9628,-17.7924],[-38.9626,-17.7924],[-38.9626,-17.7925],[-38.9628,-17.7923]]],[[[-38.6718,-17.7953],[-38.6723,-17.7998],[-38.6764,-17.8],[-38.6788,-17.7964],[-38.6751,-17.7947],[-38.6718,-17.7953]]],[[[-38.9661,-17.7923],[-38.965,-17.7967],[-38.9657,-17.8009],[-38.9669,-17.8047],[-38.9697,-17.8019],[-38.9685,-17.7974],[-38.9666,-17.7939],[-38.9661,-17.7923]]],[[[-38.9662,-17.7978],[-38.9661,-17.7979],[-38.9661,-17.7979],[-38.966,-17.7979],[-38.9662,-17.7978]]],[[[-38.9678,-17.7982],[-38.9678,-17.7982],[-38.968,-17.7982],[-38.968,-17.7981],[-38.9678,-17.7982]]],[[[-38.9673,-17.7984],[-38.9673,-17.7984],[-38.9671,-17.7984],[-38.9671,-17.7984],[-38.9673,-17.7984]]],[[[-38.9674,-17.7988],[-38.9674,-17.7988],[-38.9673,-17.7988],[-38.9672,-17.7989],[-38.9674,-17.7988]]],[[[-38.9664,-17.7986],[-38.9664,-17.7992],[-38.9663,-17.7992],[-38.966,-17.7992],[-38.9664,-17.7986]]],[[[-38.9674,-17.8028],[-38.9674,-17.8029],[-38.9674,-17.803],[-38.9675,-17.803],[-38.9674,-17.8028]]],[[[-38.9683,-17.7979],[-38.9682,-17.7979],[-38.9682,-17.7979],[-38.9682,-17.7979],[-38.9683,-17.7979]]],[[[-39.0058,-17.7921],[-39.0058,-17.7921],[-39.0058,-17.7921],[-39.0058,-17.7921],[-39.0058,-17.7921]]],[[[-39.0113,-17.7916],[-39.0113,-17.7919],[-39.0113,-17.7919],[-39.0113,-17.7923],[-39.0113,-17.7916]]],[[[-38.9685,-17.7922],[-38.9687,-17.7922],[-38.9687,-17.7921],[-38.9687,-17.7915],[-38.9685,-17.7922]]],[[[-38.9682,-17.7915],[-38.9682,-17.7915],[-38.9682,-17.7915],[-38.9682,-17.7915],[-38.9682,-17.7915]]],[[[-38.9624,-17.792],[-38.9626,-17.792],[-38.9626,-17.792],[-38.9626,-17.7919],[-38.9624,-17.792]]],[[[-38.9669,-17.7921],[-38.967,-17.7921],[-38.967,-17.792],[-38.967,-17.7916],[-38.9669,-17.7921]]],[[[-38.9699,-17.7912],[-38.9699,-17.7914],[-38.9699,-17.7914],[-38.9701,-17.7914],[-38.9699,-17.7912]]],[[[-39.0011,-17.7907],[-39.0011,-17.7908],[-39.0011,-17.7908],[-39.001,-17.7908],[-39.0011,-17.7907]]],[[[-38.9645,-17.7909],[-38.9645,-17.7914],[-38.9645,-17.7914],[-38.9644,-17.7914],[-38.9645,-17.7909]]],[[[-38.9673,-17.7906],[-38.9673,-17.7909],[-38.9674,-17.791],[-38.9674,-17.791],[-38.9673,-17.7906]]],[[[-38.9674,-17.7908],[-38.9674,-17.7908],[-38.9674,-17.7908],[-38.9674,-17.7906],[-38.9674,-17.7908]]],[[[-38.9675,-17.791],[-38.9675,-17.791],[-38.9674,-17.791],[-38.9674,-17.791],[-38.9675,-17.791]]],[[[-38.962,-17.7906],[-38.9619,-17.7907],[-38.9617,-17.7907],[-38.9617,-17.7907],[-38.962,-17.7906]]],[[[-38.709,-17.7916],[-38.7097,-17.7974],[-38.7093,-17.8015],[-38.7081,-17.8054],[-38.7058,-17.8091],[-38.7074,-17.8146],[-38.7087,-17.8194],[-38.7093,-17.8242],[-38.7051,-17.8232],[-38.7007,-17.8238],[-38.6983,-17.8272],[-38.698,-17.8228],[-38.6993,-17.8186],[-38.6978,-17.8145],[-38.6953,-17.8111],[-38.6913,-17.8098],[-38.6878,-17.8067],[-38.6845,-17.804],[-38.6845,-17.8088],[-38.683,-17.8126],[-38.6795,-17.8147],[-38.6755,-17.8136],[-38.6714,-17.8144],[-38.6674,-17.8136],[-38.6635,-17.8119],[-38.6611,-17.8153],[-38.6633,-17.8186],[-38.6668,-17.8207],[-38.6694,-17.8239],[-38.6727,-17.8262],[-38.6714,-17.8302],[-38.672,-17.8342],[-38.672,-17.8384],[-38.6744,-17.8422],[-38.6742,-17.8468],[-38.6744,-17.851],[-38.6718,-17.8541],[-38.6674,-17.8526],[-38.6635,-17.8541],[-38.6626,-17.8581],[-38.6635,-17.8625],[-38.6637,-17.8667],[-38.6642,-17.8713],[-38.6657,-17.8751],[-38.6657,-17.8793],[-38.6679,-17.8826],[-38.6666,-17.8866],[-38.6679,-17.891],[-38.672,-17.8906],[-38.6749,-17.8936],[-38.6762,-17.8975],[-38.6792,-17.9003],[-38.6834,-17.9003],[-38.6873,-17.9017],[-38.6915,-17.9013],[-38.6954,-17.9003],[-38.6987,-17.8973],[-38.7026,-17.8965],[-38.7059,-17.8938],[-38.7096,-17.8919],[-38.7138,-17.8925],[-38.717,-17.8952],[-38.7199,-17.8982],[-38.7238,-17.8994],[-38.728,-17.8994],[-38.7325,-17.8992],[-38.7374,-17.8984],[-38.7409,-17.8963],[-38.7435,-17.8925],[-38.7457,-17.8887],[-38.7465,-17.8847],[-38.7478,-17.8806],[-38.7498,-17.877],[-38.754,-17.8766],[-38.7581,-17.8766],[-38.7621,-17.8755],[-38.7629,-17.8713],[-38.7612,-17.8675],[-38.759,-17.8642],[-38.7599,-17.8602],[-38.764,-17.8581],[-38.7684,-17.8571],[-38.7717,-17.8545],[-38.7747,-17.8516],[-38.7758,-17.8476],[-38.7747,-17.8434],[-38.7719,-17.8403],[-38.7677,-17.8405],[-38.7649,-17.8371],[-38.7642,-17.8331],[-38.7638,-17.8291],[-38.7618,-17.8254],[-38.7586,-17.8226],[-38.7544,-17.8228],[-38.7509,-17.8249],[-38.7505,-17.8289],[-38.7472,-17.8266],[-38.745,-17.8228],[-38.7411,-17.8201],[-38.7374,-17.8184],[-38.7356,-17.8147],[-38.7334,-17.8113],[-38.7315,-17.8077],[-38.731,-17.8037],[-38.7297,-17.7995],[-38.7277,-17.7953],[-38.724,-17.7928],[-38.7201,-17.7916],[-38.7159,-17.792],[-38.712,-17.7905],[-38.709,-17.7916]]],[[[-38.966,-17.7908],[-38.9661,-17.7909],[-38.9662,-17.7909],[-38.9662,-17.7904],[-38.966,-17.7908]]],[[[-38.9471,-17.7908],[-38.9462,-17.7948],[-38.9475,-17.7909],[-38.9471,-17.7908]]],[[[-38.9725,-17.7912],[-38.9726,-17.7913],[-38.9732,-17.7913],[-38.9732,-17.7913],[-38.9725,-17.7912]]],[[[-39.0078,-17.7894],[-39.0078,-17.7897],[-39.0078,-17.7897],[-39.0078,-17.7897],[-39.0078,-17.7894]]],[[[-39.0022,-17.7902],[-39.0023,-17.7902],[-39.0023,-17.7907],[-39.0022,-17.7907],[-39.0022,-17.7902]]],[[[-38.9633,-17.7914],[-38.9633,-17.7914],[-38.9632,-17.7914],[-38.9632,-17.7914],[-38.9633,-17.7914]]],[[[-39.0009,-17.789],[-39.0009,-17.789],[-39.0008,-17.789],[-39.0008,-17.7891],[-39.0009,-17.789]]],[[[-39.0061,-17.7893],[-39.0058,-17.7893],[-39.0057,-17.7892],[-39.0056,-17.7892],[-39.0061,-17.7893]]],[[[-39.0066,-17.7904],[-39.0066,-17.7904],[-39.0066,-17.7904],[-39.0065,-17.7904],[-39.0066,-17.7904]]],[[[-39.0,-17.7889],[-39.0,-17.7889],[-39.0,-17.7888],[-39.0,-17.7888],[-39.0,-17.7889]]],[[[-39.0088,-17.7888],[-39.0087,-17.7888],[-39.0087,-17.7888],[-39.0083,-17.7888],[-39.0088,-17.7888]]],[[[-38.9611,-17.7897],[-38.9611,-17.7897],[-38.961,-17.7897],[-38.961,-17.7897],[-38.9611,-17.7897]]],[[[-39.0048,-17.7884],[-39.0046,-17.7885],[-39.0046,-17.7887],[-39.0047,-17.7888],[-39.0048,-17.7884]]],[[[-39.0346,-17.7885],[-39.0347,-17.7886],[-39.0347,-17.7888],[-39.0348,-17.7889],[-39.0346,-17.7885]]],[[[-38.9683,-17.7883],[-38.9682,-17.7884],[-38.968,-17.7884],[-38.968,-17.7884],[-38.9683,-17.7883]]],[[[-38.9432,-17.7884],[-38.9434,-17.7925],[-38.9442,-17.7882],[-38.9432,-17.7884]]],[[[-38.9462,-17.7888],[-38.9469,-17.7888],[-38.9469,-17.7887],[-38.9469,-17.7886],[-38.9462,-17.7888]]],[[[-39.0003,-17.788],[-39.0003,-17.788],[-39.0002,-17.788],[-39.0002,-17.788],[-39.0003,-17.788]]],[[[-39.0015,-17.788],[-39.0015,-17.788],[-39.0014,-17.788],[-39.0013,-17.7881],[-39.0015,-17.788]]],[[[-39.0037,-17.7878],[-39.0037,-17.7879],[-39.0037,-17.7881],[-39.0038,-17.7881],[-39.0037,-17.7878]]],[[[-38.9673,-17.7875],[-38.9672,-17.7875],[-38.967,-17.7875],[-38.967,-17.7875],[-38.9673,-17.7875]]],[[[-38.9785,-17.788],[-38.9786,-17.788],[-38.9786,-17.7879],[-38.9786,-17.7878],[-38.9785,-17.788]]],[[[-38.9673,-17.7872],[-38.9674,-17.7872],[-38.9674,-17.7872],[-38.9674,-17.7871],[-38.9673,-17.7872]]],[[[-38.9633,-17.7873],[-38.9633,-17.7877],[-38.9633,-17.7877],[-38.9635,-17.7877],[-38.9633,-17.7873]]],[[[-38.9632,-17.7867],[-38.9634,-17.7867],[-38.9634,-17.7867],[-38.9634,-17.7867],[-38.9632,-17.7867]]],[[[-38.9659,-17.7876],[-38.966,-17.7877],[-38.9662,-17.7877],[-38.9663,-17.7876],[-38.9659,-17.7876]]],[[[-38.9449,-17.7871],[-38.9451,-17.7871],[-38.9451,-17.7871],[-38.9451,-17.7868],[-38.9449,-17.7871]]],[[[-38.9652,-17.7848],[-38.9652,-17.7848],[-38.9652,-17.7847],[-38.9652,-17.7847],[-38.9652,-17.7848]]],[[[-38.9596,-17.7848],[-38.9596,-17.7848],[-38.9595,-17.7848],[-38.9595,-17.7848],[-38.9596,-17.7848]]],[[[-38.6867,-17.7907],[-38.6899,-17.7882],[-38.688,-17.7846],[-38.6854,-17.7878],[-38.6867,-17.7907]]],[[[-38.9759,-17.7843],[-38.9758,-17.7844],[-38.9757,-17.7844],[-38.9757,-17.7845],[-38.9759,-17.7843]]],[[[-38.9594,-17.7847],[-38.9596,-17.7847],[-38.9596,-17.7846],[-38.9596,-17.7846],[-38.9594,-17.7847]]],[[[-38.9657,-17.7839],[-38.9656,-17.784],[-38.9655,-17.784],[-38.9655,-17.784],[-38.9657,-17.7839]]],[[[-38.974,-17.7835],[-38.974,-17.7836],[-38.9739,-17.7836],[-38.9738,-17.7836],[-38.974,-17.7835]]],[[[-39.0107,-17.7834],[-39.0107,-17.7834],[-39.0105,-17.7836],[-39.0104,-17.7836],[-39.0107,-17.7834]]],[[[-39.0099,-17.7834],[-39.0099,-17.7834],[-39.01,-17.7834],[-39.0101,-17.7834],[-39.0099,-17.7834]]],[[[-39.0175,-17.7826],[-39.0166,-17.7867],[-39.0199,-17.789],[-39.0195,-17.7849],[-39.0175,-17.7826]]],[[[-39.0073,-17.7824],[-39.0071,-17.7826],[-39.0071,-17.7828],[-39.0069,-17.7829],[-39.0073,-17.7824]]],[[[-39.0073,-17.7824],[-39.0073,-17.7824],[-39.0074,-17.7824],[-39.0074,-17.7824],[-39.0073,-17.7824]]],[[[-39.0209,-17.782],[-39.0208,-17.7821],[-39.0208,-17.7822],[-39.0207,-17.7823],[-39.0209,-17.782]]],[[[-38.9451,-17.7847],[-38.9451,-17.7847],[-38.945,-17.7847],[-38.9449,-17.7847],[-38.9451,-17.7847]]],[[[-39.0211,-17.7818],[-39.0211,-17.7819],[-39.0211,-17.7819],[-39.0211,-17.7818],[-39.0211,-17.7818]]],[[[-39.0166,-17.7814],[-39.0166,-17.7815],[-39.0165,-17.7815],[-39.0165,-17.7817],[-39.0166,-17.7814]]],[[[-39.0155,-17.7809],[-39.0155,-17.7814],[-39.0156,-17.7815],[-39.0156,-17.7817],[-39.0155,-17.7809]]],[[[-39.0125,-17.7807],[-39.0151,-17.7841],[-39.013,-17.7807],[-39.0125,-17.7807]]],[[[-39.0037,-17.7811],[-39.0037,-17.7812],[-39.0038,-17.7812],[-39.0038,-17.7812],[-39.0037,-17.7811]]],[[[-39.0142,-17.7799],[-39.0142,-17.7799],[-39.0142,-17.7801],[-39.0142,-17.7802],[-39.0142,-17.7799]]],[[[-39.0467,-17.7792],[-39.0449,-17.7831],[-39.0408,-17.7843],[-39.0447,-17.7852],[-39.0488,-17.7863],[-39.0525,-17.788],[-39.0509,-17.784],[-39.0488,-17.7805],[-39.0467,-17.7792]]],[[[-39.0138,-17.7793],[-39.0139,-17.7794],[-39.0141,-17.7794],[-39.0142,-17.7794],[-39.0138,-17.7793]]],[[[-39.0004,-17.7786],[-39.0003,-17.7787],[-39.0003,-17.7787],[-39.0002,-17.7786],[-39.0004,-17.7786]]],[[[-38.9665,-17.7784],[-38.9664,-17.7784],[-38.9664,-17.7784],[-38.9664,-17.7784],[-38.9665,-17.7784]]],[[[-38.9659,-17.7789],[-38.9659,-17.7789],[-38.9659,-17.7789],[-38.9659,-17.7789],[-38.9659,-17.7789]]],[[[-38.9602,-17.7786],[-38.9602,-17.7789],[-38.9603,-17.7789],[-38.9603,-17.7789],[-38.9602,-17.7786]]],[[[-38.9594,-17.7779],[-38.9558,-17.7798],[-38.9582,-17.7831],[-38.9592,-17.7792],[-38.9594,-17.7779]]],[[[-38.9591,-17.7801],[-38.9591,-17.7801],[-38.9588,-17.7801],[-38.9587,-17.7802],[-38.9591,-17.7801]]],[[[-38.9579,-17.7807],[-38.9579,-17.7807],[-38.9579,-17.7808],[-38.9579,-17.7808],[-38.9579,-17.7807]]],[[[-38.9588,-17.7821],[-38.9588,-17.7825],[-38.9588,-17.7825],[-38.958,-17.7825],[-38.9588,-17.7821]]],[[[-38.9607,-17.7824],[-38.9607,-17.7824],[-38.9609,-17.7824],[-38.961,-17.7824],[-38.9607,-17.7824]]],[[[-38.9606,-17.7824],[-38.9606,-17.7823],[-38.9607,-17.7823],[-38.9607,-17.7824],[-38.9606,-17.7824]]],[[[-38.9592,-17.7779],[-38.9592,-17.7779],[-38.9592,-17.7779],[-38.9593,-17.7779],[-38.9592,-17.7779]]],[[[-38.9656,-17.7777],[-38.9655,-17.7777],[-38.9654,-17.7777],[-38.9654,-17.7777],[-38.9656,-17.7777]]],[[[-39.0102,-17.7773],[-39.0101,-17.7774],[-39.0101,-17.7773],[-39.01,-17.7774],[-39.0102,-17.7773]]],[[[-38.9654,-17.7775],[-38.9656,-17.7775],[-38.9656,-17.7775],[-38.9656,-17.7774],[-38.9654,-17.7775]]],[[[-39.0119,-17.7773],[-39.0121,-17.7775],[-39.0122,-17.7775],[-39.0122,-17.7775],[-39.0119,-17.7773]]],[[[-38.9637,-17.7772],[-38.9623,-17.7816],[-38.9662,-17.7829],[-38.9678,-17.7866],[-38.9713,-17.7888],[-38.97,-17.7849],[-38.9679,-17.7814],[-38.9644,-17.7794],[-38.9637,-17.7772]]],[[[-38.9641,-17.7797],[-38.9641,-17.7798],[-38.964,-17.7798],[-38.9639,-17.7798],[-38.9641,-17.7797]]],[[[-38.9666,-17.7815],[-38.9666,-17.7818],[-38.9665,-17.7818],[-38.9663,-17.7818],[-38.9666,-17.7815]]],[[[-38.958,-17.7775],[-38.958,-17.7775],[-38.9579,-17.7775],[-38.9579,-17.7776],[-38.958,-17.7775]]],[[[-38.9586,-17.7761],[-38.9587,-17.7761],[-38.9587,-17.776],[-38.9587,-17.776],[-38.9586,-17.7761]]],[[[-38.9592,-17.7756],[-38.9591,-17.7757],[-38.959,-17.7757],[-38.959,-17.7757],[-38.9592,-17.7756]]],[[[-39.0389,-17.7755],[-39.0388,-17.7755],[-39.0388,-17.7753],[-39.0387,-17.7753],[-39.0389,-17.7755]]],[[[-39.0268,-17.7747],[-39.0268,-17.776],[-39.0268,-17.776],[-39.0267,-17.776],[-39.0268,-17.7747]]],[[[-39.0144,-17.7743],[-39.0151,-17.7783],[-39.018,-17.7811],[-39.0175,-17.7772],[-39.0146,-17.7744],[-39.0144,-17.7743]]],[[[-38.9526,-17.7742],[-38.9495,-17.7767],[-38.9521,-17.78],[-38.9534,-17.7762],[-38.9526,-17.7742]]],[[[-39.0143,-17.7741],[-39.0143,-17.7742],[-39.0143,-17.7742],[-39.0143,-17.7742],[-39.0143,-17.7741]]],[[[-39.012,-17.7742],[-39.0119,-17.7742],[-39.0117,-17.774],[-39.0116,-17.774],[-39.012,-17.7742]]],[[[-38.9479,-17.7746],[-38.9481,-17.7746],[-38.9481,-17.7745],[-38.9481,-17.7744],[-38.9479,-17.7746]]],[[[-39.0274,-17.7728],[-39.0274,-17.7737],[-39.0275,-17.7737],[-39.0275,-17.774],[-39.0274,-17.7728]]],[[[-38.9902,-17.7722],[-38.9904,-17.7722],[-38.9904,-17.7721],[-38.9904,-17.7719],[-38.9902,-17.7722]]],[[[-38.9503,-17.7732],[-38.9503,-17.7732],[-38.9501,-17.7732],[-38.9501,-17.7732],[-38.9503,-17.7732]]],[[[-38.9894,-17.7709],[-38.9893,-17.771],[-38.9892,-17.771],[-38.9892,-17.771],[-38.9894,-17.7709]]],[[[-38.9901,-17.7712],[-38.9903,-17.7712],[-38.9903,-17.7712],[-38.9903,-17.7711],[-38.9901,-17.7712]]],[[[-38.9881,-17.7716],[-38.9884,-17.7716],[-38.9884,-17.7715],[-38.9884,-17.7715],[-38.9881,-17.7716]]],[[[-38.9078,-17.771],[-38.9068,-17.7749],[-38.9071,-17.7793],[-38.9105,-17.7814],[-38.9105,-17.786],[-38.9135,-17.7888],[-38.9154,-17.7927],[-38.9166,-17.7968],[-38.9169,-17.8008],[-38.9197,-17.7979],[-38.9185,-17.794],[-38.9173,-17.7901],[-38.9151,-17.7868],[-38.914,-17.7825],[-38.9134,-17.7785],[-38.9117,-17.7747],[-38.9102,-17.7709],[-38.9078,-17.771]]],[[[-38.9888,-17.7696],[-38.9888,-17.77],[-38.9887,-17.7701],[-38.9886,-17.7701],[-38.9888,-17.7696]]],[[[-38.9512,-17.771],[-38.9512,-17.7711],[-38.9511,-17.7711],[-38.9511,-17.7711],[-38.9512,-17.771]]],[[[-38.9909,-17.7699],[-38.9911,-17.7699],[-38.9912,-17.7698],[-38.9912,-17.7698],[-38.9909,-17.7699]]],[[[-39.034,-17.7688],[-39.034,-17.7693],[-39.034,-17.7693],[-39.0339,-17.7693],[-39.034,-17.7688]]],[[[-38.9903,-17.7685],[-38.9902,-17.7686],[-38.9902,-17.7686],[-38.9901,-17.7686],[-38.9903,-17.7685]]],[[[-38.9901,-17.7685],[-38.9903,-17.7685],[-38.9903,-17.7684],[-38.9901,-17.7684],[-38.9901,-17.7685]]],[[[-39.0295,-17.7678],[-39.0257,-17.7693],[-39.0299,-17.7696],[-39.0313,-17.7754],[-39.0322,-17.7708],[-39.0295,-17.7678],[-39.0295,-17.7678]]],[[[-38.9896,-17.7674],[-38.9896,-17.7675],[-38.9894,-17.7675],[-38.9894,-17.7676],[-38.9896,-17.7674]]],[[[-39.0308,-17.7665],[-39.0309,-17.7665],[-39.0311,-17.7665],[-39.0312,-17.7665],[-39.0308,-17.7665]]],[[[-39.0448,-17.766],[-39.0448,-17.7663],[-39.0448,-17.7664],[-39.0449,-17.7664],[-39.0448,-17.766]]],[[[-38.9945,-17.7653],[-38.9944,-17.7653],[-38.9942,-17.7653],[-38.9942,-17.7653],[-38.9945,-17.7653]]],[[[-39.0451,-17.7651],[-39.0451,-17.7652],[-39.0451,-17.7652],[-39.0451,-17.7652],[-39.0451,-17.7651]]],[[[-39.0445,-17.7651],[-39.0446,-17.7651],[-39.0445,-17.7652],[-39.0445,-17.7652],[-39.0445,-17.7651]]],[[[-39.0297,-17.765],[-39.0275,-17.7683],[-39.0305,-17.7657],[-39.0297,-17.765]]],[[[-39.045,-17.765],[-39.0451,-17.7651],[-39.0451,-17.765],[-39.045,-17.7649],[-39.045,-17.765]]],[[[-39.0227,-17.7649],[-39.0262,-17.767],[-39.0227,-17.7649],[-39.0227,-17.7649]]],[[[-39.0455,-17.7654],[-39.0454,-17.7654],[-39.0454,-17.7654],[-39.0453,-17.7654],[-39.0455,-17.7654]]],[[[-38.999,-17.764],[-38.9989,-17.7641],[-38.9988,-17.7641],[-38.9988,-17.7641],[-38.999,-17.764]]],[[[-38.9756,-17.7655],[-38.9788,-17.768],[-38.9761,-17.765],[-38.9756,-17.7655]]],[[[-39.0317,-17.7641],[-39.0333,-17.7684],[-39.0326,-17.7643],[-39.0317,-17.7641]]],[[[-39.03,-17.7636],[-39.03,-17.7639],[-39.0299,-17.764],[-39.0299,-17.7645],[-39.03,-17.7636]]],[[[-38.9745,-17.7638],[-38.9746,-17.7638],[-38.9746,-17.7638],[-38.9746,-17.7636],[-38.9745,-17.7638]]],[[[-38.9999,-17.7632],[-38.9998,-17.7633],[-38.9996,-17.7633],[-38.9996,-17.7633],[-38.9999,-17.7632]]],[[[-38.9739,-17.7631],[-38.9741,-17.7633],[-38.9741,-17.7633],[-38.9741,-17.7632],[-38.9739,-17.7631]]],[[[-39.0381,-17.763],[-39.0381,-17.763],[-39.0381,-17.7629],[-39.038,-17.7629],[-39.0381,-17.763]]],[[[-38.9737,-17.7628],[-38.9737,-17.7628],[-38.9737,-17.7628],[-38.9737,-17.7627],[-38.9737,-17.7628]]],[[[-38.9952,-17.7623],[-38.9952,-17.7623],[-38.995,-17.7623],[-38.995,-17.7624],[-38.9952,-17.7623]]],[[[-39.0361,-17.7623],[-39.0355,-17.7676],[-39.0359,-17.7719],[-39.0376,-17.7761],[-39.0394,-17.7797],[-39.0433,-17.7808],[-39.0448,-17.7771],[-39.0483,-17.7792],[-39.0476,-17.7752],[-39.0453,-17.7719],[-39.043,-17.7686],[-39.0399,-17.7656],[-39.037,-17.7628],[-39.0361,-17.7623]]],[[[-39.0406,-17.7676],[-39.0406,-17.7676],[-39.0407,-17.7676],[-39.0407,-17.7676],[-39.0406,-17.7676]]],[[[-39.0366,-17.771],[-39.0366,-17.771],[-39.0366,-17.7709],[-39.0366,-17.7709],[-39.0366,-17.771]]],[[[-39.037,-17.7715],[-39.0369,-17.7715],[-39.0369,-17.7714],[-39.037,-17.7714],[-39.037,-17.7715]]],[[[-39.0398,-17.7716],[-39.0392,-17.7716],[-39.0393,-17.7716],[-39.0397,-17.7716],[-39.0398,-17.7716]]],[[[-39.0375,-17.7718],[-39.0375,-17.7719],[-39.0376,-17.7719],[-39.0376,-17.7719],[-39.0375,-17.7718]]],[[[-39.0409,-17.7722],[-39.0407,-17.7722],[-39.0407,-17.7722],[-39.0409,-17.7722],[-39.0409,-17.7722]]],[[[-39.0412,-17.7724],[-39.0412,-17.7729],[-39.0412,-17.773],[-39.0411,-17.773],[-39.0412,-17.7724]]],[[[-39.0442,-17.7739],[-39.0441,-17.7739],[-39.044,-17.7739],[-39.044,-17.7739],[-39.0442,-17.7739]]],[[[-39.0388,-17.7753],[-39.0389,-17.7753],[-39.0389,-17.7755],[-39.0391,-17.7755],[-39.0388,-17.7753]]],[[[-39.0429,-17.7752],[-39.0432,-17.7752],[-39.0432,-17.7753],[-39.0432,-17.7753],[-39.0429,-17.7752]]],[[[-39.0427,-17.7749],[-39.0427,-17.7749],[-39.0428,-17.7749],[-39.0428,-17.775],[-39.0427,-17.7749]]],[[[-39.0427,-17.7749],[-39.0425,-17.7749],[-39.0425,-17.7748],[-39.0425,-17.7746],[-39.0427,-17.7749]]],[[[-39.027,-17.7622],[-39.027,-17.7622],[-39.027,-17.7622],[-39.0269,-17.7623],[-39.027,-17.7622]]],[[[-38.9585,-17.7619],[-38.9585,-17.7624],[-38.9586,-17.7624],[-38.9589,-17.7624],[-38.9585,-17.7619]]],[[[-39.0353,-17.7609],[-39.0354,-17.761],[-39.0354,-17.761],[-39.0355,-17.761],[-39.0353,-17.7609]]],[[[-38.9596,-17.7605],[-38.9595,-17.7605],[-38.9594,-17.7605],[-38.9594,-17.7606],[-38.9596,-17.7605]]],[[[-39.003,-17.7604],[-39.0029,-17.7605],[-39.0029,-17.7606],[-39.003,-17.7606],[-39.003,-17.7604]]],[[[-38.9953,-17.7602],[-38.9953,-17.7604],[-38.9952,-17.7605],[-38.9952,-17.7606],[-38.9953,-17.7602]]],[[[-39.0369,-17.7599],[-39.037,-17.76],[-39.037,-17.7601],[-39.0371,-17.7602],[-39.0369,-17.7599]]],[[[-38.9659,-17.7599],[-38.9662,-17.7599],[-38.9663,-17.7599],[-38.9663,-17.7594],[-38.9659,-17.7599]]],[[[-38.9626,-17.7594],[-38.9626,-17.7594],[-38.9624,-17.7594],[-38.9624,-17.7595],[-38.9626,-17.7594]]],[[[-38.9596,-17.7589],[-38.9596,-17.7589],[-38.9593,-17.7589],[-38.9593,-17.7589],[-38.9596,-17.7589]]],[[[-38.9866,-17.7574],[-38.9867,-17.7574],[-38.9867,-17.7574],[-38.9866,-17.7574],[-38.9866,-17.7574]]],[[[-38.9867,-17.7574],[-38.9867,-17.7574],[-38.9867,-17.7573],[-38.9867,-17.7573],[-38.9867,-17.7574]]],[[[-38.9866,-17.7574],[-38.9863,-17.7574],[-38.9862,-17.7573],[-38.9862,-17.7573],[-38.9866,-17.7574]]],[[[-38.9867,-17.7573],[-38.9868,-17.7573],[-38.9868,-17.7573],[-38.9867,-17.7573],[-38.9867,-17.7573]]],[[[-38.9612,-17.7568],[-38.9611,-17.7569],[-38.961,-17.7569],[-38.961,-17.7569],[-38.9612,-17.7568]]],[[[-38.9508,-17.7547],[-38.9508,-17.7548],[-38.9506,-17.7548],[-38.9506,-17.7548],[-38.9508,-17.7547]]],[[[-39.0117,-17.7548],[-39.0117,-17.7548],[-39.0116,-17.7548],[-39.0114,-17.7548],[-39.0117,-17.7548]]],[[[-38.9858,-17.7546],[-38.9859,-17.7546],[-38.9859,-17.7546],[-38.9859,-17.7545],[-38.9858,-17.7546]]],[[[-38.9943,-17.7544],[-38.9942,-17.7544],[-38.9941,-17.7544],[-38.9941,-17.7545],[-38.9943,-17.7544]]],[[[-38.9599,-17.7543],[-38.9599,-17.7544],[-38.9597,-17.7544],[-38.9596,-17.7545],[-38.9599,-17.7543]]],[[[-38.9521,-17.7549],[-38.9523,-17.7549],[-38.9523,-17.7549],[-38.9523,-17.7548],[-38.9521,-17.7549]]],[[[-39.033,-17.7539],[-39.033,-17.754],[-39.0331,-17.754],[-39.0331,-17.7539],[-39.033,-17.7539]]],[[[-39.0302,-17.754],[-39.0303,-17.754],[-39.0303,-17.754],[-39.0304,-17.754],[-39.0302,-17.754]]],[[[-39.0305,-17.7537],[-39.0305,-17.7537],[-39.0305,-17.7537],[-39.0305,-17.7537],[-39.0305,-17.7537]]],[[[-39.0379,-17.7628],[-39.0379,-17.7581],[-39.0344,-17.756],[-39.0363,-17.7595],[-39.0379,-17.7628]]],[[[-39.0293,-17.7536],[-39.0293,-17.7539],[-39.0296,-17.7541],[-39.0296,-17.7541],[-39.0293,-17.7536]]],[[[-38.9949,-17.7545],[-38.995,-17.7546],[-38.995,-17.7546],[-38.9951,-17.7545],[-38.9949,-17.7545]]],[[[-39.0088,-17.753],[-39.0088,-17.7531],[-39.0088,-17.7531],[-39.0087,-17.7531],[-39.0088,-17.753]]],[[[-39.0105,-17.7529],[-39.0105,-17.7529],[-39.0105,-17.7529],[-39.0106,-17.753],[-39.0105,-17.7529]]],[[[-39.0271,-17.753],[-39.0271,-17.753],[-39.0272,-17.753],[-39.0274,-17.7531],[-39.0271,-17.753]]],[[[-38.991,-17.7524],[-38.991,-17.7524],[-38.9909,-17.7524],[-38.9908,-17.7525],[-38.991,-17.7524]]],[[[-39.0286,-17.7524],[-39.0286,-17.7525],[-39.0286,-17.7526],[-39.0286,-17.7526],[-39.0286,-17.7524]]],[[[-38.9585,-17.7525],[-38.9585,-17.7525],[-38.9585,-17.7525],[-38.9584,-17.7525],[-38.9585,-17.7525]]],[[[-39.0103,-17.7522],[-39.0102,-17.7523],[-39.0102,-17.7525],[-39.0103,-17.7526],[-39.0103,-17.7522]]],[[[-39.0107,-17.7518],[-39.0107,-17.7519],[-39.0107,-17.7519],[-39.0108,-17.7518],[-39.0107,-17.7518]]],[[[-38.9818,-17.751],[-38.9786,-17.7535],[-38.98,-17.7573],[-38.9809,-17.7612],[-38.9842,-17.7588],[-38.9877,-17.761],[-38.9839,-17.7596],[-38.982,-17.7633],[-38.9851,-17.7657],[-38.9859,-17.7697],[-38.9878,-17.7661],[-38.9844,-17.7639],[-38.9883,-17.7649],[-38.9922,-17.7657],[-38.9938,-17.762],[-38.9939,-17.758],[-38.9921,-17.7545],[-38.9892,-17.7516],[-38.9854,-17.7527],[-38.9818,-17.751]]],[[[-38.9808,-17.7536],[-38.9808,-17.754],[-38.9808,-17.754],[-38.9808,-17.7544],[-38.9808,-17.7536]]],[[[-38.9862,-17.7573],[-38.9862,-17.7572],[-38.9861,-17.7572],[-38.9861,-17.757],[-38.9862,-17.7573]]],[[[-38.9843,-17.7573],[-38.9842,-17.7574],[-38.9841,-17.7574],[-38.984,-17.7573],[-38.9843,-17.7573]]],[[[-38.9855,-17.7567],[-38.9855,-17.7565],[-38.9855,-17.7565],[-38.9858,-17.7565],[-38.9855,-17.7567]]],[[[-38.9827,-17.7565],[-38.9827,-17.7566],[-38.9827,-17.7566],[-38.983,-17.7566],[-38.9827,-17.7565]]],[[[-38.9855,-17.7577],[-38.9855,-17.7576],[-38.9856,-17.7576],[-38.9856,-17.7576],[-38.9855,-17.7577]]],[[[-38.9814,-17.758],[-38.9815,-17.758],[-38.9816,-17.758],[-38.9816,-17.7581],[-38.9814,-17.758]]],[[[-38.985,-17.7585],[-38.9851,-17.7584],[-38.9851,-17.7584],[-38.9851,-17.7584],[-38.985,-17.7585]]],[[[-38.9853,-17.7582],[-38.9853,-17.7581],[-38.9854,-17.7581],[-38.9854,-17.7582],[-38.9853,-17.7582]]],[[[-38.9856,-17.7582],[-38.9857,-17.7581],[-38.9857,-17.758],[-38.9857,-17.758],[-38.9856,-17.7582]]],[[[-38.9856,-17.758],[-38.9856,-17.758],[-38.9857,-17.758],[-38.9857,-17.758],[-38.9856,-17.758]]],[[[-38.9901,-17.7604],[-38.9902,-17.7603],[-38.9903,-17.7603],[-38.9903,-17.7603],[-38.9901,-17.7604]]],[[[-38.989,-17.7611],[-38.9891,-17.7612],[-38.9891,-17.7613],[-38.9891,-17.7613],[-38.989,-17.7611]]],[[[-38.9916,-17.7611],[-38.9916,-17.7608],[-38.9917,-17.7608],[-38.9918,-17.7608],[-38.9916,-17.7611]]],[[[-38.9926,-17.7603],[-38.9901,-17.7572],[-38.9935,-17.7596],[-38.9926,-17.7603]]],[[[-38.9929,-17.7585],[-38.9928,-17.7585],[-38.9928,-17.7584],[-38.9927,-17.7583],[-38.9929,-17.7585]]],[[[-38.9902,-17.7561],[-38.9902,-17.7562],[-38.9903,-17.7562],[-38.9904,-17.7562],[-38.9902,-17.7561]]],[[[-38.9876,-17.7545],[-38.9876,-17.7547],[-38.9876,-17.7547],[-38.9875,-17.7547],[-38.9876,-17.7545]]],[[[-38.9884,-17.7542],[-38.9883,-17.7541],[-38.9883,-17.754],[-38.9883,-17.754],[-38.9884,-17.7542]]],[[[-38.9832,-17.754],[-38.9833,-17.7541],[-38.9834,-17.7541],[-38.9834,-17.7541],[-38.9832,-17.754]]],[[[-38.9825,-17.754],[-38.9825,-17.754],[-38.9825,-17.7542],[-38.9825,-17.7543],[-38.9825,-17.754]]],[[[-38.9834,-17.7624],[-38.9835,-17.7623],[-38.9837,-17.7623],[-38.9837,-17.7623],[-38.9834,-17.7624]]],[[[-38.9848,-17.7624],[-38.9847,-17.7623],[-38.9847,-17.7622],[-38.9847,-17.7621],[-38.9848,-17.7624]]],[[[-38.9979,-17.7508],[-38.9979,-17.7509],[-38.9978,-17.7509],[-38.9978,-17.751],[-38.9979,-17.7508]]],[[[-38.9937,-17.7505],[-38.9937,-17.7505],[-38.9936,-17.7505],[-38.9936,-17.7506],[-38.9937,-17.7505]]],[[[-38.9527,-17.7505],[-38.9488,-17.7515],[-38.9451,-17.7531],[-38.9412,-17.7541],[-38.9422,-17.758],[-38.9454,-17.7605],[-38.9494,-17.7595],[-38.9532,-17.7611],[-38.9571,-17.7619],[-38.9563,-17.758],[-38.9523,-17.7574],[-38.9498,-17.754],[-38.9536,-17.7556],[-38.9577,-17.7545],[-38.9555,-17.7511],[-38.9527,-17.7505]]],[[[-38.9518,-17.7519],[-38.9518,-17.7519],[-38.9514,-17.7519],[-38.9514,-17.7519],[-38.9518,-17.7519]]],[[[-38.9513,-17.7519],[-38.9513,-17.752],[-38.9513,-17.752],[-38.951,-17.752],[-38.9513,-17.7519]]],[[[-38.9509,-17.7521],[-38.9509,-17.7521],[-38.9509,-17.7521],[-38.9509,-17.7521],[-38.9509,-17.7521]]],[[[-38.9508,-17.7521],[-38.9508,-17.7521],[-38.9507,-17.7522],[-38.9506,-17.7522],[-38.9508,-17.7521]]],[[[-38.9487,-17.7522],[-38.9487,-17.7523],[-38.9488,-17.7523],[-38.9488,-17.7523],[-38.9487,-17.7522]]],[[[-38.9549,-17.7528],[-38.955,-17.7527],[-38.9552,-17.7527],[-38.9552,-17.7526],[-38.9549,-17.7528]]],[[[-38.9505,-17.7523],[-38.9505,-17.7523],[-38.9505,-17.7523],[-38.9505,-17.7523],[-38.9505,-17.7523]]],[[[-38.9505,-17.7523],[-38.9505,-17.7522],[-38.9506,-17.7522],[-38.9506,-17.7523],[-38.9505,-17.7523]]],[[[-38.9577,-17.7542],[-38.9577,-17.7542],[-38.9575,-17.7542],[-38.9574,-17.7543],[-38.9577,-17.7542]]],[[[-38.948,-17.7551],[-38.948,-17.7552],[-38.9482,-17.7552],[-38.9483,-17.7553],[-38.948,-17.7551]]],[[[-38.946,-17.7557],[-38.946,-17.7557],[-38.9458,-17.7557],[-38.9457,-17.7558],[-38.946,-17.7557]]],[[[-38.9449,-17.7555],[-38.9449,-17.7559],[-38.945,-17.7559],[-38.945,-17.756],[-38.9449,-17.7555]]],[[[-38.9457,-17.757],[-38.9457,-17.7571],[-38.9456,-17.7572],[-38.9456,-17.7573],[-38.9457,-17.757]]],[[[-38.9462,-17.7572],[-38.9462,-17.7572],[-38.9464,-17.7572],[-38.9465,-17.7573],[-38.9462,-17.7572]]],[[[-38.954,-17.7587],[-38.954,-17.7587],[-38.9542,-17.7587],[-38.9543,-17.7586],[-38.954,-17.7587]]],[[[-38.9496,-17.7594],[-38.9496,-17.7594],[-38.9495,-17.7594],[-38.9495,-17.7594],[-38.9496,-17.7594]]],[[[-38.955,-17.7598],[-38.955,-17.7598],[-38.955,-17.7597],[-38.9549,-17.7597],[-38.955,-17.7598]]],[[[-38.955,-17.7589],[-38.955,-17.7589],[-38.955,-17.7589],[-38.955,-17.7589],[-38.955,-17.7589]]],[[[-38.9552,-17.7605],[-38.955,-17.7607],[-38.955,-17.7607],[-38.955,-17.7607],[-38.9552,-17.7605]]],[[[-38.9984,-17.7509],[-38.9986,-17.7509],[-38.9986,-17.7508],[-38.9986,-17.7505],[-38.9984,-17.7509]]],[[[-38.9971,-17.75],[-38.9971,-17.75],[-38.997,-17.75],[-38.9969,-17.75],[-38.9971,-17.75]]],[[[-38.929,-17.7497],[-38.9258,-17.7523],[-38.9229,-17.7551],[-38.9247,-17.7589],[-38.9206,-17.7592],[-38.9198,-17.7632],[-38.9217,-17.7668],[-38.9233,-17.7709],[-38.9243,-17.775],[-38.9247,-17.771],[-38.9287,-17.7722],[-38.9319,-17.7696],[-38.9353,-17.7724],[-38.9387,-17.7747],[-38.9386,-17.7704],[-38.9365,-17.7669],[-38.937,-17.7629],[-38.9358,-17.7589],[-38.9348,-17.7551],[-38.9328,-17.7516],[-38.929,-17.7497]]],[[[-39.0278,-17.7497],[-39.0278,-17.7498],[-39.0282,-17.7498],[-39.0282,-17.7497],[-39.0278,-17.7497]]],[[[-39.0,-17.7497],[-38.9966,-17.7519],[-38.9977,-17.7559],[-39.0012,-17.7539],[-39.0001,-17.7498],[-39.0,-17.7497]]],[[[-38.9993,-17.7525],[-38.9991,-17.7527],[-38.9991,-17.7527],[-38.999,-17.7527],[-38.9993,-17.7525]]],[[[-38.9989,-17.7535],[-38.9989,-17.7535],[-38.999,-17.7535],[-38.999,-17.7534],[-38.9989,-17.7535]]],[[[-38.9962,-17.7581],[-38.9962,-17.7582],[-38.9962,-17.7582],[-38.9962,-17.7581],[-38.9962,-17.7581]]],[[[-39.0,-17.7495],[-39.0,-17.7495],[-39.0,-17.7495],[-39.0,-17.7495],[-39.0,-17.7495]]],[[[-38.9959,-17.75],[-38.9962,-17.75],[-38.9962,-17.75],[-38.9962,-17.7497],[-38.9959,-17.75]]],[[[-39.0241,-17.7499],[-39.0239,-17.7499],[-39.0239,-17.7499],[-39.0238,-17.7499],[-39.0241,-17.7499]]],[[[-39.03,-17.748],[-39.03,-17.7481],[-39.03,-17.7481],[-39.03,-17.7481],[-39.03,-17.748]]],[[[-38.9979,-17.7491],[-38.9979,-17.7491],[-38.9978,-17.7491],[-38.9976,-17.7493],[-38.9979,-17.7491]]],[[[-39.03,-17.7481],[-39.0263,-17.7497],[-39.0296,-17.752],[-39.0319,-17.7554],[-39.0312,-17.7515],[-39.03,-17.7481]]],[[[-39.0299,-17.7479],[-39.03,-17.748],[-39.03,-17.7479],[-39.03,-17.7477],[-39.0299,-17.7479]]],[[[-39.03,-17.7475],[-39.03,-17.7476],[-39.03,-17.7476],[-39.03,-17.7475],[-39.03,-17.7475]]],[[[-39.03,-17.7471],[-39.03,-17.7475],[-39.0301,-17.7475],[-39.0301,-17.7474],[-39.03,-17.7471]]],[[[-39.008,-17.7473],[-39.009,-17.7513],[-39.0091,-17.7473],[-39.008,-17.7473]]],[[[-39.0092,-17.7502],[-39.0093,-17.7502],[-39.0093,-17.7502],[-39.0094,-17.7503],[-39.0092,-17.7502]]],[[[-39.0299,-17.7471],[-39.0299,-17.7471],[-39.03,-17.7471],[-39.03,-17.7471],[-39.0299,-17.7471]]],[[[-39.0262,-17.7465],[-39.0262,-17.7466],[-39.0263,-17.7466],[-39.0263,-17.7465],[-39.0262,-17.7465]]],[[[-38.9754,-17.7465],[-38.9753,-17.7465],[-38.9753,-17.7465],[-38.9752,-17.7465],[-38.9754,-17.7465]]],[[[-39.0252,-17.7464],[-39.0278,-17.7495],[-39.0253,-17.7464],[-39.0252,-17.7464]]],[[[-39.0264,-17.7465],[-39.0264,-17.7465],[-39.0264,-17.7466],[-39.0265,-17.7467],[-39.0264,-17.7465]]],[[[-39.0301,-17.7467],[-39.0305,-17.7467],[-39.0306,-17.7467],[-39.0306,-17.7465],[-39.0301,-17.7467]]],[[[-38.993,-17.7451],[-38.9929,-17.7453],[-38.9928,-17.7453],[-38.9928,-17.7453],[-38.993,-17.7451]]],[[[-39.0015,-17.745],[-38.9987,-17.7483],[-39.0013,-17.7513],[-39.0042,-17.748],[-39.0019,-17.7447],[-39.0015,-17.745]]],[[[-39.0012,-17.7461],[-39.0012,-17.7462],[-39.0012,-17.7461],[-39.0012,-17.7459],[-39.0012,-17.7461]]],[[[-39.0011,-17.7463],[-39.0011,-17.7464],[-39.0011,-17.7464],[-39.0011,-17.7465],[-39.0011,-17.7463]]],[[[-39.0019,-17.7481],[-39.0017,-17.7481],[-39.0017,-17.748],[-39.0016,-17.748],[-39.0019,-17.7481]]],[[[-39.0023,-17.7488],[-39.0023,-17.7488],[-39.0024,-17.7488],[-39.0024,-17.7488],[-39.0023,-17.7488]]],[[[-38.9879,-17.7426],[-38.9879,-17.7427],[-38.9878,-17.7427],[-38.9877,-17.7428],[-38.9879,-17.7426]]],[[[-38.9806,-17.742],[-38.9805,-17.7421],[-38.9804,-17.7421],[-38.9804,-17.7422],[-38.9806,-17.742]]],[[[-38.9709,-17.7418],[-38.9708,-17.7419],[-38.9705,-17.7419],[-38.9704,-17.7419],[-38.9709,-17.7418]]],[[[-38.9835,-17.7408],[-38.9834,-17.7408],[-38.9833,-17.7408],[-38.9833,-17.7408],[-38.9835,-17.7408]]],[[[-38.9706,-17.7393],[-38.9705,-17.7393],[-38.9705,-17.7393],[-38.9705,-17.7394],[-38.9706,-17.7393]]],[[[-38.9854,-17.7379],[-38.9853,-17.7381],[-38.9852,-17.7381],[-38.9851,-17.7382],[-38.9854,-17.7379]]],[[[-38.9972,-17.7378],[-38.9972,-17.7378],[-38.9971,-17.7378],[-38.9971,-17.7379],[-38.9972,-17.7378]]],[[[-38.9804,-17.7375],[-38.9803,-17.7376],[-38.9803,-17.7376],[-38.9802,-17.7376],[-38.9804,-17.7375]]],[[[-38.9792,-17.7375],[-38.9792,-17.7375],[-38.9791,-17.7375],[-38.979,-17.7376],[-38.9792,-17.7375]]],[[[-38.9901,-17.7373],[-38.9902,-17.7373],[-38.9902,-17.7372],[-38.9901,-17.7372],[-38.9901,-17.7373]]],[[[-38.9902,-17.7372],[-38.9903,-17.7372],[-38.9903,-17.7372],[-38.9902,-17.7372],[-38.9902,-17.7372]]],[[[-38.9834,-17.7371],[-38.9834,-17.7372],[-38.9833,-17.7373],[-38.9832,-17.7373],[-38.9834,-17.7371]]],[[[-38.9846,-17.738],[-38.9847,-17.7381],[-38.9848,-17.738],[-38.9848,-17.7379],[-38.9846,-17.738]]],[[[-38.9877,-17.7369],[-38.9877,-17.7369],[-38.9875,-17.7369],[-38.9875,-17.737],[-38.9877,-17.7369]]],[[[-38.9822,-17.7372],[-38.9822,-17.7373],[-38.9822,-17.7373],[-38.9824,-17.7373],[-38.9822,-17.7372]]],[[[-38.9761,-17.737],[-38.9762,-17.737],[-38.9762,-17.737],[-38.9763,-17.737],[-38.9761,-17.737]]],[[[-38.9776,-17.7367],[-38.9777,-17.7368],[-38.9782,-17.7368],[-38.9782,-17.7368],[-38.9776,-17.7367]]],[[[-38.985,-17.7365],[-38.9851,-17.7365],[-38.9854,-17.7363],[-38.9854,-17.7361],[-38.985,-17.7365]]],[[[-38.9683,-17.7356],[-38.9682,-17.7357],[-38.9681,-17.7357],[-38.9681,-17.7358],[-38.9683,-17.7356]]],[[[-38.9875,-17.7356],[-38.9873,-17.7358],[-38.9873,-17.7358],[-38.9872,-17.7359],[-38.9875,-17.7356]]],[[[-38.986,-17.7356],[-38.9859,-17.7356],[-38.9859,-17.7356],[-38.9857,-17.7358],[-38.986,-17.7356]]],[[[-38.9846,-17.7356],[-38.9845,-17.7357],[-38.9844,-17.7357],[-38.9843,-17.7358],[-38.9846,-17.7356]]],[[[-38.9903,-17.7344],[-38.9903,-17.7345],[-38.9902,-17.7345],[-38.9901,-17.7345],[-38.9903,-17.7344]]],[[[-38.9747,-17.7332],[-38.9746,-17.7332],[-38.9746,-17.7332],[-38.9745,-17.7333],[-38.9747,-17.7332]]],[[[-38.9651,-17.7325],[-38.965,-17.7325],[-38.965,-17.7325],[-38.9649,-17.7326],[-38.9651,-17.7325]]],[[[-38.9626,-17.7325],[-38.9626,-17.7326],[-38.9625,-17.7324],[-38.9625,-17.7323],[-38.9626,-17.7325]]],[[[-38.974,-17.7318],[-38.974,-17.7318],[-38.9739,-17.7318],[-38.9738,-17.7319],[-38.974,-17.7318]]],[[[-38.9738,-17.731],[-38.9737,-17.7311],[-38.9735,-17.7311],[-38.9735,-17.7311],[-38.9738,-17.731]]],[[[-38.9651,-17.7318],[-38.9651,-17.7319],[-38.9651,-17.7319],[-38.9653,-17.7319],[-38.9651,-17.7318]]],[[[-38.9749,-17.7305],[-38.9749,-17.7305],[-38.9748,-17.7305],[-38.9747,-17.7306],[-38.9749,-17.7305]]],[[[-38.973,-17.7301],[-38.973,-17.7302],[-38.973,-17.7302],[-38.9729,-17.7302],[-38.973,-17.7301]]],[[[-38.9742,-17.7297],[-38.9742,-17.73],[-38.9742,-17.7301],[-38.9743,-17.7301],[-38.9742,-17.7297]]],[[[-38.9672,-17.7287],[-38.9672,-17.7288],[-38.9671,-17.7288],[-38.967,-17.7288],[-38.9672,-17.7287]]],[[[-38.9646,-17.7292],[-38.9615,-17.7318],[-38.9652,-17.7299],[-38.9646,-17.7292]]],[[[-38.9615,-17.7289],[-38.9614,-17.729],[-38.9612,-17.729],[-38.9612,-17.7291],[-38.9615,-17.7289]]],[[[-38.9557,-17.7286],[-38.9556,-17.7286],[-38.9555,-17.7286],[-38.9554,-17.7287],[-38.9557,-17.7286]]],[[[-38.9683,-17.7285],[-38.9682,-17.7286],[-38.9681,-17.7286],[-38.9681,-17.7287],[-38.9683,-17.7285]]],[[[-38.9684,-17.7285],[-38.9686,-17.7285],[-38.9686,-17.7285],[-38.9686,-17.7285],[-38.9684,-17.7285]]],[[[-38.9723,-17.7284],[-38.9723,-17.7284],[-38.9722,-17.7284],[-38.9722,-17.7285],[-38.9723,-17.7284]]],[[[-38.9524,-17.7282],[-38.9524,-17.7282],[-38.9524,-17.7282],[-38.9524,-17.7281],[-38.9524,-17.7282]]],[[[-38.9868,-17.728],[-38.9868,-17.7281],[-38.9866,-17.7281],[-38.9866,-17.7281],[-38.9868,-17.728]]],[[[-38.9817,-17.728],[-38.9816,-17.7281],[-38.9815,-17.7281],[-38.9815,-17.7281],[-38.9817,-17.728]]],[[[-38.9707,-17.7284],[-38.9708,-17.7284],[-38.9709,-17.7284],[-38.9709,-17.7283],[-38.9707,-17.7284]]],[[[-38.9659,-17.7282],[-38.9659,-17.7286],[-38.9659,-17.7286],[-38.9661,-17.7286],[-38.9659,-17.7282]]],[[[-38.9523,-17.7281],[-38.9524,-17.7281],[-38.9524,-17.7281],[-38.9524,-17.728],[-38.9523,-17.7281]]],[[[-38.9521,-17.7279],[-38.9522,-17.7279],[-38.9522,-17.7279],[-38.9521,-17.7279],[-38.9521,-17.7279]]],[[[-38.9614,-17.7277],[-38.9613,-17.7278],[-38.9611,-17.7278],[-38.961,-17.7278],[-38.9614,-17.7277]]],[[[-38.9521,-17.7279],[-38.9521,-17.7279],[-38.9521,-17.7279],[-38.9521,-17.7277],[-38.9521,-17.7279]]],[[[-38.9905,-17.7272],[-38.9904,-17.7272],[-38.9904,-17.7272],[-38.9904,-17.7272],[-38.9905,-17.7272]]],[[[-38.9723,-17.7271],[-38.9722,-17.7271],[-38.9721,-17.7271],[-38.972,-17.7272],[-38.9723,-17.7271]]],[[[-38.9692,-17.7269],[-38.9692,-17.7269],[-38.9691,-17.7269],[-38.9691,-17.727],[-38.9692,-17.7269]]],[[[-38.9705,-17.7268],[-38.9705,-17.7268],[-38.9702,-17.7268],[-38.9701,-17.7269],[-38.9705,-17.7268]]],[[[-38.9556,-17.7267],[-38.9556,-17.7267],[-38.9556,-17.7267],[-38.9555,-17.7268],[-38.9556,-17.7267]]],[[[-38.9581,-17.7266],[-38.958,-17.7267],[-38.9579,-17.7267],[-38.9578,-17.7268],[-38.9581,-17.7266]]],[[[-38.9676,-17.7266],[-38.9676,-17.7266],[-38.9675,-17.7266],[-38.9675,-17.7267],[-38.9676,-17.7266]]],[[[-38.9693,-17.7266],[-38.9693,-17.7267],[-38.9694,-17.7268],[-38.9694,-17.7269],[-38.9693,-17.7266]]],[[[-38.9737,-17.7264],[-38.9735,-17.7265],[-38.9734,-17.7265],[-38.9734,-17.7266],[-38.9737,-17.7264]]],[[[-38.9587,-17.7262],[-38.9587,-17.7263],[-38.9585,-17.7263],[-38.9585,-17.7263],[-38.9587,-17.7262]]],[[[-38.9806,-17.7267],[-38.9807,-17.7268],[-38.9807,-17.7268],[-38.9808,-17.7269],[-38.9806,-17.7267]]],[[[-38.9759,-17.726],[-38.9732,-17.729],[-38.977,-17.7304],[-38.9808,-17.7289],[-38.9768,-17.7293],[-38.9759,-17.726]]],[[[-38.9788,-17.7288],[-38.9788,-17.7287],[-38.9788,-17.7287],[-38.9787,-17.7287],[-38.9788,-17.7288]]],[[[-38.9493,-17.7262],[-38.949,-17.7264],[-38.9489,-17.7264],[-38.9489,-17.7264],[-38.9493,-17.7262]]],[[[-38.9703,-17.7262],[-38.9703,-17.7262],[-38.9705,-17.7262],[-38.9705,-17.7262],[-38.9703,-17.7262]]],[[[-38.9559,-17.7265],[-38.956,-17.7266],[-38.9562,-17.7266],[-38.9562,-17.7265],[-38.9559,-17.7265]]],[[[-38.9695,-17.726],[-38.9696,-17.726],[-38.9698,-17.7259],[-38.9698,-17.7256],[-38.9695,-17.726]]],[[[-38.9809,-17.7257],[-38.9809,-17.7258],[-38.981,-17.7258],[-38.981,-17.7257],[-38.9809,-17.7257]]],[[[-38.9535,-17.7255],[-38.9535,-17.7258],[-38.9534,-17.7258],[-38.9533,-17.7258],[-38.9535,-17.7255]]],[[[-39.0018,-17.7244],[-38.9998,-17.7278],[-38.9992,-17.7318],[-38.9965,-17.7347],[-38.9983,-17.7383],[-38.9974,-17.7422],[-38.9937,-17.7405],[-38.9945,-17.7365],[-38.995,-17.7325],[-38.9909,-17.7323],[-38.9879,-17.729],[-38.9839,-17.7295],[-38.9799,-17.7293],[-38.977,-17.7324],[-38.9804,-17.7345],[-38.9825,-17.7311],[-38.9865,-17.7319],[-38.9881,-17.7355],[-38.9861,-17.7391],[-38.9887,-17.7422],[-38.9919,-17.7447],[-38.9956,-17.7465],[-38.9984,-17.7436],[-39.0003,-17.7401],[-38.9994,-17.7361],[-39.0015,-17.7327],[-39.0003,-17.7288],[-39.0034,-17.7262],[-39.0018,-17.7244]]],[[[-39.0001,-17.7273],[-39.0001,-17.7273],[-39.0002,-17.7273],[-39.0002,-17.7273],[-39.0001,-17.7273]]],[[[-39.0001,-17.7274],[-39.0,-17.7275],[-39.0,-17.7278],[-39.0001,-17.7278],[-39.0001,-17.7274]]],[[[-38.9866,-17.7301],[-38.9866,-17.7301],[-38.9866,-17.7301],[-38.9866,-17.7301],[-38.9866,-17.7301]]],[[[-38.9858,-17.7303],[-38.9858,-17.7302],[-38.9861,-17.7302],[-38.9861,-17.7302],[-38.9858,-17.7303]]],[[[-38.9873,-17.7318],[-38.9875,-17.7316],[-38.9876,-17.7316],[-38.9876,-17.7316],[-38.9873,-17.7318]]],[[[-38.993,-17.7337],[-38.993,-17.7335],[-38.993,-17.7335],[-38.993,-17.7334],[-38.993,-17.7337]]],[[[-38.99,-17.7325],[-38.99,-17.7325],[-38.99,-17.7326],[-38.99,-17.7326],[-38.99,-17.7325]]],[[[-38.9794,-17.7316],[-38.9793,-17.7317],[-38.9793,-17.7317],[-38.9795,-17.7317],[-38.9794,-17.7316]]],[[[-39.0004,-17.7344],[-39.0004,-17.7345],[-39.0002,-17.7345],[-39.0002,-17.7344],[-39.0004,-17.7344]]],[[[-38.9996,-17.7344],[-38.9996,-17.7344],[-38.9996,-17.7344],[-38.9995,-17.7343],[-38.9996,-17.7344]]],[[[-38.9942,-17.7356],[-38.9941,-17.7355],[-38.9941,-17.7353],[-38.9941,-17.7352],[-38.9942,-17.7356]]],[[[-38.9992,-17.7344],[-38.9992,-17.7347],[-38.9991,-17.7347],[-38.9991,-17.7348],[-38.9992,-17.7344]]],[[[-38.9995,-17.7371],[-38.9995,-17.7371],[-38.9995,-17.7371],[-38.9994,-17.7371],[-38.9995,-17.7371]]],[[[-38.9919,-17.7372],[-38.9919,-17.7371],[-38.9918,-17.737],[-38.9918,-17.7366],[-38.9919,-17.7372]]],[[[-38.9907,-17.7338],[-38.9907,-17.7338],[-38.9908,-17.7339],[-38.9908,-17.7339],[-38.9907,-17.7338]]],[[[-38.9901,-17.7373],[-38.9901,-17.7373],[-38.9901,-17.7372],[-38.9901,-17.7372],[-38.9901,-17.7373]]],[[[-38.9933,-17.7413],[-38.9933,-17.7418],[-38.9933,-17.7418],[-38.9932,-17.7418],[-38.9933,-17.7413]]],[[[-38.9919,-17.7424],[-38.9919,-17.7424],[-38.9921,-17.7424],[-38.9921,-17.7424],[-38.9919,-17.7424]]],[[[-38.9904,-17.741],[-38.9904,-17.7415],[-38.9904,-17.7415],[-38.9904,-17.7416],[-38.9904,-17.741]]],[[[-38.953,-17.7237],[-38.953,-17.7238],[-38.9529,-17.7238],[-38.9528,-17.7239],[-38.953,-17.7237]]],[[[-38.9514,-17.7239],[-38.9511,-17.7242],[-38.9511,-17.7242],[-38.951,-17.7243],[-38.9514,-17.7239]]],[[[-38.9659,-17.7226],[-38.9659,-17.7226],[-38.9658,-17.7226],[-38.9658,-17.7226],[-38.9659,-17.7226]]],[[[-38.9658,-17.7235],[-38.9659,-17.7236],[-38.966,-17.7236],[-38.966,-17.7236],[-38.9658,-17.7235]]],[[[-38.9794,-17.7218],[-38.9798,-17.726],[-38.9796,-17.722],[-38.9794,-17.7218]]],[[[-38.9777,-17.7218],[-38.9776,-17.7218],[-38.9776,-17.7218],[-38.9775,-17.7218],[-38.9777,-17.7218]]],[[[-38.9737,-17.7216],[-38.9704,-17.7239],[-38.9739,-17.7259],[-38.9774,-17.7238],[-38.9739,-17.7216],[-38.9737,-17.7216]]],[[[-38.9757,-17.7222],[-38.9757,-17.7221],[-38.9758,-17.7221],[-38.9758,-17.7222],[-38.9757,-17.7222]]],[[[-38.9751,-17.7226],[-38.975,-17.7227],[-38.9749,-17.7227],[-38.9749,-17.7226],[-38.9751,-17.7226]]],[[[-38.9765,-17.723],[-38.9765,-17.7231],[-38.9764,-17.7231],[-38.9764,-17.723],[-38.9765,-17.723]]],[[[-38.9583,-17.7205],[-38.9583,-17.7206],[-38.9582,-17.7206],[-38.9579,-17.7209],[-38.9583,-17.7205]]],[[[-38.984,-17.7201],[-38.9841,-17.7202],[-38.9842,-17.7202],[-38.9842,-17.7202],[-38.984,-17.7201]]],[[[-38.9894,-17.7193],[-38.9894,-17.7194],[-38.9893,-17.7194],[-38.9893,-17.7198],[-38.9894,-17.7193]]],[[[-38.9573,-17.7192],[-38.9573,-17.7193],[-38.9573,-17.7193],[-38.9573,-17.7194],[-38.9573,-17.7192]]],[[[-38.9822,-17.7195],[-38.9822,-17.7197],[-38.9823,-17.7198],[-38.9824,-17.7198],[-38.9822,-17.7195]]],[[[-38.7157,-17.7183],[-38.7117,-17.7198],[-38.7081,-17.7225],[-38.7056,-17.7257],[-38.7038,-17.7294],[-38.7002,-17.7275],[-38.6969,-17.7297],[-38.6943,-17.7328],[-38.6919,-17.7362],[-38.6889,-17.739],[-38.6881,-17.743],[-38.6875,-17.747],[-38.6864,-17.7509],[-38.6856,-17.7549],[-38.6856,-17.7599],[-38.6859,-17.764],[-38.6869,-17.7686],[-38.6885,-17.773],[-38.6891,-17.7782],[-38.6931,-17.7782],[-38.6963,-17.7808],[-38.699,-17.7839],[-38.7033,-17.787],[-38.7074,-17.788],[-38.7122,-17.7888],[-38.7163,-17.789],[-38.7211,-17.7883],[-38.7251,-17.7883],[-38.7292,-17.789],[-38.7311,-17.7927],[-38.7332,-17.7963],[-38.7346,-17.8002],[-38.7348,-17.8043],[-38.737,-17.8082],[-38.7453,-17.8133],[-38.7512,-17.8144],[-38.7553,-17.8164],[-38.7588,-17.8185],[-38.7623,-17.8206],[-38.7658,-17.8186],[-38.766,-17.8145],[-38.7668,-17.8103],[-38.7673,-17.8062],[-38.7664,-17.8022],[-38.7686,-17.7987],[-38.7713,-17.7955],[-38.7731,-17.7918],[-38.7731,-17.7878],[-38.7715,-17.7839],[-38.769,-17.7807],[-38.7661,-17.7778],[-38.763,-17.775],[-38.7601,-17.7721],[-38.7567,-17.768],[-38.7562,-17.764],[-38.7562,-17.76],[-38.7585,-17.7567],[-38.7615,-17.7538],[-38.7649,-17.7516],[-38.7684,-17.7495],[-38.7697,-17.7457],[-38.7695,-17.7417],[-38.7654,-17.7423],[-38.7618,-17.7442],[-38.7585,-17.7465],[-38.7544,-17.7465],[-38.7537,-17.7506],[-38.7495,-17.7514],[-38.7473,-17.7478],[-38.7454,-17.7442],[-38.7407,-17.7449],[-38.7371,-17.7429],[-38.7335,-17.741],[-38.7294,-17.7412],[-38.727,-17.738],[-38.724,-17.7353],[-38.7247,-17.7313],[-38.724,-17.7273],[-38.7218,-17.7236],[-38.7188,-17.7207],[-38.7157,-17.7183]]],[[[-38.9579,-17.7185],[-38.958,-17.7185],[-38.958,-17.7185],[-38.9581,-17.7185],[-38.9579,-17.7185]]],[[[-38.9871,-17.7179],[-38.9871,-17.718],[-38.987,-17.718],[-38.9869,-17.718],[-38.9871,-17.7179]]],[[[-38.9638,-17.7206],[-38.9638,-17.7206],[-38.9638,-17.7206],[-38.9639,-17.7207],[-38.9638,-17.7206]]],[[[-38.9632,-17.7172],[-38.9632,-17.7173],[-38.963,-17.7173],[-38.963,-17.7173],[-38.9632,-17.7172]]],[[[-38.9581,-17.7176],[-38.9582,-17.7176],[-38.9583,-17.7175],[-38.9583,-17.7175],[-38.9581,-17.7176]]],[[[-38.9591,-17.7172],[-38.9592,-17.7172],[-38.9593,-17.7172],[-38.9593,-17.7172],[-38.9591,-17.7172]]],[[[-38.964,-17.7165],[-38.9639,-17.7165],[-38.9638,-17.7165],[-38.9637,-17.7166],[-38.964,-17.7165]]],[[[-38.9578,-17.7162],[-38.9577,-17.7163],[-38.9576,-17.7163],[-38.9575,-17.7164],[-38.9578,-17.7162]]],[[[-39.0002,-17.7162],[-39.0002,-17.7162],[-39.0002,-17.7161],[-39.0002,-17.7161],[-39.0002,-17.7162]]],[[[-38.9565,-17.7161],[-38.9564,-17.7162],[-38.9563,-17.7162],[-38.9562,-17.7162],[-38.9565,-17.7161]]],[[[-38.9925,-17.716],[-38.9925,-17.716],[-38.9925,-17.7159],[-38.9925,-17.7155],[-38.9925,-17.716]]],[[[-38.9592,-17.7155],[-38.9592,-17.7158],[-38.9592,-17.7158],[-38.9593,-17.7158],[-38.9592,-17.7155]]],[[[-38.9484,-17.7146],[-38.9477,-17.7189],[-38.9478,-17.723],[-38.949,-17.719],[-38.9488,-17.7149],[-38.9484,-17.7146]]],[[[-38.9488,-17.7186],[-38.9487,-17.7187],[-38.9486,-17.7187],[-38.9485,-17.7188],[-38.9488,-17.7186]]],[[[-38.9487,-17.7193],[-38.9487,-17.7193],[-38.9486,-17.7193],[-38.9486,-17.7193],[-38.9487,-17.7193]]],[[[-38.9485,-17.7199],[-38.9485,-17.7199],[-38.9485,-17.7199],[-38.9485,-17.7199],[-38.9485,-17.7199]]],[[[-38.9485,-17.721],[-38.9484,-17.721],[-38.9484,-17.721],[-38.9484,-17.7209],[-38.9485,-17.721]]],[[[-38.9485,-17.7229],[-38.9485,-17.723],[-38.9485,-17.723],[-38.9484,-17.723],[-38.9485,-17.7229]]],[[[-38.9488,-17.7233],[-38.9487,-17.7233],[-38.9487,-17.7232],[-38.9488,-17.7232],[-38.9488,-17.7233]]],[[[-38.9489,-17.7233],[-38.949,-17.7234],[-38.949,-17.7236],[-38.9489,-17.7235],[-38.9489,-17.7233]]],[[[-38.9499,-17.7241],[-38.9499,-17.7241],[-38.9499,-17.7241],[-38.9499,-17.7241],[-38.9499,-17.7241]]],[[[-38.9499,-17.7241],[-38.9498,-17.7242],[-38.9498,-17.7242],[-38.9498,-17.7243],[-38.9499,-17.7241]]],[[[-38.9588,-17.7146],[-38.9591,-17.7146],[-38.9591,-17.7146],[-38.9591,-17.7144],[-38.9588,-17.7146]]],[[[-38.9461,-17.7149],[-38.9461,-17.7152],[-38.9461,-17.7152],[-38.9462,-17.7152],[-38.9461,-17.7149]]],[[[-38.9603,-17.714],[-38.9602,-17.714],[-38.9602,-17.714],[-38.9602,-17.714],[-38.9603,-17.714]]],[[[-38.9627,-17.7147],[-38.9629,-17.7147],[-38.9629,-17.7147],[-38.9629,-17.7146],[-38.9627,-17.7147]]],[[[-38.9454,-17.7136],[-38.9456,-17.7137],[-38.9457,-17.7137],[-38.9457,-17.7137],[-38.9454,-17.7136]]],[[[-38.9842,-17.7131],[-38.9841,-17.7132],[-38.9841,-17.7132],[-38.9841,-17.7132],[-38.9842,-17.7131]]],[[[-38.9614,-17.7135],[-38.9616,-17.7135],[-38.9617,-17.7134],[-38.9617,-17.7132],[-38.9614,-17.7135]]],[[[-38.9484,-17.7129],[-38.9482,-17.713],[-38.9482,-17.713],[-38.9481,-17.7131],[-38.9484,-17.7129]]],[[[-38.9386,-17.7116],[-38.9359,-17.7147],[-38.9394,-17.7167],[-38.9388,-17.7127],[-38.9386,-17.7116]]],[[[-38.9372,-17.7144],[-38.9371,-17.7145],[-38.9371,-17.7146],[-38.9371,-17.7146],[-38.9372,-17.7144]]],[[[-38.9426,-17.7113],[-38.9426,-17.7113],[-38.9425,-17.7113],[-38.9425,-17.7114],[-38.9426,-17.7113]]],[[[-38.9556,-17.712],[-38.9556,-17.7121],[-38.9555,-17.7122],[-38.9555,-17.7123],[-38.9556,-17.712]]],[[[-38.9554,-17.7113],[-38.9554,-17.7113],[-38.9554,-17.7113],[-38.9554,-17.7112],[-38.9554,-17.7113]]],[[[-38.9572,-17.7111],[-38.9571,-17.7112],[-38.957,-17.7112],[-38.9568,-17.7114],[-38.9572,-17.7111]]],[[[-38.9394,-17.7115],[-38.9395,-17.7115],[-38.9395,-17.7115],[-38.9395,-17.7113],[-38.9394,-17.7115]]],[[[-38.943,-17.711],[-38.943,-17.711],[-38.943,-17.711],[-38.9433,-17.711],[-38.943,-17.711]]],[[[-38.9565,-17.7107],[-38.9565,-17.7109],[-38.9565,-17.7109],[-38.9566,-17.7109],[-38.9565,-17.7107]]],[[[-38.9571,-17.7097],[-38.9571,-17.7097],[-38.957,-17.7097],[-38.9569,-17.7097],[-38.9571,-17.7097]]],[[[-38.9425,-17.7103],[-38.9426,-17.7103],[-38.9427,-17.7102],[-38.9427,-17.7101],[-38.9425,-17.7103]]],[[[-38.9471,-17.7094],[-38.9471,-17.7095],[-38.947,-17.7095],[-38.947,-17.7096],[-38.9471,-17.7094]]],[[[-38.9597,-17.7094],[-38.9597,-17.7094],[-38.9596,-17.7094],[-38.9595,-17.7095],[-38.9597,-17.7094]]],[[[-38.95,-17.71],[-38.95,-17.71],[-38.9498,-17.71],[-38.9498,-17.71],[-38.95,-17.71]]],[[[-38.9363,-17.7093],[-38.9335,-17.7121],[-38.9374,-17.7133],[-38.9364,-17.7093],[-38.9363,-17.7093]]],[[[-38.9679,-17.7088],[-38.9654,-17.7126],[-38.9678,-17.7095],[-38.9679,-17.7088]]],[[[-38.943,-17.7085],[-38.943,-17.7085],[-38.9429,-17.7085],[-38.9429,-17.7086],[-38.943,-17.7085]]],[[[-38.9576,-17.7083],[-38.9575,-17.7084],[-38.9573,-17.7084],[-38.9573,-17.7084],[-38.9576,-17.7083]]],[[[-38.9565,-17.7082],[-38.9565,-17.7082],[-38.9562,-17.7082],[-38.9562,-17.7083],[-38.9565,-17.7082]]],[[[-38.9567,-17.7087],[-38.9567,-17.7088],[-38.9566,-17.7088],[-38.9566,-17.7087],[-38.9567,-17.7087]]],[[[-38.942,-17.7081],[-38.942,-17.7082],[-38.942,-17.7082],[-38.9421,-17.7081],[-38.942,-17.7081]]],[[[-38.9505,-17.7088],[-38.9505,-17.7088],[-38.9504,-17.7088],[-38.9504,-17.7088],[-38.9505,-17.7088]]],[[[-38.9825,-17.7079],[-38.9828,-17.7079],[-38.9828,-17.7079],[-38.9828,-17.7077],[-38.9825,-17.7079]]],[[[-38.9786,-17.7074],[-38.9785,-17.7075],[-38.9783,-17.7075],[-38.9783,-17.7075],[-38.9786,-17.7074]]],[[[-38.9697,-17.7072],[-38.9697,-17.7077],[-38.9697,-17.7078],[-38.9697,-17.7081],[-38.9697,-17.7072]]],[[[-38.9482,-17.7077],[-38.9481,-17.7078],[-38.9478,-17.7078],[-38.9478,-17.7078],[-38.9482,-17.7077]]],[[[-38.96,-17.707],[-38.9601,-17.707],[-38.9602,-17.707],[-38.9602,-17.7069],[-38.96,-17.707]]],[[[-38.9664,-17.7062],[-38.9664,-17.7063],[-38.966,-17.7063],[-38.966,-17.7063],[-38.9664,-17.7062]]],[[[-38.9684,-17.7067],[-38.9684,-17.707],[-38.9683,-17.7071],[-38.9683,-17.7071],[-38.9684,-17.7067]]],[[[-38.9437,-17.706],[-38.9436,-17.7061],[-38.9435,-17.7061],[-38.9435,-17.7061],[-38.9437,-17.706]]],[[[-38.9436,-17.706],[-38.9436,-17.706],[-38.9437,-17.706],[-38.9437,-17.7059],[-38.9436,-17.706]]],[[[-38.9562,-17.7059],[-38.9562,-17.7059],[-38.9562,-17.7059],[-38.9561,-17.706],[-38.9562,-17.7059]]],[[[-38.9875,-17.7058],[-38.9874,-17.7058],[-38.9873,-17.7058],[-38.9873,-17.7058],[-38.9875,-17.7058]]],[[[-38.9592,-17.7057],[-38.9592,-17.7063],[-38.9592,-17.7063],[-38.9595,-17.7063],[-38.9592,-17.7057]]],[[[-38.96,-17.7055],[-38.9601,-17.7056],[-38.9601,-17.7056],[-38.9602,-17.7056],[-38.96,-17.7055]]],[[[-38.9362,-17.7054],[-38.9371,-17.7094],[-38.9363,-17.7054],[-38.9362,-17.7054]]],[[[-38.9716,-17.7057],[-38.9716,-17.7057],[-38.9717,-17.7058],[-38.9718,-17.7058],[-38.9716,-17.7057]]],[[[-38.9611,-17.705],[-38.9611,-17.7051],[-38.961,-17.7051],[-38.961,-17.7051],[-38.9611,-17.705]]],[[[-38.9594,-17.7047],[-38.9593,-17.7048],[-38.9591,-17.7048],[-38.9591,-17.7048],[-38.9594,-17.7047]]],[[[-38.9941,-17.7046],[-38.991,-17.7072],[-38.9916,-17.7112],[-38.9893,-17.7145],[-38.9888,-17.7185],[-38.991,-17.7151],[-38.9927,-17.7114],[-38.9956,-17.7142],[-38.9995,-17.7135],[-39.0,-17.7094],[-38.9965,-17.7114],[-38.9929,-17.7095],[-38.9955,-17.7063],[-38.9941,-17.7046]]],[[[-38.9941,-17.7061],[-38.9941,-17.7062],[-38.9941,-17.7062],[-38.9941,-17.7062],[-38.9941,-17.7061]]],[[[-38.9956,-17.7062],[-38.9956,-17.7061],[-38.9957,-17.7061],[-38.9957,-17.7061],[-38.9956,-17.7062]]],[[[-38.9942,-17.7062],[-38.9942,-17.7062],[-38.9942,-17.7063],[-38.9942,-17.7063],[-38.9942,-17.7062]]],[[[-38.9933,-17.7069],[-38.9933,-17.7069],[-38.9933,-17.7069],[-38.9933,-17.7069],[-38.9933,-17.7069]]],[[[-38.9978,-17.7138],[-38.9978,-17.7138],[-38.9976,-17.7138],[-38.9976,-17.7138],[-38.9978,-17.7138]]],[[[-38.9967,-17.7141],[-38.9967,-17.7142],[-38.9966,-17.7142],[-38.9966,-17.7141],[-38.9967,-17.7141]]],[[[-38.9966,-17.7142],[-38.9966,-17.7142],[-38.9965,-17.7142],[-38.9965,-17.7142],[-38.9966,-17.7142]]],[[[-38.9914,-17.7139],[-38.9914,-17.7139],[-38.9913,-17.7139],[-38.9913,-17.714],[-38.9914,-17.7139]]],[[[-38.9381,-17.7048],[-38.9383,-17.7088],[-38.9388,-17.7044],[-38.9381,-17.7048]]],[[[-38.9397,-17.7056],[-38.9395,-17.7097],[-38.9409,-17.7135],[-38.9411,-17.7175],[-38.9431,-17.7211],[-38.9461,-17.7183],[-38.9433,-17.7153],[-38.9421,-17.7113],[-38.9416,-17.7073],[-38.9392,-17.704],[-38.9397,-17.7056]]],[[[-38.941,-17.7145],[-38.941,-17.7146],[-38.941,-17.7146],[-38.9408,-17.7146],[-38.941,-17.7145]]],[[[-38.9607,-17.704],[-38.9607,-17.7041],[-38.9607,-17.7041],[-38.9607,-17.7042],[-38.9607,-17.704]]],[[[-38.9688,-17.7053],[-38.969,-17.7053],[-38.9691,-17.7052],[-38.9691,-17.7051],[-38.9688,-17.7053]]],[[[-38.9687,-17.7038],[-38.9688,-17.7038],[-38.9688,-17.7038],[-38.9687,-17.7038],[-38.9687,-17.7038]]],[[[-38.9796,-17.7053],[-38.9793,-17.7056],[-38.9793,-17.7058],[-38.9794,-17.7059],[-38.9796,-17.7053]]],[[[-38.9739,-17.705],[-38.974,-17.705],[-38.9741,-17.705],[-38.9741,-17.7047],[-38.9739,-17.705]]],[[[-38.9552,-17.7045],[-38.9552,-17.7046],[-38.9554,-17.7048],[-38.9554,-17.7048],[-38.9552,-17.7045]]],[[[-38.971,-17.7047],[-38.9711,-17.7048],[-38.9713,-17.7048],[-38.9714,-17.7048],[-38.971,-17.7047]]],[[[-38.9597,-17.7031],[-38.9597,-17.7031],[-38.9597,-17.7031],[-38.9596,-17.7031],[-38.9597,-17.7031]]],[[[-38.9617,-17.7027],[-38.9617,-17.7027],[-38.9616,-17.7027],[-38.9616,-17.7028],[-38.9617,-17.7027]]],[[[-38.9607,-17.7032],[-38.9608,-17.7032],[-38.9609,-17.7032],[-38.9609,-17.7027],[-38.9607,-17.7032]]],[[[-38.9607,-17.7024],[-38.9608,-17.7024],[-38.9608,-17.7024],[-38.9608,-17.7023],[-38.9607,-17.7024]]],[[[-38.95,-17.7023],[-38.9501,-17.7023],[-38.9501,-17.7023],[-38.9501,-17.7022],[-38.95,-17.7023]]],[[[-38.959,-17.7021],[-38.959,-17.7022],[-38.959,-17.7022],[-38.9591,-17.7023],[-38.959,-17.7021]]],[[[-38.9699,-17.7018],[-38.9699,-17.7019],[-38.9698,-17.7019],[-38.9698,-17.7019],[-38.9699,-17.7018]]],[[[-38.9756,-17.7022],[-38.9756,-17.7022],[-38.9754,-17.7022],[-38.9754,-17.7021],[-38.9756,-17.7022]]],[[[-38.9731,-17.7017],[-38.9731,-17.7018],[-38.973,-17.7018],[-38.973,-17.7018],[-38.9731,-17.7017]]],[[[-38.957,-17.7017],[-38.9569,-17.7018],[-38.9569,-17.7018],[-38.9568,-17.7019],[-38.957,-17.7017]]],[[[-38.9732,-17.7017],[-38.9733,-17.7017],[-38.9733,-17.7016],[-38.9732,-17.7016],[-38.9732,-17.7017]]],[[[-38.9691,-17.7018],[-38.9691,-17.7018],[-38.9689,-17.7018],[-38.9689,-17.7017],[-38.9691,-17.7018]]],[[[-38.9464,-17.7014],[-38.9467,-17.7059],[-38.9465,-17.7015],[-38.9464,-17.7014]]],[[[-38.9463,-17.7014],[-38.9464,-17.7014],[-38.9464,-17.7014],[-38.9464,-17.7014],[-38.9463,-17.7014]]],[[[-38.9718,-17.7014],[-38.9719,-17.7015],[-38.9722,-17.7015],[-38.9722,-17.7015],[-38.9718,-17.7014]]],[[[-38.9627,-17.7013],[-38.9628,-17.7014],[-38.9629,-17.7014],[-38.963,-17.7013],[-38.9627,-17.7013]]],[[[-38.957,-17.7011],[-38.9569,-17.7013],[-38.9569,-17.7013],[-38.9569,-17.7013],[-38.957,-17.7011]]],[[[-38.956,-17.7007],[-38.9559,-17.7008],[-38.9559,-17.7008],[-38.9558,-17.7009],[-38.956,-17.7007]]],[[[-38.9592,-17.7015],[-38.9593,-17.7015],[-38.9593,-17.7015],[-38.9593,-17.7014],[-38.9592,-17.7015]]],[[[-38.9688,-17.7007],[-38.9688,-17.7007],[-38.9688,-17.7007],[-38.9688,-17.7006],[-38.9688,-17.7007]]],[[[-38.9591,-17.7007],[-38.9592,-17.7007],[-38.9592,-17.7006],[-38.9591,-17.7006],[-38.9591,-17.7007]]],[[[-38.9691,-17.7006],[-38.9691,-17.7006],[-38.969,-17.7006],[-38.9689,-17.7006],[-38.9691,-17.7006]]],[[[-38.947,-17.7018],[-38.9471,-17.702],[-38.9472,-17.702],[-38.9473,-17.7019],[-38.947,-17.7018]]],[[[-38.9716,-17.7003],[-38.9715,-17.7004],[-38.9715,-17.7004],[-38.9714,-17.7004],[-38.9716,-17.7003]]],[[[-38.9544,-17.7002],[-38.9543,-17.7002],[-38.9542,-17.7002],[-38.9542,-17.7003],[-38.9544,-17.7002]]],[[[-38.9628,-17.7001],[-38.9628,-17.7001],[-38.9627,-17.7001],[-38.9627,-17.7002],[-38.9628,-17.7001]]],[[[-38.9588,-17.7006],[-38.9592,-17.7006],[-38.9593,-17.7005],[-38.9593,-17.7003],[-38.9588,-17.7006]]],[[[-38.9615,-17.7001],[-38.9615,-17.7001],[-38.9614,-17.7001],[-38.9613,-17.7001],[-38.9615,-17.7001]]],[[[-38.9448,-17.7002],[-38.9448,-17.7003],[-38.9448,-17.7003],[-38.9448,-17.7003],[-38.9448,-17.7002]]],[[[-38.955,-17.7],[-38.9552,-17.7001],[-38.9553,-17.7001],[-38.9554,-17.7001],[-38.955,-17.7]]],[[[-38.9528,-17.6994],[-38.9528,-17.6995],[-38.9528,-17.6995],[-38.9525,-17.6995],[-38.9528,-17.6994]]],[[[-38.971,-17.7004],[-38.9713,-17.7004],[-38.9713,-17.7004],[-38.9713,-17.7003],[-38.971,-17.7004]]],[[[-38.9598,-17.6989],[-38.9598,-17.699],[-38.9597,-17.699],[-38.9596,-17.699],[-38.9598,-17.6989]]],[[[-38.9466,-17.6982],[-38.9465,-17.6982],[-38.9464,-17.6982],[-38.9463,-17.6982],[-38.9466,-17.6982]]],[[[-38.9454,-17.6982],[-38.9454,-17.6982],[-38.9454,-17.6982],[-38.9454,-17.6982],[-38.9454,-17.6982]]],[[[-38.967,-17.6982],[-38.9671,-17.6982],[-38.9671,-17.6981],[-38.967,-17.6981],[-38.967,-17.6982]]],[[[-38.9643,-17.6977],[-38.9643,-17.6978],[-38.9641,-17.6978],[-38.9641,-17.6978],[-38.9643,-17.6977]]],[[[-38.9586,-17.6975],[-38.9586,-17.6976],[-38.9585,-17.6976],[-38.9585,-17.6976],[-38.9586,-17.6975]]],[[[-38.9563,-17.6969],[-38.9563,-17.697],[-38.9562,-17.697],[-38.9561,-17.697],[-38.9563,-17.6969]]],[[[-38.9545,-17.6965],[-38.9544,-17.6966],[-38.9543,-17.6966],[-38.9543,-17.6966],[-38.9545,-17.6965]]],[[[-38.9559,-17.6965],[-38.9558,-17.6966],[-38.9557,-17.6966],[-38.9556,-17.6966],[-38.9559,-17.6965]]],[[[-38.9717,-17.6962],[-38.9716,-17.6963],[-38.9716,-17.6963],[-38.9715,-17.6963],[-38.9717,-17.6962]]],[[[-38.9603,-17.6968],[-38.9602,-17.6969],[-38.9601,-17.6969],[-38.9601,-17.6969],[-38.9603,-17.6968]]],[[[-38.9609,-17.6958],[-38.9611,-17.6958],[-38.9612,-17.6957],[-38.9612,-17.6956],[-38.9609,-17.6958]]],[[[-38.9713,-17.6959],[-38.9714,-17.6959],[-38.9714,-17.6959],[-38.9714,-17.6954],[-38.9713,-17.6959]]],[[[-38.9571,-17.6949],[-38.9571,-17.6949],[-38.9568,-17.6949],[-38.9568,-17.6949],[-38.9571,-17.6949]]],[[[-38.9501,-17.6956],[-38.9503,-17.6958],[-38.9503,-17.6957],[-38.9503,-17.6956],[-38.9501,-17.6956]]],[[[-38.9493,-17.6944],[-38.9494,-17.6944],[-38.9494,-17.6943],[-38.9493,-17.6943],[-38.9493,-17.6944]]],[[[-38.9714,-17.6947],[-38.9715,-17.6947],[-38.9716,-17.6946],[-38.9716,-17.6943],[-38.9714,-17.6947]]],[[[-38.9878,-17.6938],[-38.9878,-17.6938],[-38.9877,-17.6938],[-38.9876,-17.694],[-38.9878,-17.6938]]],[[[-38.9665,-17.6932],[-38.9664,-17.6932],[-38.9664,-17.6932],[-38.9663,-17.6933],[-38.9665,-17.6932]]],[[[-38.9663,-17.6933],[-38.9663,-17.6934],[-38.9663,-17.6934],[-38.9663,-17.6933],[-38.9663,-17.6933]]],[[[-38.9635,-17.693],[-38.9635,-17.6933],[-38.9635,-17.6933],[-38.9636,-17.6933],[-38.9635,-17.693]]],[[[-38.9565,-17.6919],[-38.9565,-17.6919],[-38.9564,-17.6919],[-38.9563,-17.692],[-38.9565,-17.6919]]],[[[-38.9547,-17.6916],[-38.9515,-17.6943],[-38.9553,-17.6954],[-38.9547,-17.6916]]],[[[-38.9865,-17.6905],[-38.9826,-17.6914],[-38.9818,-17.6954],[-38.9855,-17.6936],[-38.9865,-17.6905]]],[[[-38.9851,-17.6921],[-38.9851,-17.6921],[-38.9851,-17.6922],[-38.9851,-17.6926],[-38.9851,-17.6921]]],[[[-38.9828,-17.6923],[-38.9828,-17.6923],[-38.9827,-17.6923],[-38.9827,-17.6922],[-38.9828,-17.6923]]],[[[-38.9829,-17.6935],[-38.983,-17.6936],[-38.983,-17.6938],[-38.9829,-17.6938],[-38.9829,-17.6935]]],[[[-38.9557,-17.6895],[-38.9556,-17.6895],[-38.9556,-17.6895],[-38.9555,-17.6896],[-38.9557,-17.6895]]],[[[-38.9688,-17.6893],[-38.9687,-17.6893],[-38.9687,-17.6893],[-38.9686,-17.6894],[-38.9688,-17.6893]]],[[[-38.9586,-17.689],[-38.9586,-17.689],[-38.9585,-17.689],[-38.9584,-17.6891],[-38.9586,-17.689]]],[[[-38.9699,-17.6846],[-38.9694,-17.6887],[-38.9734,-17.6884],[-38.9714,-17.6849],[-38.9699,-17.6846]]],[[[-38.9712,-17.6864],[-38.9713,-17.6865],[-38.9713,-17.6868],[-38.9712,-17.687],[-38.9712,-17.6864]]],[[[-38.9996,-17.666],[-39.0004,-17.6699],[-39.0006,-17.674],[-39.0026,-17.6776],[-38.9998,-17.6747],[-38.9987,-17.6786],[-39.001,-17.682],[-39.0034,-17.6787],[-39.0039,-17.6747],[-39.0036,-17.6707],[-39.0013,-17.6673],[-38.9996,-17.666]]],[[[-38.9982,-17.6661],[-38.9983,-17.6661],[-38.9983,-17.6661],[-38.9983,-17.666],[-38.9982,-17.6661]]],[[[-39.0308,-17.6377],[-39.0308,-17.6383],[-39.0308,-17.6383],[-39.0308,-17.6386],[-39.0308,-17.6377]]],[[[-39.0285,-17.6348],[-39.0285,-17.6348],[-39.0286,-17.6348],[-39.0287,-17.635],[-39.0285,-17.6348]]],[[[-39.027,-17.6347],[-39.027,-17.6347],[-39.027,-17.6348],[-39.027,-17.6348],[-39.027,-17.6347]]],[[[-39.0295,-17.6344],[-39.0295,-17.635],[-39.0296,-17.6351],[-39.0297,-17.6351],[-39.0295,-17.6344]]],[[[-39.0251,-17.6328],[-39.0251,-17.6328],[-39.0252,-17.6328],[-39.0252,-17.6328],[-39.0251,-17.6328]]],[[[-39.0248,-17.6347],[-39.0241,-17.6387],[-39.0267,-17.6419],[-39.0282,-17.6378],[-39.0256,-17.6347],[-39.0248,-17.6347]]],[[[-39.0299,-17.6269],[-39.0303,-17.631],[-39.0301,-17.627],[-39.0299,-17.6269]]],[[[-39.0311,-17.6256],[-39.0311,-17.6256],[-39.0312,-17.6256],[-39.0312,-17.6257],[-39.0311,-17.6256]]],[[[-39.0322,-17.6241],[-39.0323,-17.6241],[-39.0323,-17.6242],[-39.0323,-17.6242],[-39.0322,-17.6241]]],[[[-39.031,-17.6237],[-39.031,-17.6237],[-39.031,-17.624],[-39.031,-17.624],[-39.031,-17.6237]]],[[[-39.0371,-17.6236],[-39.0371,-17.6239],[-39.0371,-17.6239],[-39.037,-17.6239],[-39.0371,-17.6236]]],[[[-39.0401,-17.624],[-39.0363,-17.6254],[-39.0364,-17.6295],[-39.04,-17.6313],[-39.0436,-17.6294],[-39.0408,-17.6263],[-39.0401,-17.624]]],[[[-39.0373,-17.6284],[-39.0373,-17.6284],[-39.0373,-17.6285],[-39.0373,-17.6285],[-39.0373,-17.6284]]],[[[-39.0378,-17.6284],[-39.0379,-17.6284],[-39.0379,-17.6284],[-39.038,-17.6284],[-39.0378,-17.6284]]],[[[-39.0336,-17.6237],[-39.0336,-17.6238],[-39.0337,-17.6238],[-39.0337,-17.6238],[-39.0336,-17.6237]]],[[[-39.0414,-17.6232],[-39.0412,-17.6233],[-39.0412,-17.6233],[-39.0411,-17.6234],[-39.0414,-17.6232]]],[[[-39.0319,-17.6219],[-39.0319,-17.622],[-39.0318,-17.622],[-39.0318,-17.622],[-39.0319,-17.6219]]],[[[-39.039,-17.6222],[-39.039,-17.6223],[-39.039,-17.6226],[-39.039,-17.6226],[-39.039,-17.6222]]],[[[-39.0374,-17.6214],[-39.0374,-17.6216],[-39.0375,-17.6217],[-39.0375,-17.6217],[-39.0374,-17.6214]]],[[[-39.0363,-17.6219],[-39.036,-17.6219],[-39.0359,-17.6218],[-39.0359,-17.6218],[-39.0363,-17.6219]]],[[[-39.0327,-17.6207],[-39.0327,-17.6207],[-39.0326,-17.6208],[-39.0326,-17.621],[-39.0327,-17.6207]]],[[[-39.0381,-17.6199],[-39.038,-17.6199],[-39.038,-17.62],[-39.038,-17.6201],[-39.0381,-17.6199]]],[[[-39.0452,-17.6086],[-39.0452,-17.6087],[-39.0452,-17.6087],[-39.0452,-17.6087],[-39.0452,-17.6086]]],[[[-39.0411,-17.6034],[-39.0411,-17.6034],[-39.0412,-17.6034],[-39.0412,-17.6034],[-39.0411,-17.6034]]],[[[-39.025,-17.5015],[-39.0248,-17.5015],[-39.0248,-17.5015],[-39.0248,-17.5016],[-39.025,-17.5015]]],[[[-39.0287,-17.5018],[-39.0287,-17.5018],[-39.0287,-17.5019],[-39.0287,-17.5019],[-39.0287,-17.5018]]],[[[-39.0287,-17.5018],[-39.0287,-17.5018],[-39.0287,-17.5018],[-39.0287,-17.5018]]],[[[-39.0276,-17.4932],[-39.0276,-17.4932],[-39.0276,-17.4932],[-39.0276,-17.4932]]],[[[-39.0323,-17.4928],[-39.0323,-17.4929],[-39.0322,-17.4929],[-39.0322,-17.493],[-39.0323,-17.4928]]],[[[-39.0302,-17.4924],[-39.0309,-17.4964],[-39.0305,-17.4924],[-39.0302,-17.4924]]],[[[-39.0338,-17.4919],[-39.0336,-17.4919],[-39.0335,-17.4919],[-39.0334,-17.4919],[-39.0338,-17.4919]]],[[[-39.0276,-17.4932],[-39.0276,-17.4932],[-39.0276,-17.4932],[-39.0277,-17.4932],[-39.0276,-17.4932]]],[[[-39.0314,-17.4901],[-39.0314,-17.4901],[-39.0314,-17.4901],[-39.0314,-17.4901],[-39.0314,-17.4901]]],[[[-39.0179,-17.4795],[-39.0179,-17.4796],[-39.018,-17.4796],[-39.0179,-17.4795]]],[[[-39.0438,-17.4778],[-39.0438,-17.4778],[-39.0438,-17.4778],[-39.0438,-17.4778],[-39.0438,-17.4778]]],[[[-39.048,-17.4773],[-39.048,-17.4774],[-39.048,-17.4774],[-39.048,-17.4774],[-39.048,-17.4773]]],[[[-39.0453,-17.4765],[-39.0453,-17.4766],[-39.0453,-17.4766],[-39.0452,-17.4766],[-39.0453,-17.4765]]],[[[-39.042,-17.476],[-39.042,-17.476],[-39.042,-17.476],[-39.042,-17.476],[-39.042,-17.476]]],[[[-39.0468,-17.4748],[-39.0468,-17.4748],[-39.0468,-17.4748],[-39.0468,-17.4748],[-39.0468,-17.4748]]],[[[-39.0438,-17.4745],[-39.0438,-17.4745],[-39.0438,-17.4745],[-39.0438,-17.4745],[-39.0438,-17.4745]]],[[[-39.0449,-17.4744],[-39.0449,-17.4744],[-39.0449,-17.4744],[-39.0449,-17.4744],[-39.0449,-17.4744]]],[[[-39.0483,-17.4739],[-39.0483,-17.4739],[-39.0483,-17.4739],[-39.0483,-17.4739],[-39.0483,-17.4739]]],[[[-39.047,-17.4738],[-39.047,-17.4738],[-39.047,-17.4738],[-39.047,-17.4738],[-39.047,-17.4738]]],[[[-39.0075,-17.4733],[-39.0075,-17.4733],[-39.0077,-17.4733],[-39.0075,-17.4733]]],[[[-39.0431,-17.4731],[-39.0431,-17.4731],[-39.0431,-17.4731],[-39.0431,-17.4731],[-39.0431,-17.4731]]],[[[-39.0376,-17.4727],[-39.0376,-17.4727],[-39.0376,-17.4727],[-39.0376,-17.4728],[-39.0376,-17.4727]]],[[[-39.0456,-17.4734],[-39.0456,-17.4734],[-39.0456,-17.4734],[-39.0456,-17.4734],[-39.0456,-17.4734]]],[[[-39.041,-17.4721],[-39.041,-17.4722],[-39.0409,-17.4722],[-39.0409,-17.4722],[-39.041,-17.4721]]],[[[-39.0356,-17.4718],[-39.0356,-17.4718],[-39.0355,-17.4718],[-39.0355,-17.4718],[-39.0356,-17.4718]]],[[[-39.0482,-17.4716],[-39.0481,-17.4716],[-39.0481,-17.4716],[-39.0481,-17.4716],[-39.0482,-17.4716]]],[[[-39.0367,-17.4727],[-39.0367,-17.4728],[-39.0367,-17.4728],[-39.0367,-17.4728],[-39.0367,-17.4727]]],[[[-39.0417,-17.4713],[-39.0417,-17.4713],[-39.0417,-17.4713],[-39.0417,-17.4713],[-39.0417,-17.4713]]],[[[-39.0467,-17.4709],[-39.0467,-17.4709],[-39.0466,-17.4709],[-39.0466,-17.4709],[-39.0467,-17.4709]]],[[[-39.0075,-17.4733],[-39.0044,-17.4707],[-39.0027,-17.4745],[-39.0044,-17.4784],[-39.0052,-17.4823],[-39.0101,-17.484],[-39.0136,-17.4859],[-39.0103,-17.4892],[-39.0058,-17.4881],[-39.0026,-17.4906],[-38.9991,-17.4928],[-38.9962,-17.4957],[-38.9934,-17.4986],[-38.9895,-17.4975],[-38.9864,-17.4947],[-38.9856,-17.4986],[-38.9889,-17.501],[-38.9911,-17.5045],[-38.9936,-17.5079],[-38.9967,-17.5106],[-39.0005,-17.512],[-39.0046,-17.5112],[-39.0085,-17.5102],[-39.0126,-17.5106],[-39.0163,-17.5091],[-39.0183,-17.5055],[-39.0222,-17.5045],[-39.023,-17.5004],[-39.0269,-17.4995],[-39.0275,-17.4955],[-39.0255,-17.4919],[-39.0226,-17.489],[-39.0194,-17.4866],[-39.0165,-17.4837],[-39.0138,-17.4807],[-39.0112,-17.4776],[-39.0075,-17.4755],[-39.0075,-17.4733]]],[[[-39.0453,-17.4706],[-39.0452,-17.4706],[-39.0452,-17.4706],[-39.0451,-17.4706],[-39.0453,-17.4706]]],[[[-39.0504,-17.4705],[-39.0504,-17.4705],[-39.0503,-17.4705],[-39.0503,-17.4705],[-39.0504,-17.4705]]],[[[-39.0475,-17.4712],[-39.0475,-17.4712],[-39.0475,-17.4713],[-39.0475,-17.4713],[-39.0475,-17.4712]]],[[[-39.0374,-17.4711],[-39.0374,-17.4711],[-39.0374,-17.471],[-39.0374,-17.471],[-39.0374,-17.4711]]],[[[-39.048,-17.4699],[-39.048,-17.47],[-39.048,-17.47],[-39.048,-17.47],[-39.048,-17.4699]]],[[[-39.0389,-17.4703],[-39.0388,-17.4703],[-39.0388,-17.4703],[-39.0388,-17.4703],[-39.0389,-17.4703]]],[[[-39.0402,-17.4696],[-39.0402,-17.4696],[-39.0401,-17.4696],[-39.0401,-17.4696],[-39.0402,-17.4696]]],[[[-39.0447,-17.4694],[-39.0447,-17.4694],[-39.0447,-17.4694],[-39.0446,-17.4694],[-39.0447,-17.4694]]],[[[-39.0354,-17.4701],[-39.0354,-17.4702],[-39.0354,-17.4702],[-39.0354,-17.4702],[-39.0354,-17.4701]]],[[[-39.0489,-17.4692],[-39.0489,-17.4692],[-39.0488,-17.4692],[-39.0488,-17.4693],[-39.0489,-17.4692]]],[[[-39.0419,-17.4691],[-39.0419,-17.4691],[-39.0419,-17.4691],[-39.0419,-17.4691],[-39.0419,-17.4691]]],[[[-39.0464,-17.4688],[-39.0464,-17.4688],[-39.0463,-17.4688],[-39.0463,-17.4688],[-39.0464,-17.4688]]],[[[-39.0428,-17.4687],[-39.0428,-17.4687],[-39.0428,-17.4687],[-39.0428,-17.4687],[-39.0428,-17.4687]]],[[[-39.0179,-17.4795],[-39.0205,-17.4826],[-39.0245,-17.4832],[-39.0257,-17.4793],[-39.0252,-17.4753],[-39.0241,-17.4714],[-39.021,-17.4688],[-39.017,-17.4685],[-39.0131,-17.4693],[-39.0104,-17.4722],[-39.012,-17.476],[-39.0151,-17.4785],[-39.0179,-17.4795]]],[[[-39.0479,-17.4683],[-39.0479,-17.4683],[-39.0479,-17.4683],[-39.0479,-17.4683],[-39.0479,-17.4683]]],[[[-39.0428,-17.4687],[-39.0428,-17.4686],[-39.0428,-17.4686],[-39.0428,-17.4686],[-39.0428,-17.4687]]],[[[-39.0451,-17.4681],[-39.0451,-17.4681],[-39.0451,-17.4681],[-39.0451,-17.4681],[-39.0451,-17.4681]]],[[[-39.0445,-17.4659],[-39.0445,-17.4659],[-39.0445,-17.4659],[-39.0445,-17.4659],[-39.0445,-17.4659]]],[[[-39.048,-17.464],[-39.0452,-17.4668],[-39.0484,-17.4644],[-39.048,-17.464]]],[[[-39.0351,-17.4601],[-39.0337,-17.4639],[-39.0359,-17.4605],[-39.0351,-17.4601]]],[[[-39.0441,-17.458],[-39.0403,-17.4593],[-39.0416,-17.4631],[-39.0381,-17.4612],[-39.0386,-17.4652],[-39.0346,-17.4648],[-39.0354,-17.4687],[-39.0395,-17.4688],[-39.0417,-17.4655],[-39.0456,-17.4643],[-39.0478,-17.461],[-39.0448,-17.4584],[-39.0441,-17.458]]],[[[-39.0476,-17.4543],[-39.0446,-17.457],[-39.0474,-17.4599],[-39.0467,-17.456],[-39.0476,-17.4543]]],[[[-39.0284,-17.4384],[-39.0266,-17.442],[-39.0283,-17.4456],[-39.03,-17.4492],[-39.0328,-17.4521],[-39.0349,-17.4556],[-39.0379,-17.4583],[-39.0416,-17.4568],[-39.045,-17.4547],[-39.048,-17.452],[-39.0488,-17.4481],[-39.0459,-17.4452],[-39.042,-17.4465],[-39.042,-17.4505],[-39.038,-17.4499],[-39.0354,-17.4468],[-39.0347,-17.4428],[-39.0323,-17.4395],[-39.0285,-17.4384],[-39.0284,-17.4384]]],[[[-39.129,-17.4273],[-39.128,-17.4312],[-39.1303,-17.4345],[-39.1336,-17.4368],[-39.1329,-17.4327],[-39.1324,-17.4287],[-39.129,-17.4273]]],[[[-39.1306,-17.4316],[-39.1305,-17.4316],[-39.1305,-17.4316],[-39.1305,-17.4317],[-39.1306,-17.4316]]],[[[-39.1343,-17.4157],[-39.1326,-17.4194],[-39.1351,-17.4226],[-39.137,-17.4188],[-39.1349,-17.4153],[-39.1343,-17.4157]]],[[[-39.1345,-17.4167],[-39.1345,-17.4168],[-39.1346,-17.4168],[-39.1346,-17.4169],[-39.1345,-17.4167]]],[[[-39.0852,-16.6236],[-39.083,-16.6271],[-39.0825,-16.6311],[-39.0845,-16.6346],[-39.0856,-16.6306],[-39.0854,-16.6265],[-39.0852,-16.6236]]],[[[-39.0833,-16.6301],[-39.0833,-16.6303],[-39.0835,-16.6303],[-39.0837,-16.6303],[-39.0833,-16.6301]]],[[[-39.0821,-16.6223],[-39.0821,-16.6225],[-39.0819,-16.6225],[-39.0819,-16.6227],[-39.0821,-16.6223]]],[[[-39.0851,-16.6061],[-39.085,-16.6061],[-39.0849,-16.6061],[-39.0847,-16.6061],[-39.0851,-16.6061]]],[[[-39.0852,-16.6061],[-39.0852,-16.6062],[-39.0851,-16.6061],[-39.0852,-16.6061]]],[[[-39.0778,-16.5913],[-39.0778,-16.5915],[-39.078,-16.5916],[-39.078,-16.5918],[-39.0778,-16.5913]]],[[[-39.0821,-16.5898],[-39.0807,-16.5936],[-39.0807,-16.5978],[-39.0821,-16.6016],[-39.084,-16.5979],[-39.0836,-16.5938],[-39.0835,-16.5897],[-39.0821,-16.5898]]],[[[-39.0322,-16.4048],[-39.0322,-16.405],[-39.032,-16.405],[-39.032,-16.4051],[-39.0322,-16.4048]]],[[[-38.9935,-16.3234],[-38.99,-16.3255],[-38.9916,-16.3294],[-38.9933,-16.333],[-38.995,-16.3366],[-38.9989,-16.3358],[-38.9979,-16.3318],[-38.9988,-16.3279],[-38.9967,-16.3244],[-38.9935,-16.3234]]],[[[-38.7461,-13.0967],[-38.7463,-13.1007],[-38.748,-13.1045],[-38.7486,-13.1005],[-38.7467,-13.0969],[-38.7461,-13.0967]]],[[[-38.7385,-13.0894],[-38.7417,-13.0919],[-38.7387,-13.0891],[-38.7385,-13.0894]]],[[[-38.6248,-12.9939],[-38.6289,-12.9941],[-38.6259,-12.9912],[-38.6227,-12.9887],[-38.6203,-12.9855],[-38.6189,-12.9892],[-38.6196,-12.9933],[-38.6234,-12.9947],[-38.6248,-12.9939]]],[[[-38.6247,-12.9939],[-38.6247,-12.9938],[-38.6247,-12.9936],[-38.6247,-12.9934],[-38.6247,-12.9939]]],[[[-38.6013,-12.95],[-38.6013,-12.9502],[-38.6011,-12.9502],[-38.601,-12.9502],[-38.6013,-12.95]]],[[[-38.6108,-12.9396],[-38.6108,-12.9398],[-38.6107,-12.9398],[-38.6106,-12.9398],[-38.6108,-12.9396]]],[[[-38.0665,-12.6545],[-38.0692,-12.6575],[-38.0674,-12.6539],[-38.0665,-12.6545]]],[[[-38.042,-12.6156],[-38.0403,-12.6192],[-38.0441,-12.621],[-38.0421,-12.6175],[-38.042,-12.6156]]],[[[-37.9992,-12.5809],[-38.0001,-12.5769],[-37.9982,-12.5733],[-37.9963,-12.5698],[-37.9936,-12.5667],[-37.9949,-12.5706],[-37.9965,-12.5743],[-37.9979,-12.5782],[-37.9992,-12.5809]]],[[[-36.0238,-10.058],[-36.0241,-10.0581],[-36.024,-10.0581],[-36.0238,-10.0581],[-36.0238,-10.058]]],[[[-36.0172,-10.043],[-36.0185,-10.0468],[-36.0207,-10.0502],[-36.019,-10.0466],[-36.0172,-10.043]]],[[[-35.9599,-9.9867],[-35.9598,-9.9867],[-35.9599,-9.9867],[-35.9597,-9.9867],[-35.9599,-9.9867]]],[[[-35.9589,-9.9862],[-35.959,-9.9862],[-35.9591,-9.9862],[-35.9593,-9.9862],[-35.9589,-9.9862]]],[[[-35.9596,-9.9814],[-35.9596,-9.9816],[-35.9595,-9.9817],[-35.9595,-9.9818],[-35.9596,-9.9814]]],[[[-35.9681,-9.9719],[-35.9682,-9.972],[-35.9684,-9.972],[-35.9684,-9.9719],[-35.9681,-9.9719]]],[[[-35.9685,-9.9705],[-35.9685,-9.9707],[-35.9685,-9.9709],[-35.9685,-9.971],[-35.9685,-9.9705]]],[[[-35.9652,-9.9704],[-35.9652,-9.9706],[-35.9653,-9.9706],[-35.9655,-9.9706],[-35.9652,-9.9704]]],[[[-35.9504,-9.9703],[-35.9504,-9.9704],[-35.9504,-9.9706],[-35.9504,-9.9707],[-35.9504,-9.9703]]],[[[-35.9643,-9.9691],[-35.9642,-9.9691],[-35.9642,-9.9692],[-35.9642,-9.9694],[-35.9643,-9.9691]]],[[[-35.9451,-9.9633],[-35.9474,-9.9667],[-35.9454,-9.9632],[-35.9451,-9.9633]]],[[[-35.6067,-9.5569],[-35.6068,-9.557],[-35.6068,-9.5571],[-35.6069,-9.5572],[-35.6067,-9.5569]]],[[[-35.6059,-9.5563],[-35.606,-9.5563],[-35.606,-9.5563],[-35.6062,-9.5565],[-35.6059,-9.5563]]],[[[-35.6058,-9.556],[-35.6058,-9.556],[-35.6058,-9.556],[-35.6058,-9.556],[-35.6058,-9.556]]],[[[-35.6056,-9.5559],[-35.6056,-9.5559],[-35.6057,-9.5559],[-35.6057,-9.5559],[-35.6056,-9.5559]]],[[[-35.6054,-9.5557],[-35.6055,-9.5558],[-35.6056,-9.5558],[-35.6056,-9.5558],[-35.6054,-9.5557]]],[[[-35.6051,-9.5553],[-35.6054,-9.5556],[-35.6054,-9.5556],[-35.6054,-9.5556],[-35.6051,-9.5553]]],[[[-35.6042,-9.5544],[-35.6043,-9.5545],[-35.6043,-9.5546],[-35.6043,-9.5546],[-35.6042,-9.5544]]],[[[-35.6041,-9.5543],[-35.6041,-9.5544],[-35.6041,-9.5544],[-35.6041,-9.5543],[-35.6041,-9.5543]]],[[[-35.6008,-9.551],[-35.6008,-9.5514],[-35.6009,-9.5514],[-35.6009,-9.5515],[-35.6008,-9.551]]],[[[-35.6007,-9.5508],[-35.6007,-9.5509],[-35.6008,-9.5509],[-35.6008,-9.5509],[-35.6007,-9.5508]]],[[[-35.6006,-9.5507],[-35.6006,-9.5508],[-35.6007,-9.5508],[-35.6007,-9.5508],[-35.6006,-9.5507]]],[[[-35.6005,-9.5507],[-35.6005,-9.5507],[-35.6006,-9.5507],[-35.6006,-9.5507],[-35.6005,-9.5507]]],[[[-35.611,-9.5492],[-35.6119,-9.5532],[-35.6159,-9.5543],[-35.6135,-9.5511],[-35.611,-9.5492]]],[[[-35.5958,-9.5459],[-35.5984,-9.549],[-35.5958,-9.5458],[-35.5958,-9.5459]]],[[[-35.5956,-9.5456],[-35.5956,-9.5456],[-35.5956,-9.5456],[-35.5956,-9.5456],[-35.5956,-9.5456]]],[[[-35.5954,-9.5455],[-35.5954,-9.5455],[-35.5955,-9.5455],[-35.5955,-9.5455],[-35.5954,-9.5455]]],[[[-35.5941,-9.5441],[-35.5942,-9.5442],[-35.5942,-9.5444],[-35.5943,-9.5445],[-35.5941,-9.5441]]],[[[-35.592,-9.5441],[-35.5922,-9.5443],[-35.5923,-9.5443],[-35.5923,-9.5442],[-35.592,-9.5441]]],[[[-35.5913,-9.5381],[-35.5912,-9.5382],[-35.5911,-9.5382],[-35.5911,-9.5382],[-35.5913,-9.5381]]],[[[-35.5916,-9.5398],[-35.5915,-9.5398],[-35.5915,-9.5397],[-35.5916,-9.5397],[-35.5916,-9.5398]]],[[[-35.592,-9.5403],[-35.5919,-9.5403],[-35.5919,-9.5403],[-35.592,-9.5403],[-35.592,-9.5403]]],[[[-35.5888,-9.5376],[-35.5888,-9.5377],[-35.5887,-9.5377],[-35.5886,-9.5378],[-35.5888,-9.5376]]],[[[-35.589,-9.5377],[-35.5888,-9.5377],[-35.5888,-9.5377],[-35.5888,-9.5377],[-35.589,-9.5377]]],[[[-35.5901,-9.5374],[-35.5901,-9.5374],[-35.5905,-9.5374],[-35.5905,-9.5374],[-35.5901,-9.5374]]],[[[-35.5908,-9.5362],[-35.5908,-9.5362],[-35.5907,-9.5362],[-35.5907,-9.5362],[-35.5908,-9.5362]]],[[[-35.5879,-9.536],[-35.5879,-9.5361],[-35.5878,-9.5361],[-35.5877,-9.5362],[-35.5879,-9.536]]],[[[-35.5949,-9.5358],[-35.595,-9.5358],[-35.595,-9.5358],[-35.5951,-9.5359],[-35.5949,-9.5358]]],[[[-35.5878,-9.5352],[-35.5878,-9.5356],[-35.5878,-9.5356],[-35.5879,-9.5356],[-35.5878,-9.5352]]],[[[-35.582,-9.5341],[-35.5821,-9.5342],[-35.5821,-9.5344],[-35.5822,-9.5345],[-35.582,-9.5341]]],[[[-35.5819,-9.5335],[-35.5819,-9.5336],[-35.582,-9.5336],[-35.582,-9.5335],[-35.5819,-9.5335]]],[[[-35.5865,-9.532],[-35.5865,-9.5323],[-35.5864,-9.5323],[-35.5864,-9.5325],[-35.5865,-9.532]]],[[[-35.585,-9.5312],[-35.585,-9.5312],[-35.5849,-9.5312],[-35.5849,-9.5312],[-35.585,-9.5312]]],[[[-35.5866,-9.531],[-35.5866,-9.5313],[-35.5867,-9.5313],[-35.5867,-9.5313],[-35.5866,-9.531]]],[[[-35.5874,-9.5299],[-35.5874,-9.53],[-35.5874,-9.5301],[-35.5873,-9.5301],[-35.5874,-9.5299]]],[[[-35.589,-9.5282],[-35.5883,-9.5322],[-35.5912,-9.535],[-35.594,-9.5379],[-35.5933,-9.5339],[-35.5909,-9.5307],[-35.589,-9.5282]]],[[[-35.5916,-9.5318],[-35.5916,-9.5323],[-35.5916,-9.5323],[-35.5916,-9.5325],[-35.5916,-9.5318]]],[[[-35.5887,-9.5277],[-35.5886,-9.5277],[-35.5886,-9.5277],[-35.5885,-9.5277],[-35.5887,-9.5277]]],[[[-35.5856,-9.5271],[-35.5856,-9.5271],[-35.5857,-9.5271],[-35.5857,-9.5272],[-35.5856,-9.5271]]],[[[-35.5898,-9.5268],[-35.5898,-9.5269],[-35.5898,-9.5269],[-35.5897,-9.5269],[-35.5898,-9.5268]]],[[[-35.5899,-9.5254],[-35.5899,-9.5255],[-35.5898,-9.5255],[-35.5898,-9.5255],[-35.5899,-9.5254]]],[[[-35.5847,-9.5229],[-35.5848,-9.524],[-35.5848,-9.524],[-35.5848,-9.5242],[-35.5847,-9.5229]]],[[[-35.5855,-9.5218],[-35.5856,-9.5219],[-35.5859,-9.5219],[-35.586,-9.5219],[-35.5855,-9.5218]]],[[[-35.5878,-9.5219],[-35.5879,-9.5219],[-35.5881,-9.5219],[-35.5881,-9.5218],[-35.5878,-9.5219]]],[[[-35.5767,-9.5171],[-35.5767,-9.5176],[-35.5768,-9.5176],[-35.5768,-9.5178],[-35.5767,-9.5171]]],[[[-35.5762,-9.516],[-35.5762,-9.516],[-35.5761,-9.516],[-35.5761,-9.5161],[-35.5762,-9.516]]],[[[-35.5711,-9.5156],[-35.5711,-9.5156],[-35.5711,-9.5157],[-35.5711,-9.5158],[-35.5711,-9.5156]]],[[[-35.5679,-9.5154],[-35.5679,-9.5157],[-35.568,-9.5157],[-35.568,-9.5159],[-35.5679,-9.5154]]],[[[-35.5684,-9.5157],[-35.5684,-9.5157],[-35.5684,-9.5157],[-35.5684,-9.5157],[-35.5684,-9.5157]]],[[[-35.5685,-9.5158],[-35.5685,-9.5158],[-35.5685,-9.5158],[-35.5685,-9.5158],[-35.5685,-9.5158]]],[[[-35.5858,-9.5143],[-35.5851,-9.5183],[-35.586,-9.5144],[-35.5858,-9.5143]]],[[[-35.5855,-9.5155],[-35.5855,-9.5156],[-35.5857,-9.5156],[-35.5857,-9.5156],[-35.5855,-9.5155]]],[[[-35.5846,-9.511],[-35.5847,-9.5111],[-35.5847,-9.5111],[-35.5848,-9.5111],[-35.5846,-9.511]]],[[[-35.5648,-9.5106],[-35.5647,-9.5107],[-35.5647,-9.5107],[-35.5646,-9.5107],[-35.5648,-9.5106]]],[[[-35.5753,-9.5107],[-35.5753,-9.5108],[-35.5752,-9.5107],[-35.5752,-9.5107],[-35.5753,-9.5107]]],[[[-35.5626,-9.509],[-35.5626,-9.5093],[-35.5627,-9.5093],[-35.5628,-9.5093],[-35.5626,-9.509]]],[[[-35.5628,-9.509],[-35.5628,-9.509],[-35.5628,-9.509],[-35.5628,-9.509],[-35.5628,-9.509]]],[[[-35.5627,-9.5089],[-35.5627,-9.509],[-35.5628,-9.509],[-35.5628,-9.5089],[-35.5627,-9.5089]]],[[[-35.5774,-9.507],[-35.579,-9.5106],[-35.5811,-9.5141],[-35.5818,-9.5101],[-35.5784,-9.5078],[-35.5774,-9.507]]],[[[-35.5807,-9.5101],[-35.5807,-9.5101],[-35.5806,-9.5101],[-35.5806,-9.51],[-35.5807,-9.5101]]],[[[-35.576,-9.5028],[-35.576,-9.503],[-35.576,-9.503],[-35.5762,-9.503],[-35.576,-9.5028]]],[[[-35.5568,-9.5015],[-35.5568,-9.502],[-35.5569,-9.502],[-35.5571,-9.502],[-35.5568,-9.5015]]],[[[-35.5702,-9.5012],[-35.5702,-9.5013],[-35.5702,-9.5013],[-35.5702,-9.5012],[-35.5702,-9.5012]]],[[[-35.5665,-9.5023],[-35.5681,-9.506],[-35.5721,-9.5054],[-35.5691,-9.5027],[-35.5665,-9.5023]]],[[[-35.5704,-9.5051],[-35.5704,-9.5054],[-35.5704,-9.5054],[-35.5705,-9.5054],[-35.5704,-9.5051]]],[[[-35.5656,-9.5006],[-35.5657,-9.5006],[-35.5658,-9.5006],[-35.5659,-9.5005],[-35.5656,-9.5006]]],[[[-35.5508,-9.4989],[-35.5508,-9.4993],[-35.5508,-9.4993],[-35.551,-9.4993],[-35.5508,-9.4989]]],[[[-35.551,-9.4989],[-35.551,-9.4989],[-35.551,-9.4989],[-35.551,-9.4989],[-35.551,-9.4989]]],[[[-35.5562,-9.4991],[-35.5562,-9.4991],[-35.5562,-9.4991],[-35.5563,-9.4992],[-35.5562,-9.4991]]],[[[-35.5658,-9.4986],[-35.5658,-9.4991],[-35.5658,-9.4991],[-35.5658,-9.4992],[-35.5658,-9.4986]]],[[[-35.5658,-9.4985],[-35.5658,-9.4985],[-35.5658,-9.4985],[-35.5658,-9.4985],[-35.5658,-9.4985]]],[[[-35.5525,-9.4981],[-35.5525,-9.4982],[-35.5525,-9.4982],[-35.5525,-9.4982],[-35.5525,-9.4981]]],[[[-35.5709,-9.498],[-35.5735,-9.5011],[-35.5709,-9.498],[-35.5709,-9.498]]],[[[-35.5522,-9.4976],[-35.5522,-9.4977],[-35.5523,-9.4977],[-35.5523,-9.4976],[-35.5522,-9.4976]]],[[[-35.5521,-9.4974],[-35.5521,-9.4975],[-35.5521,-9.4975],[-35.5521,-9.4974],[-35.5521,-9.4974]]],[[[-35.552,-9.4973],[-35.552,-9.4974],[-35.5521,-9.4974],[-35.5521,-9.4973],[-35.552,-9.4973]]],[[[-35.5519,-9.4972],[-35.5519,-9.4973],[-35.552,-9.4973],[-35.552,-9.4972],[-35.5519,-9.4972]]],[[[-35.5518,-9.4972],[-35.5518,-9.4972],[-35.5519,-9.4972],[-35.5519,-9.4972],[-35.5518,-9.4972]]],[[[-35.5516,-9.497],[-35.5516,-9.497],[-35.5516,-9.497],[-35.5516,-9.4971],[-35.5516,-9.497]]],[[[-35.5573,-9.4969],[-35.5573,-9.4975],[-35.5573,-9.4975],[-35.5574,-9.4975],[-35.5573,-9.4969]]],[[[-35.5513,-9.4969],[-35.5513,-9.4969],[-35.5514,-9.4969],[-35.5514,-9.4969],[-35.5513,-9.4969]]],[[[-35.5559,-9.4962],[-35.5559,-9.4965],[-35.5558,-9.4966],[-35.5558,-9.4966],[-35.5559,-9.4962]]],[[[-35.5493,-9.496],[-35.5493,-9.4967],[-35.5493,-9.4967],[-35.5496,-9.4967],[-35.5493,-9.496]]],[[[-35.5662,-9.4958],[-35.5662,-9.4958],[-35.5663,-9.4958],[-35.5663,-9.4958],[-35.5662,-9.4958]]],[[[-35.5497,-9.495],[-35.5497,-9.4951],[-35.5498,-9.4952],[-35.5498,-9.4953],[-35.5497,-9.495]]],[[[-35.56,-9.4952],[-35.56,-9.4952],[-35.56,-9.4952],[-35.5601,-9.4952],[-35.56,-9.4952]]],[[[-35.5581,-9.4945],[-35.558,-9.4946],[-35.558,-9.4946],[-35.5579,-9.4947],[-35.5581,-9.4945]]],[[[-35.5595,-9.4944],[-35.5595,-9.4944],[-35.5595,-9.4944],[-35.5595,-9.4944],[-35.5595,-9.4944]]],[[[-35.5591,-9.4948],[-35.5591,-9.4948],[-35.5592,-9.4948],[-35.5593,-9.4949],[-35.5591,-9.4948]]],[[[-35.5622,-9.495],[-35.5582,-9.4961],[-35.5604,-9.4996],[-35.564,-9.5014],[-35.5633,-9.4974],[-35.564,-9.4933],[-35.5622,-9.495]]],[[[-35.5613,-9.4988],[-35.5611,-9.4988],[-35.561,-9.4987],[-35.561,-9.4981],[-35.5613,-9.4988]]],[[[-35.5468,-9.4927],[-35.5468,-9.4927],[-35.5467,-9.4927],[-35.5467,-9.4927],[-35.5468,-9.4927]]],[[[-35.5467,-9.4926],[-35.5467,-9.4927],[-35.5467,-9.4927],[-35.5467,-9.4926],[-35.5467,-9.4926]]],[[[-35.5508,-9.4922],[-35.5508,-9.4925],[-35.5509,-9.4926],[-35.5509,-9.4927],[-35.5508,-9.4922]]],[[[-35.5611,-9.4916],[-35.5611,-9.492],[-35.561,-9.492],[-35.561,-9.4925],[-35.5611,-9.4916]]],[[[-35.5416,-9.4889],[-35.5416,-9.489],[-35.5414,-9.489],[-35.5414,-9.489],[-35.5416,-9.4889]]],[[[-35.5563,-9.4902],[-35.5524,-9.4911],[-35.5537,-9.495],[-35.556,-9.4915],[-35.5563,-9.4902]]],[[[-35.554,-9.4942],[-35.5541,-9.4942],[-35.5542,-9.4942],[-35.5542,-9.4943],[-35.554,-9.4942]]],[[[-35.554,-9.4953],[-35.554,-9.4953],[-35.5541,-9.4953],[-35.5541,-9.4953],[-35.554,-9.4953]]],[[[-35.5543,-9.4958],[-35.5543,-9.4962],[-35.5542,-9.4963],[-35.554,-9.4963],[-35.5543,-9.4958]]],[[[-35.5452,-9.4865],[-35.5452,-9.4866],[-35.5453,-9.4866],[-35.5453,-9.4865],[-35.5452,-9.4865]]],[[[-35.5519,-9.4843],[-35.5521,-9.4883],[-35.5488,-9.486],[-35.5448,-9.4863],[-35.5437,-9.4902],[-35.5477,-9.4908],[-35.5517,-9.4915],[-35.5554,-9.4902],[-35.5533,-9.4867],[-35.5519,-9.4843]]],[[[-35.5511,-9.489],[-35.5512,-9.4891],[-35.5512,-9.4891],[-35.5513,-9.4892],[-35.5511,-9.489]]],[[[-35.5485,-9.489],[-35.5485,-9.4892],[-35.5486,-9.4893],[-35.5486,-9.4893],[-35.5485,-9.489]]],[[[-35.5484,-9.4868],[-35.5484,-9.4868],[-35.5483,-9.4868],[-35.5483,-9.4867],[-35.5484,-9.4868]]],[[[-35.5457,-9.4858],[-35.5457,-9.4858],[-35.5457,-9.4858],[-35.5457,-9.4858],[-35.5457,-9.4858]]],[[[-35.5458,-9.4859],[-35.5458,-9.4859],[-35.5457,-9.4859],[-35.5457,-9.4859],[-35.5458,-9.4859]]],[[[-35.5458,-9.4859],[-35.5458,-9.4859],[-35.5458,-9.4859],[-35.5458,-9.4859],[-35.5458,-9.4859]]],[[[-35.5459,-9.486],[-35.5459,-9.486],[-35.5459,-9.486],[-35.5459,-9.486],[-35.5459,-9.486]]],[[[-35.5459,-9.486],[-35.546,-9.486],[-35.546,-9.4861],[-35.546,-9.4861],[-35.5459,-9.486]]],[[[-35.5444,-9.4864],[-35.5444,-9.4865],[-35.5444,-9.4865],[-35.5444,-9.4865],[-35.5444,-9.4864]]],[[[-35.5485,-9.491],[-35.5486,-9.4911],[-35.5486,-9.4911],[-35.5484,-9.4911],[-35.5485,-9.491]]],[[[-35.5486,-9.4911],[-35.5486,-9.4911],[-35.5487,-9.4911],[-35.5487,-9.4911],[-35.5486,-9.4911]]],[[[-35.5494,-9.4913],[-35.5494,-9.4913],[-35.5495,-9.4913],[-35.5495,-9.4913],[-35.5494,-9.4913]]],[[[-35.5501,-9.4902],[-35.5501,-9.4902],[-35.5501,-9.4902],[-35.5501,-9.4902],[-35.5501,-9.4902]]],[[[-35.5501,-9.4901],[-35.5501,-9.4901],[-35.5502,-9.49],[-35.5502,-9.49],[-35.5501,-9.4901]]],[[[-35.551,-9.4897],[-35.551,-9.4897],[-35.551,-9.4898],[-35.551,-9.4898],[-35.551,-9.4897]]],[[[-35.551,-9.4896],[-35.551,-9.4896],[-35.551,-9.4896],[-35.551,-9.4896],[-35.551,-9.4896]]],[[[-35.5515,-9.4892],[-35.5515,-9.4892],[-35.5515,-9.4891],[-35.5515,-9.4891],[-35.5515,-9.4892]]],[[[-35.5459,-9.4853],[-35.546,-9.4853],[-35.546,-9.4854],[-35.5459,-9.4854],[-35.5459,-9.4853]]],[[[-35.5507,-9.4845],[-35.5508,-9.4846],[-35.5508,-9.4846],[-35.5509,-9.4845],[-35.5507,-9.4845]]],[[[-35.5497,-9.4831],[-35.5495,-9.4833],[-35.5495,-9.4833],[-35.5495,-9.4834],[-35.5497,-9.4831]]],[[[-35.5505,-9.4825],[-35.5505,-9.4825],[-35.5505,-9.4826],[-35.5505,-9.4827],[-35.5505,-9.4825]]],[[[-35.5413,-9.4813],[-35.5413,-9.4813],[-35.5415,-9.4815],[-35.5415,-9.4815],[-35.5413,-9.4813]]],[[[-35.5384,-9.4808],[-35.5384,-9.4811],[-35.5383,-9.4811],[-35.5383,-9.4814],[-35.5384,-9.4808]]],[[[-35.5328,-9.4801],[-35.5328,-9.4802],[-35.5328,-9.4802],[-35.5329,-9.4802],[-35.5328,-9.4801]]],[[[-35.5375,-9.4793],[-35.5375,-9.4794],[-35.5374,-9.4794],[-35.5374,-9.4796],[-35.5375,-9.4793]]],[[[-35.5326,-9.4792],[-35.5326,-9.4793],[-35.5327,-9.4793],[-35.5327,-9.4793],[-35.5326,-9.4792]]],[[[-35.5406,-9.4793],[-35.5405,-9.4794],[-35.5405,-9.4797],[-35.5406,-9.4797],[-35.5406,-9.4793]]],[[[-35.5496,-9.4783],[-35.5496,-9.4783],[-35.5495,-9.4783],[-35.5494,-9.4785],[-35.5496,-9.4783]]],[[[-35.5476,-9.4779],[-35.5475,-9.478],[-35.5475,-9.4782],[-35.5475,-9.4783],[-35.5476,-9.4779]]],[[[-35.5403,-9.4774],[-35.5403,-9.4777],[-35.5403,-9.4777],[-35.5404,-9.4777],[-35.5403,-9.4774]]],[[[-35.5405,-9.4773],[-35.5405,-9.4774],[-35.5405,-9.4774],[-35.5405,-9.4774],[-35.5405,-9.4773]]],[[[-35.5332,-9.4759],[-35.5332,-9.476],[-35.5332,-9.476],[-35.5332,-9.4759],[-35.5332,-9.4759]]],[[[-35.5332,-9.4758],[-35.5332,-9.4759],[-35.5332,-9.4759],[-35.5333,-9.4759],[-35.5332,-9.4758]]],[[[-35.5478,-9.4755],[-35.5479,-9.4756],[-35.5478,-9.4757],[-35.5478,-9.4759],[-35.5478,-9.4755]]],[[[-35.5289,-9.4754],[-35.5289,-9.4755],[-35.5288,-9.4755],[-35.5288,-9.4755],[-35.5289,-9.4754]]],[[[-35.5466,-9.4744],[-35.5466,-9.4745],[-35.5465,-9.4745],[-35.5465,-9.4745],[-35.5466,-9.4744]]],[[[-35.5456,-9.4742],[-35.5456,-9.4742],[-35.5457,-9.4742],[-35.5457,-9.4742],[-35.5456,-9.4742]]],[[[-35.5511,-9.474],[-35.5511,-9.474],[-35.5512,-9.474],[-35.5512,-9.474],[-35.5511,-9.474]]],[[[-35.5295,-9.4733],[-35.5294,-9.4734],[-35.5294,-9.4734],[-35.5294,-9.4735],[-35.5295,-9.4733]]],[[[-35.5295,-9.4732],[-35.5295,-9.4732],[-35.5296,-9.4732],[-35.5296,-9.4732],[-35.5295,-9.4732]]],[[[-35.5383,-9.472],[-35.5383,-9.472],[-35.5383,-9.4721],[-35.5383,-9.4721],[-35.5383,-9.472]]],[[[-35.5408,-9.4707],[-35.5408,-9.4711],[-35.5408,-9.4712],[-35.5408,-9.4712],[-35.5408,-9.4707]]],[[[-35.5332,-9.4759],[-35.5372,-9.4761],[-35.5345,-9.473],[-35.5324,-9.4694],[-35.5308,-9.4734],[-35.5332,-9.4759]]],[[[-35.5338,-9.4755],[-35.5338,-9.4755],[-35.5338,-9.4754],[-35.5339,-9.4754],[-35.5338,-9.4755]]],[[[-35.5325,-9.4751],[-35.5325,-9.475],[-35.5324,-9.475],[-35.5324,-9.4747],[-35.5325,-9.4751]]],[[[-35.5318,-9.4717],[-35.5318,-9.4717],[-35.5318,-9.4716],[-35.5318,-9.4715],[-35.5318,-9.4717]]],[[[-35.545,-9.4688],[-35.545,-9.469],[-35.5451,-9.4691],[-35.5451,-9.4692],[-35.545,-9.4688]]],[[[-35.5433,-9.4673],[-35.5433,-9.4674],[-35.5435,-9.4674],[-35.5435,-9.4673],[-35.5433,-9.4673]]],[[[-35.5394,-9.4665],[-35.5394,-9.4666],[-35.5395,-9.4666],[-35.5395,-9.4667],[-35.5394,-9.4665]]],[[[-35.5348,-9.4666],[-35.5348,-9.4668],[-35.535,-9.467],[-35.5351,-9.467],[-35.5348,-9.4666]]],[[[-35.5402,-9.4658],[-35.5402,-9.4661],[-35.5402,-9.4661],[-35.5401,-9.4661],[-35.5402,-9.4658]]],[[[-35.5276,-9.4651],[-35.5276,-9.4654],[-35.5277,-9.4655],[-35.5277,-9.4656],[-35.5276,-9.4651]]],[[[-35.5232,-9.4644],[-35.5254,-9.4679],[-35.524,-9.4641],[-35.5232,-9.4644]]],[[[-35.528,-9.4633],[-35.528,-9.4635],[-35.5281,-9.4636],[-35.5281,-9.4636],[-35.528,-9.4633]]],[[[-35.532,-9.4624],[-35.5319,-9.4624],[-35.5319,-9.4625],[-35.532,-9.4625],[-35.532,-9.4624]]],[[[-35.529,-9.4619],[-35.5289,-9.4619],[-35.5289,-9.4621],[-35.5289,-9.4622],[-35.529,-9.4619]]],[[[-35.5231,-9.4601],[-35.5231,-9.4601],[-35.523,-9.4601],[-35.523,-9.4601],[-35.5231,-9.4601]]],[[[-35.5257,-9.4592],[-35.5257,-9.4593],[-35.5258,-9.4593],[-35.5258,-9.4592],[-35.5257,-9.4592]]],[[[-35.5257,-9.4591],[-35.5257,-9.4592],[-35.5257,-9.4592],[-35.5257,-9.4592],[-35.5257,-9.4591]]],[[[-35.5256,-9.4589],[-35.5256,-9.459],[-35.5257,-9.459],[-35.5257,-9.4589],[-35.5256,-9.4589]]],[[[-35.5255,-9.4588],[-35.5255,-9.4588],[-35.5256,-9.4588],[-35.5256,-9.4588],[-35.5255,-9.4588]]],[[[-35.5254,-9.4587],[-35.5254,-9.4587],[-35.5255,-9.4587],[-35.5255,-9.4587],[-35.5254,-9.4587]]],[[[-35.5253,-9.4585],[-35.5253,-9.4586],[-35.5253,-9.4586],[-35.5253,-9.4585],[-35.5253,-9.4585]]],[[[-35.5216,-9.4584],[-35.5216,-9.4584],[-35.5214,-9.4584],[-35.5213,-9.4585],[-35.5216,-9.4584]]],[[[-35.5252,-9.4585],[-35.5252,-9.4585],[-35.5253,-9.4585],[-35.5253,-9.4585],[-35.5252,-9.4585]]],[[[-35.532,-9.4624],[-35.5349,-9.4652],[-35.5333,-9.4615],[-35.5308,-9.4584],[-35.5281,-9.4553],[-35.5262,-9.4518],[-35.5254,-9.4557],[-35.5271,-9.4595],[-35.5305,-9.4623],[-35.532,-9.4624]]],[[[-35.5312,-9.4621],[-35.5311,-9.4619],[-35.531,-9.4619],[-35.531,-9.4619],[-35.5312,-9.4621]]],[[[-35.5267,-9.4503],[-35.5267,-9.4503],[-35.5268,-9.4503],[-35.5268,-9.4503],[-35.5267,-9.4503]]],[[[-35.5067,-9.4491],[-35.5067,-9.4492],[-35.5067,-9.4492],[-35.5067,-9.4492],[-35.5067,-9.4491]]],[[[-35.5263,-9.4493],[-35.5263,-9.4494],[-35.5264,-9.4494],[-35.5265,-9.4494],[-35.5263,-9.4493]]],[[[-35.5264,-9.4484],[-35.5264,-9.4485],[-35.5265,-9.4485],[-35.5265,-9.4486],[-35.5264,-9.4484]]],[[[-35.4983,-9.4457],[-35.4984,-9.446],[-35.4985,-9.4461],[-35.4985,-9.4461],[-35.4983,-9.4457]]],[[[-35.497,-9.445],[-35.497,-9.4456],[-35.4971,-9.4456],[-35.4971,-9.4456],[-35.497,-9.445]]],[[[-35.4981,-9.4449],[-35.498,-9.4449],[-35.4979,-9.4449],[-35.4979,-9.445],[-35.4981,-9.4449]]],[[[-35.4987,-9.4448],[-35.4987,-9.4448],[-35.4987,-9.4448],[-35.4988,-9.4449],[-35.4987,-9.4448]]],[[[-35.5069,-9.4421],[-35.5068,-9.4422],[-35.5064,-9.4422],[-35.5063,-9.4423],[-35.5069,-9.4421]]],[[[-35.5062,-9.4438],[-35.5062,-9.4438],[-35.5063,-9.4438],[-35.5064,-9.4439],[-35.5062,-9.4438]]],[[[-35.4933,-9.4401],[-35.4956,-9.4435],[-35.4934,-9.4401],[-35.4933,-9.4401]]],[[[-35.5041,-9.4375],[-35.5033,-9.4375],[-35.5033,-9.4375],[-35.5032,-9.4375],[-35.5041,-9.4375]]],[[[-35.5029,-9.4372],[-35.5029,-9.4372],[-35.5029,-9.4373],[-35.5029,-9.4373],[-35.5029,-9.4372]]],[[[-35.5041,-9.4362],[-35.5041,-9.4363],[-35.5037,-9.4363],[-35.5037,-9.4362],[-35.5041,-9.4362]]],[[[-35.4922,-9.4313],[-35.4922,-9.4314],[-35.4923,-9.4314],[-35.4923,-9.4318],[-35.4922,-9.4313]]],[[[-35.4925,-9.4313],[-35.4925,-9.4313],[-35.4926,-9.4313],[-35.4926,-9.4313],[-35.4925,-9.4313]]],[[[-35.4707,-9.4113],[-35.4706,-9.4113],[-35.4706,-9.4117],[-35.4707,-9.4117],[-35.4707,-9.4113]]],[[[-35.4723,-9.4114],[-35.4724,-9.4115],[-35.4727,-9.4115],[-35.4727,-9.4114],[-35.4723,-9.4114]]],[[[-35.4823,-9.409],[-35.4825,-9.4091],[-35.4825,-9.4091],[-35.4825,-9.4091],[-35.4823,-9.409]]],[[[-35.4786,-9.4082],[-35.4777,-9.4126],[-35.48,-9.4161],[-35.4821,-9.4196],[-35.4843,-9.4229],[-35.4867,-9.4263],[-35.4862,-9.4223],[-35.4844,-9.4187],[-35.482,-9.4154],[-35.4807,-9.4115],[-35.4808,-9.4074],[-35.4786,-9.4082]]],[[[-35.4799,-9.4133],[-35.4794,-9.4133],[-35.4794,-9.4133],[-35.4794,-9.4132],[-35.4799,-9.4133]]],[[[-35.4782,-9.4064],[-35.4782,-9.4064],[-35.4781,-9.4064],[-35.4781,-9.4064],[-35.4782,-9.4064]]],[[[-35.469,-9.4011],[-35.4721,-9.4036],[-35.4692,-9.4003],[-35.469,-9.4011]]],[[[-35.4719,-9.3977],[-35.4718,-9.3978],[-35.4718,-9.3978],[-35.4716,-9.3978],[-35.4719,-9.3977]]],[[[-35.4705,-9.3949],[-35.4705,-9.3949],[-35.4706,-9.3949],[-35.4706,-9.3949],[-35.4705,-9.3949]]],[[[-35.4726,-9.3934],[-35.4758,-9.3959],[-35.4727,-9.393],[-35.4726,-9.3934]]],[[[-35.4678,-9.3923],[-35.4659,-9.3959],[-35.4697,-9.3975],[-35.4699,-9.3935],[-35.4678,-9.3923]]],[[[-35.4673,-9.3947],[-35.4673,-9.3949],[-35.4673,-9.3949],[-35.4672,-9.3949],[-35.4673,-9.3947]]],[[[-35.4685,-9.3869],[-35.4703,-9.3906],[-35.4694,-9.3866],[-35.4685,-9.3869]]],[[[-35.4624,-9.3816],[-35.4624,-9.3819],[-35.4624,-9.382],[-35.4624,-9.3821],[-35.4624,-9.3816]]],[[[-35.4624,-9.3815],[-35.4625,-9.3815],[-35.4627,-9.3815],[-35.4627,-9.3815],[-35.4624,-9.3815]]],[[[-35.4632,-9.3813],[-35.4632,-9.3813],[-35.4634,-9.3813],[-35.4634,-9.3813],[-35.4632,-9.3813]]],[[[-35.4617,-9.3806],[-35.4616,-9.3807],[-35.4616,-9.3807],[-35.4615,-9.3807],[-35.4617,-9.3806]]],[[[-35.4593,-9.3795],[-35.4593,-9.38],[-35.4594,-9.38],[-35.4596,-9.38],[-35.4593,-9.3795]]],[[[-35.467,-9.3792],[-35.4669,-9.3793],[-35.4668,-9.3793],[-35.4668,-9.3794],[-35.467,-9.3792]]],[[[-35.4576,-9.3796],[-35.4576,-9.3796],[-35.4577,-9.3796],[-35.4577,-9.3797],[-35.4576,-9.3796]]],[[[-35.4578,-9.379],[-35.4578,-9.379],[-35.4578,-9.379],[-35.4578,-9.379],[-35.4578,-9.379]]],[[[-35.4605,-9.3791],[-35.4605,-9.3792],[-35.4607,-9.3792],[-35.4608,-9.3791],[-35.4605,-9.3791]]],[[[-35.4653,-9.3785],[-35.4654,-9.3785],[-35.4654,-9.3785],[-35.4654,-9.3785],[-35.4653,-9.3785]]],[[[-35.4642,-9.3787],[-35.4642,-9.3787],[-35.4645,-9.3787],[-35.4646,-9.3787],[-35.4642,-9.3787]]],[[[-35.4627,-9.3784],[-35.4628,-9.3785],[-35.463,-9.3785],[-35.463,-9.3784],[-35.4627,-9.3784]]],[[[-35.4593,-9.3777],[-35.4593,-9.3777],[-35.4594,-9.3777],[-35.4594,-9.3777],[-35.4593,-9.3777]]],[[[-35.4584,-9.3768],[-35.4584,-9.3768],[-35.4585,-9.3768],[-35.4585,-9.3768],[-35.4584,-9.3768]]],[[[-35.4623,-9.377],[-35.4623,-9.377],[-35.4624,-9.377],[-35.4624,-9.377],[-35.4623,-9.377]]],[[[-35.4578,-9.3773],[-35.4578,-9.3773],[-35.4579,-9.3773],[-35.4579,-9.3774],[-35.4578,-9.3773]]],[[[-35.4636,-9.3755],[-35.4636,-9.3756],[-35.4637,-9.3756],[-35.4637,-9.3755],[-35.4636,-9.3755]]],[[[-35.4619,-9.3755],[-35.4619,-9.3755],[-35.462,-9.3755],[-35.462,-9.3755],[-35.4619,-9.3755]]],[[[-35.465,-9.3756],[-35.465,-9.3756],[-35.4654,-9.3756],[-35.4655,-9.3756],[-35.465,-9.3756]]],[[[-35.4603,-9.3756],[-35.4603,-9.3756],[-35.4605,-9.3756],[-35.4605,-9.3756],[-35.4603,-9.3756]]],[[[-35.4505,-9.3746],[-35.4505,-9.3746],[-35.4506,-9.3747],[-35.4506,-9.3749],[-35.4505,-9.3746]]],[[[-35.4577,-9.3748],[-35.4577,-9.3748],[-35.4578,-9.3748],[-35.4579,-9.3746],[-35.4577,-9.3748]]],[[[-35.4634,-9.375],[-35.4635,-9.375],[-35.4635,-9.375],[-35.4635,-9.375],[-35.4634,-9.375]]],[[[-35.4574,-9.3735],[-35.4574,-9.3736],[-35.4575,-9.3736],[-35.4575,-9.3736],[-35.4574,-9.3735]]],[[[-35.4567,-9.3728],[-35.4567,-9.3729],[-35.4568,-9.3729],[-35.4568,-9.3729],[-35.4567,-9.3728]]],[[[-35.4625,-9.3732],[-35.4625,-9.3733],[-35.4627,-9.3733],[-35.4627,-9.3732],[-35.4625,-9.3732]]],[[[-35.4613,-9.3728],[-35.4613,-9.3731],[-35.4614,-9.3731],[-35.4615,-9.3731],[-35.4613,-9.3728]]],[[[-35.4618,-9.3725],[-35.4619,-9.3725],[-35.4619,-9.3725],[-35.4621,-9.3724],[-35.4618,-9.3725]]],[[[-35.4623,-9.3722],[-35.4624,-9.3722],[-35.4624,-9.3722],[-35.4624,-9.3721],[-35.4623,-9.3722]]],[[[-35.456,-9.3719],[-35.456,-9.3722],[-35.456,-9.3723],[-35.4561,-9.3723],[-35.456,-9.3719]]],[[[-35.4553,-9.3732],[-35.4554,-9.3734],[-35.4555,-9.3734],[-35.4555,-9.3733],[-35.4553,-9.3732]]],[[[-35.4638,-9.3709],[-35.4638,-9.3711],[-35.4638,-9.3711],[-35.4639,-9.3711],[-35.4638,-9.3709]]],[[[-35.4558,-9.3705],[-35.4558,-9.3706],[-35.4557,-9.3706],[-35.4552,-9.3706],[-35.4558,-9.3705]]],[[[-35.462,-9.3703],[-35.4621,-9.3713],[-35.462,-9.3714],[-35.4619,-9.3714],[-35.462,-9.3703]]],[[[-35.4555,-9.3684],[-35.4555,-9.3685],[-35.4554,-9.3685],[-35.4554,-9.3687],[-35.4555,-9.3684]]],[[[-35.4574,-9.3665],[-35.4573,-9.3666],[-35.4572,-9.3666],[-35.4572,-9.3666],[-35.4574,-9.3665]]],[[[-35.4526,-9.3666],[-35.4527,-9.3666],[-35.4527,-9.3667],[-35.4527,-9.3668],[-35.4526,-9.3666]]],[[[-35.463,-9.3665],[-35.463,-9.3665],[-35.4629,-9.3665],[-35.4629,-9.3666],[-35.463,-9.3665]]],[[[-35.4649,-9.3664],[-35.4649,-9.3671],[-35.465,-9.3671],[-35.465,-9.3671],[-35.4649,-9.3664]]],[[[-35.457,-9.3656],[-35.457,-9.366],[-35.4569,-9.366],[-35.4569,-9.366],[-35.457,-9.3656]]],[[[-35.4544,-9.3641],[-35.4544,-9.3641],[-35.4545,-9.3641],[-35.4545,-9.3642],[-35.4544,-9.3641]]],[[[-35.4529,-9.3637],[-35.4529,-9.3642],[-35.4528,-9.3643],[-35.4528,-9.3648],[-35.4529,-9.3637]]],[[[-35.4537,-9.364],[-35.4537,-9.3647],[-35.4537,-9.3647],[-35.4535,-9.3647],[-35.4537,-9.364]]],[[[-35.452,-9.3637],[-35.452,-9.3635],[-35.452,-9.3635],[-35.452,-9.3635],[-35.452,-9.3637]]],[[[-35.452,-9.3637],[-35.4519,-9.3638],[-35.4517,-9.3638],[-35.4517,-9.3639],[-35.452,-9.3637]]],[[[-35.456,-9.3613],[-35.4559,-9.3614],[-35.4559,-9.3615],[-35.4558,-9.3615],[-35.456,-9.3613]]],[[[-35.4563,-9.3613],[-35.4563,-9.3614],[-35.4563,-9.3614],[-35.4563,-9.3613],[-35.4563,-9.3613]]],[[[-35.459,-9.3612],[-35.459,-9.3616],[-35.4589,-9.3616],[-35.459,-9.3617],[-35.459,-9.3612]]],[[[-35.4533,-9.3585],[-35.4533,-9.3588],[-35.4533,-9.3588],[-35.4532,-9.3588],[-35.4533,-9.3585]]],[[[-35.454,-9.358],[-35.454,-9.3583],[-35.454,-9.3584],[-35.4541,-9.3584],[-35.454,-9.358]]],[[[-35.4486,-9.357],[-35.4486,-9.357],[-35.4485,-9.357],[-35.4485,-9.3571],[-35.4486,-9.357]]],[[[-35.4474,-9.3569],[-35.4474,-9.357],[-35.4473,-9.357],[-35.4473,-9.357],[-35.4474,-9.3569]]],[[[-35.4495,-9.3568],[-35.4495,-9.3569],[-35.4496,-9.357],[-35.4496,-9.3571],[-35.4495,-9.3568]]],[[[-35.4652,-9.3539],[-35.4651,-9.3539],[-35.4651,-9.3541],[-35.4652,-9.3542],[-35.4652,-9.3539]]],[[[-35.4419,-9.3533],[-35.4418,-9.3533],[-35.4418,-9.3534],[-35.4418,-9.3534],[-35.4419,-9.3533]]],[[[-35.442,-9.3523],[-35.442,-9.3524],[-35.4419,-9.3524],[-35.4419,-9.3524],[-35.442,-9.3523]]],[[[-35.4642,-9.3516],[-35.4642,-9.3517],[-35.4643,-9.3517],[-35.4643,-9.3516],[-35.4642,-9.3516]]],[[[-35.4448,-9.3519],[-35.4447,-9.352],[-35.4446,-9.352],[-35.4445,-9.3521],[-35.4448,-9.3519]]],[[[-35.4493,-9.3512],[-35.4493,-9.3513],[-35.4493,-9.3514],[-35.4494,-9.3513],[-35.4493,-9.3512]]],[[[-35.4424,-9.3503],[-35.4424,-9.3504],[-35.4425,-9.3504],[-35.4425,-9.3504],[-35.4424,-9.3503]]],[[[-35.4375,-9.3345],[-35.4353,-9.3381],[-35.4326,-9.3411],[-35.4355,-9.3439],[-35.437,-9.3476],[-35.4392,-9.351],[-35.4406,-9.3472],[-35.4439,-9.3449],[-35.4442,-9.3489],[-35.448,-9.3477],[-35.4481,-9.3437],[-35.4449,-9.341],[-35.4409,-9.3399],[-35.4389,-9.3364],[-35.4375,-9.3345]]],[[[-35.4401,-9.3414],[-35.4401,-9.3415],[-35.4401,-9.3415],[-35.44,-9.3416],[-35.4401,-9.3414]]],[[[-35.4474,-9.3447],[-35.4474,-9.3449],[-35.4473,-9.3449],[-35.4472,-9.345],[-35.4474,-9.3447]]],[[[-35.4456,-9.3458],[-35.4456,-9.3459],[-35.4457,-9.346],[-35.4457,-9.3459],[-35.4456,-9.3458]]],[[[-35.4375,-9.3427],[-35.4375,-9.3428],[-35.4375,-9.3428],[-35.4376,-9.3428],[-35.4375,-9.3427]]],[[[-35.4379,-9.3431],[-35.438,-9.3431],[-35.438,-9.3431],[-35.438,-9.3432],[-35.4379,-9.3431]]],[[[-35.4384,-9.3448],[-35.4384,-9.3448],[-35.4385,-9.3448],[-35.4385,-9.3449],[-35.4384,-9.3448]]],[[[-35.439,-9.3487],[-35.439,-9.3487],[-35.4391,-9.3487],[-35.4391,-9.3487],[-35.439,-9.3487]]],[[[-35.4383,-9.3489],[-35.4383,-9.3493],[-35.4384,-9.3494],[-35.4384,-9.3494],[-35.4383,-9.3489]]],[[[-35.3969,-9.3138],[-35.3969,-9.3139],[-35.397,-9.314],[-35.397,-9.3142],[-35.3969,-9.3138]]],[[[-35.3938,-9.3102],[-35.3917,-9.3136],[-35.3939,-9.317],[-35.3965,-9.3139],[-35.3945,-9.3104],[-35.3938,-9.3102]]],[[[-35.3874,-9.3086],[-35.3892,-9.3123],[-35.3914,-9.3156],[-35.3908,-9.3117],[-35.3879,-9.3087],[-35.3874,-9.3086]]],[[[-35.3893,-9.3108],[-35.3893,-9.3108],[-35.3894,-9.3108],[-35.3894,-9.3108],[-35.3893,-9.3108]]],[[[-35.3905,-9.3128],[-35.3904,-9.3128],[-35.3904,-9.3128],[-35.3904,-9.3127],[-35.3905,-9.3128]]],[[[-35.3954,-9.3069],[-35.3954,-9.307],[-35.3953,-9.307],[-35.3951,-9.3071],[-35.3954,-9.3069]]],[[[-35.3955,-9.307],[-35.3954,-9.307],[-35.3954,-9.307],[-35.3954,-9.307],[-35.3955,-9.307]]],[[[-35.3844,-9.306],[-35.3845,-9.306],[-35.3845,-9.3061],[-35.3847,-9.3063],[-35.3844,-9.306]]],[[[-35.3885,-9.3008],[-35.3885,-9.3008],[-35.3885,-9.3008],[-35.3884,-9.3008],[-35.3885,-9.3008]]],[[[-35.3928,-9.3003],[-35.3944,-9.3044],[-35.394,-9.2997],[-35.3928,-9.3003]]],[[[-35.394,-9.3011],[-35.394,-9.3011],[-35.3941,-9.3011],[-35.3941,-9.3011],[-35.394,-9.3011]]],[[[-35.3938,-9.3019],[-35.3939,-9.3019],[-35.3939,-9.3019],[-35.3939,-9.3019],[-35.3938,-9.3019]]],[[[-35.3931,-9.3024],[-35.3932,-9.3025],[-35.3934,-9.3025],[-35.3934,-9.3025],[-35.3931,-9.3024]]],[[[-35.39,-9.2983],[-35.3899,-9.2983],[-35.3898,-9.2983],[-35.3898,-9.2984],[-35.39,-9.2983]]],[[[-35.3785,-9.2936],[-35.3785,-9.2936],[-35.3785,-9.2937],[-35.3784,-9.2938],[-35.3785,-9.2936]]],[[[-35.3873,-9.2911],[-35.3901,-9.294],[-35.3874,-9.291],[-35.3873,-9.2911]]],[[[-35.3685,-9.2905],[-35.3685,-9.2907],[-35.3686,-9.2907],[-35.3686,-9.2909],[-35.3685,-9.2905]]],[[[-35.3859,-9.2899],[-35.3858,-9.2901],[-35.3858,-9.2901],[-35.3857,-9.2901],[-35.3859,-9.2899]]],[[[-35.3677,-9.2851],[-35.3677,-9.2852],[-35.3677,-9.2852],[-35.3677,-9.2851],[-35.3677,-9.2851]]],[[[-35.3654,-9.2801],[-35.367,-9.2838],[-35.3694,-9.2871],[-35.3717,-9.2838],[-35.3693,-9.2806],[-35.3654,-9.2801]]],[[[-35.3676,-9.2821],[-35.3676,-9.2822],[-35.3677,-9.2822],[-35.3678,-9.2822],[-35.3676,-9.2821]]],[[[-35.3695,-9.2828],[-35.3694,-9.2827],[-35.3693,-9.2827],[-35.3693,-9.2827],[-35.3695,-9.2828]]],[[[-35.3695,-9.2832],[-35.3696,-9.2833],[-35.3696,-9.2835],[-35.3696,-9.2835],[-35.3695,-9.2832]]],[[[-35.3682,-9.2836],[-35.3683,-9.2838],[-35.3683,-9.2838],[-35.3684,-9.2839],[-35.3682,-9.2836]]],[[[-35.3572,-9.2727],[-35.356,-9.2765],[-35.3592,-9.279],[-35.3608,-9.2753],[-35.3575,-9.2727],[-35.3572,-9.2727]]],[[[-35.3565,-9.2764],[-35.3565,-9.2764],[-35.3565,-9.2764],[-35.3567,-9.2765],[-35.3565,-9.2764]]],[[[-35.3595,-9.2766],[-35.3597,-9.2764],[-35.3599,-9.2764],[-35.3599,-9.2764],[-35.3595,-9.2766]]],[[[-35.36,-9.2769],[-35.36,-9.2769],[-35.36,-9.277],[-35.3601,-9.277],[-35.36,-9.2769]]],[[[-35.3451,-9.2567],[-35.3447,-9.261],[-35.3473,-9.264],[-35.35,-9.267],[-35.3525,-9.2702],[-35.353,-9.2662],[-35.3497,-9.2638],[-35.3482,-9.26],[-35.3458,-9.2567],[-35.3451,-9.2567]]],[[[-35.3436,-9.2581],[-35.3436,-9.2581],[-35.3436,-9.2582],[-35.3436,-9.2582],[-35.3436,-9.2581]]],[[[-35.3441,-9.2585],[-35.3442,-9.2585],[-35.3443,-9.2585],[-35.3443,-9.2585],[-35.3441,-9.2585]]],[[[-35.3438,-9.2585],[-35.3437,-9.2583],[-35.3438,-9.2583],[-35.3439,-9.2584],[-35.3438,-9.2585]]],[[[-35.3437,-9.2583],[-35.3437,-9.2583],[-35.3437,-9.2583],[-35.3437,-9.2583],[-35.3437,-9.2583]]],[[[-35.3474,-9.2609],[-35.3475,-9.2608],[-35.3477,-9.2608],[-35.3477,-9.2608],[-35.3474,-9.2609]]],[[[-35.3456,-9.2596],[-35.3458,-9.2596],[-35.3459,-9.2596],[-35.3459,-9.2596],[-35.3456,-9.2596]]],[[[-35.3451,-9.2593],[-35.3451,-9.2596],[-35.345,-9.2596],[-35.345,-9.2593],[-35.3451,-9.2593]]],[[[-35.345,-9.2593],[-35.3449,-9.2593],[-35.3448,-9.2593],[-35.3445,-9.2593],[-35.345,-9.2593]]],[[[-35.345,-9.26],[-35.345,-9.2601],[-35.3449,-9.2601],[-35.3449,-9.26],[-35.345,-9.26]]],[[[-35.345,-9.2602],[-35.3451,-9.2602],[-35.3451,-9.2602],[-35.3452,-9.2603],[-35.345,-9.2602]]],[[[-35.345,-9.2602],[-35.345,-9.2602],[-35.345,-9.2601],[-35.345,-9.2601],[-35.345,-9.2602]]],[[[-35.3457,-9.261],[-35.3457,-9.2611],[-35.3457,-9.2611],[-35.3457,-9.261],[-35.3457,-9.261]]],[[[-35.3457,-9.261],[-35.3456,-9.261],[-35.3456,-9.2609],[-35.3455,-9.2609],[-35.3457,-9.261]]],[[[-35.3464,-9.2614],[-35.3465,-9.2614],[-35.3465,-9.2614],[-35.3465,-9.2615],[-35.3464,-9.2614]]],[[[-35.3463,-9.2614],[-35.3463,-9.2614],[-35.3462,-9.2613],[-35.346,-9.2613],[-35.3463,-9.2614]]],[[[-35.3469,-9.2622],[-35.3469,-9.2622],[-35.347,-9.2622],[-35.3471,-9.2623],[-35.3469,-9.2622]]],[[[-35.3523,-9.2667],[-35.3522,-9.2667],[-35.3522,-9.2667],[-35.3522,-9.2666],[-35.3523,-9.2667]]],[[[-35.3517,-9.2668],[-35.3518,-9.2667],[-35.352,-9.2667],[-35.352,-9.2667],[-35.3517,-9.2668]]],[[[-35.3517,-9.2669],[-35.3517,-9.2669],[-35.3517,-9.267],[-35.3515,-9.2671],[-35.3517,-9.2669]]],[[[-35.3515,-9.2672],[-35.3515,-9.2672],[-35.3515,-9.2672],[-35.3514,-9.2672],[-35.3515,-9.2672]]],[[[-35.3514,-9.2673],[-35.3514,-9.2673],[-35.3513,-9.2673],[-35.3512,-9.2674],[-35.3514,-9.2673]]],[[[-35.3523,-9.2675],[-35.3523,-9.2676],[-35.3523,-9.2676],[-35.3523,-9.2677],[-35.3523,-9.2675]]],[[[-35.349,-9.2537],[-35.349,-9.2538],[-35.349,-9.2538],[-35.349,-9.2539],[-35.349,-9.2537]]],[[[-35.3445,-9.2516],[-35.3445,-9.2517],[-35.3444,-9.2516],[-35.3444,-9.2516],[-35.3445,-9.2516]]],[[[-35.3348,-9.2448],[-35.3348,-9.2448],[-35.3348,-9.2448],[-35.3348,-9.2448],[-35.3348,-9.2448]]],[[[-35.3342,-9.2433],[-35.3329,-9.2471],[-35.3354,-9.2504],[-35.3382,-9.2535],[-35.343,-9.254],[-35.3407,-9.2507],[-35.3375,-9.2481],[-35.3356,-9.2446],[-35.3342,-9.2433]]],[[[-35.3343,-9.2439],[-35.3342,-9.2439],[-35.3342,-9.2438],[-35.3343,-9.2438],[-35.3343,-9.2439]]],[[[-35.3345,-9.2441],[-35.3345,-9.2442],[-35.3346,-9.2442],[-35.3346,-9.2443],[-35.3345,-9.2441]]],[[[-35.3346,-9.2445],[-35.3346,-9.2445],[-35.3346,-9.2443],[-35.3346,-9.2443],[-35.3346,-9.2445]]],[[[-35.3351,-9.245],[-35.3352,-9.245],[-35.3352,-9.245],[-35.3351,-9.245],[-35.3351,-9.245]]],[[[-35.3348,-9.2448],[-35.3348,-9.2449],[-35.3348,-9.2449],[-35.3349,-9.2449],[-35.3348,-9.2448]]],[[[-35.3342,-9.2446],[-35.3343,-9.2446],[-35.3343,-9.2447],[-35.3343,-9.2447],[-35.3342,-9.2446]]],[[[-35.3341,-9.2445],[-35.3341,-9.2446],[-35.3339,-9.2446],[-35.3339,-9.2445],[-35.3341,-9.2445]]],[[[-35.3339,-9.245],[-35.3339,-9.2452],[-35.3339,-9.2452],[-35.3339,-9.2453],[-35.3339,-9.245]]],[[[-35.334,-9.2453],[-35.3339,-9.2453],[-35.3339,-9.2453],[-35.334,-9.2453],[-35.334,-9.2453]]],[[[-35.3354,-9.2459],[-35.3354,-9.246],[-35.3355,-9.2461],[-35.3356,-9.2461],[-35.3354,-9.2459]]],[[[-35.3343,-9.2462],[-35.3343,-9.2463],[-35.3342,-9.2463],[-35.3342,-9.2462],[-35.3343,-9.2462]]],[[[-35.3342,-9.2462],[-35.3342,-9.2462],[-35.3341,-9.2461],[-35.334,-9.2461],[-35.3342,-9.2462]]],[[[-35.3348,-9.2468],[-35.3348,-9.2468],[-35.3348,-9.2467],[-35.3348,-9.2467],[-35.3348,-9.2468]]],[[[-35.3343,-9.2468],[-35.3343,-9.2468],[-35.3342,-9.2467],[-35.3342,-9.2466],[-35.3343,-9.2468]]],[[[-35.3342,-9.2472],[-35.3342,-9.2473],[-35.3342,-9.2473],[-35.3342,-9.2472],[-35.3342,-9.2472]]],[[[-35.3342,-9.2472],[-35.3341,-9.2472],[-35.3341,-9.2471],[-35.3341,-9.2471],[-35.3342,-9.2472]]],[[[-35.3374,-9.2488],[-35.3374,-9.2488],[-35.3374,-9.2488],[-35.3375,-9.2489],[-35.3374,-9.2488]]],[[[-35.3369,-9.2479],[-35.3369,-9.2482],[-35.3368,-9.2483],[-35.3364,-9.2483],[-35.3369,-9.2479]]],[[[-35.3348,-9.248],[-35.3348,-9.2485],[-35.3348,-9.2484],[-35.3348,-9.248],[-35.3348,-9.248]]],[[[-35.3355,-9.2491],[-35.3355,-9.2491],[-35.3355,-9.249],[-35.3355,-9.249],[-35.3355,-9.2491]]],[[[-35.3357,-9.2493],[-35.3356,-9.2493],[-35.3356,-9.2492],[-35.3357,-9.2492],[-35.3357,-9.2493]]],[[[-35.3358,-9.2496],[-35.3358,-9.2496],[-35.3358,-9.2495],[-35.3358,-9.2495],[-35.3358,-9.2496]]],[[[-35.3359,-9.2497],[-35.3359,-9.2497],[-35.3359,-9.2496],[-35.3359,-9.2496],[-35.3359,-9.2497]]],[[[-35.34,-9.2513],[-35.34,-9.2513],[-35.34,-9.2513],[-35.34,-9.2513],[-35.34,-9.2513]]],[[[-35.3385,-9.2504],[-35.3385,-9.2504],[-35.3385,-9.2504],[-35.3386,-9.2504],[-35.3385,-9.2504]]],[[[-35.3364,-9.2503],[-35.3364,-9.2503],[-35.3365,-9.2503],[-35.3365,-9.2504],[-35.3364,-9.2503]]],[[[-35.3369,-9.2509],[-35.3369,-9.251],[-35.337,-9.251],[-35.337,-9.251],[-35.3369,-9.2509]]],[[[-35.337,-9.2511],[-35.337,-9.2511],[-35.337,-9.2511],[-35.337,-9.2511],[-35.337,-9.2511]]],[[[-35.3376,-9.2517],[-35.3376,-9.2517],[-35.3377,-9.2517],[-35.3377,-9.2517],[-35.3376,-9.2517]]],[[[-35.3376,-9.2516],[-35.3376,-9.2517],[-35.3375,-9.2517],[-35.3375,-9.2516],[-35.3376,-9.2516]]],[[[-35.3375,-9.2516],[-35.3375,-9.2516],[-35.3375,-9.2516],[-35.3375,-9.2516],[-35.3375,-9.2516]]],[[[-35.3386,-9.2529],[-35.3386,-9.2529],[-35.3386,-9.2528],[-35.3386,-9.2528],[-35.3386,-9.2529]]],[[[-35.342,-9.2535],[-35.342,-9.2535],[-35.3421,-9.2536],[-35.3422,-9.2536],[-35.342,-9.2535]]],[[[-35.3419,-9.2535],[-35.3419,-9.2535],[-35.342,-9.2535],[-35.342,-9.2535],[-35.3419,-9.2535]]],[[[-35.3415,-9.2535],[-35.3415,-9.2535],[-35.3415,-9.2534],[-35.3417,-9.2534],[-35.3415,-9.2535]]],[[[-35.3393,-9.2534],[-35.3394,-9.2534],[-35.3399,-9.2534],[-35.3399,-9.2535],[-35.3393,-9.2534]]],[[[-35.3392,-9.2534],[-35.3391,-9.2534],[-35.339,-9.2533],[-35.339,-9.2533],[-35.3392,-9.2534]]],[[[-35.3408,-9.2538],[-35.3408,-9.2539],[-35.3409,-9.2539],[-35.3409,-9.2539],[-35.3408,-9.2538]]],[[[-35.3391,-9.2428],[-35.3391,-9.2428],[-35.3392,-9.2428],[-35.3392,-9.2428],[-35.3391,-9.2428]]],[[[-35.3377,-9.2399],[-35.3377,-9.24],[-35.3376,-9.24],[-35.3376,-9.24],[-35.3377,-9.2399]]],[[[-35.3229,-9.2301],[-35.3224,-9.2341],[-35.3248,-9.2373],[-35.3288,-9.2385],[-35.3322,-9.2409],[-35.3336,-9.2367],[-35.3296,-9.2352],[-35.3274,-9.2318],[-35.3237,-9.2301],[-35.3229,-9.2301]]],[[[-35.3263,-9.2351],[-35.3264,-9.2351],[-35.3264,-9.2351],[-35.3264,-9.2352],[-35.3263,-9.2351]]],[[[-35.3254,-9.2136],[-35.3254,-9.2137],[-35.3254,-9.2137],[-35.3254,-9.2138],[-35.3254,-9.2136]]],[[[-35.3158,-9.2095],[-35.3158,-9.2096],[-35.3159,-9.2096],[-35.3159,-9.2095],[-35.3158,-9.2095]]],[[[-35.3124,-9.207],[-35.3124,-9.207],[-35.3123,-9.207],[-35.3123,-9.2071],[-35.3124,-9.207]]],[[[-35.3127,-9.2093],[-35.3125,-9.2093],[-35.3124,-9.2093],[-35.3124,-9.2092],[-35.3127,-9.2093]]],[[[-35.3043,-9.206],[-35.3042,-9.206],[-35.3042,-9.2065],[-35.3043,-9.2066],[-35.3043,-9.206]]],[[[-35.3182,-9.2059],[-35.3181,-9.206],[-35.3181,-9.2061],[-35.3181,-9.2062],[-35.3182,-9.2059]]],[[[-35.3176,-9.2032],[-35.3175,-9.2032],[-35.3173,-9.2032],[-35.3173,-9.2033],[-35.3176,-9.2032]]],[[[-35.3085,-9.199],[-35.3085,-9.1991],[-35.3087,-9.1991],[-35.3087,-9.199],[-35.3085,-9.199]]],[[[-35.301,-9.192],[-35.301,-9.1921],[-35.301,-9.1922],[-35.3011,-9.1922],[-35.301,-9.192]]],[[[-35.3017,-9.1888],[-35.3016,-9.1888],[-35.3015,-9.1888],[-35.3015,-9.1889],[-35.3017,-9.1888]]],[[[-35.2911,-9.1885],[-35.291,-9.1885],[-35.291,-9.1886],[-35.2911,-9.1886],[-35.2911,-9.1885]]],[[[-35.29,-9.186],[-35.29,-9.1861],[-35.29,-9.1861],[-35.29,-9.1861],[-35.29,-9.186]]],[[[-35.29,-9.1857],[-35.29,-9.1857],[-35.29,-9.1857],[-35.29,-9.1857],[-35.29,-9.1857]]],[[[-35.2879,-9.1851],[-35.2878,-9.1852],[-35.2878,-9.1852],[-35.2878,-9.1852],[-35.2879,-9.1851]]],[[[-35.2803,-9.1635],[-35.2803,-9.1635],[-35.2804,-9.1635],[-35.2804,-9.1635],[-35.2803,-9.1635]]],[[[-35.2764,-9.1541],[-35.2765,-9.1542],[-35.2765,-9.1544],[-35.2766,-9.1545],[-35.2764,-9.1541]]],[[[-35.2718,-9.153],[-35.2718,-9.1531],[-35.2718,-9.1531],[-35.2717,-9.1532],[-35.2718,-9.153]]],[[[-35.277,-9.1377],[-35.277,-9.1383],[-35.2769,-9.1384],[-35.2769,-9.1385],[-35.277,-9.1377]]],[[[-35.2768,-9.1376],[-35.2768,-9.1376],[-35.2769,-9.1376],[-35.2769,-9.1376],[-35.2768,-9.1376]]],[[[-35.2826,-9.1357],[-35.2826,-9.1358],[-35.2825,-9.1358],[-35.2825,-9.1362],[-35.2826,-9.1357]]],[[[-35.2609,-9.1188],[-35.2609,-9.1189],[-35.2608,-9.1189],[-35.2607,-9.119],[-35.2609,-9.1188]]],[[[-35.242,-9.1181],[-35.242,-9.1182],[-35.242,-9.1182],[-35.242,-9.1184],[-35.242,-9.1181]]],[[[-35.2627,-9.1168],[-35.2626,-9.1169],[-35.2624,-9.1169],[-35.2624,-9.1169],[-35.2627,-9.1168]]],[[[-35.2401,-9.1167],[-35.2401,-9.1167],[-35.2402,-9.1167],[-35.2402,-9.1167],[-35.2401,-9.1167]]],[[[-35.2408,-9.1159],[-35.2408,-9.1162],[-35.2408,-9.1162],[-35.2408,-9.1163],[-35.2408,-9.1159]]],[[[-35.2535,-9.11],[-35.2551,-9.1138],[-35.2537,-9.1101],[-35.2535,-9.11]]],[[[-35.254,-9.1109],[-35.254,-9.1109],[-35.254,-9.1109],[-35.254,-9.1109],[-35.254,-9.1109]]],[[[-35.2539,-9.111],[-35.2539,-9.111],[-35.2539,-9.111],[-35.2539,-9.111],[-35.2539,-9.111]]],[[[-35.2538,-9.1111],[-35.2538,-9.1111],[-35.2537,-9.1111],[-35.2537,-9.1111],[-35.2538,-9.1111]]],[[[-35.2378,-9.1099],[-35.2377,-9.11],[-35.2376,-9.11],[-35.2375,-9.1101],[-35.2378,-9.1099]]],[[[-35.2367,-9.1091],[-35.2366,-9.1091],[-35.2366,-9.1091],[-35.2366,-9.1092],[-35.2367,-9.1091]]],[[[-35.2369,-9.1083],[-35.2369,-9.1084],[-35.2369,-9.1084],[-35.2369,-9.1083],[-35.2369,-9.1083]]],[[[-35.2504,-9.108],[-35.2504,-9.1082],[-35.2503,-9.1082],[-35.2503,-9.1083],[-35.2504,-9.108]]],[[[-35.2509,-9.1081],[-35.2509,-9.1081],[-35.2509,-9.108],[-35.2509,-9.108],[-35.2509,-9.1081]]],[[[-35.2508,-9.1082],[-35.2507,-9.1082],[-35.2507,-9.1081],[-35.2508,-9.1081],[-35.2508,-9.1082]]],[[[-35.2578,-9.1048],[-35.2539,-9.107],[-35.258,-9.1071],[-35.2578,-9.1048]]],[[[-35.2564,-9.104],[-35.2564,-9.104],[-35.2565,-9.104],[-35.2565,-9.104],[-35.2564,-9.104]]],[[[-35.251,-9.1021],[-35.2511,-9.1021],[-35.2512,-9.1021],[-35.2512,-9.1021],[-35.251,-9.1021]]],[[[-35.2448,-9.0945],[-35.2408,-9.0952],[-35.245,-9.0948],[-35.2448,-9.0945]]],[[[-35.2437,-9.0918],[-35.2437,-9.0918],[-35.2437,-9.0918],[-35.2437,-9.0918],[-35.2437,-9.0918]]],[[[-35.2357,-9.0897],[-35.2372,-9.0935],[-35.2358,-9.0897],[-35.2357,-9.0897]]],[[[-35.2441,-9.0839],[-35.2441,-9.0839],[-35.244,-9.0838],[-35.2439,-9.0838],[-35.2441,-9.0839]]],[[[-35.2446,-9.0841],[-35.2446,-9.0841],[-35.2446,-9.0841],[-35.2446,-9.0841],[-35.2446,-9.0841]]],[[[-35.2389,-9.0824],[-35.2385,-9.0824],[-35.2384,-9.0823],[-35.2382,-9.0823],[-35.2389,-9.0824]]],[[[-35.2316,-9.0806],[-35.2331,-9.0845],[-35.2347,-9.0884],[-35.2375,-9.0915],[-35.2367,-9.0875],[-35.2342,-9.0844],[-35.2321,-9.081],[-35.2316,-9.0806]]],[[[-35.2316,-9.0817],[-35.2316,-9.0817],[-35.2316,-9.0816],[-35.2316,-9.0816],[-35.2316,-9.0817]]],[[[-35.2348,-9.0842],[-35.2349,-9.0842],[-35.2349,-9.0845],[-35.2348,-9.0846],[-35.2348,-9.0842]]],[[[-35.2345,-9.0851],[-35.2346,-9.0851],[-35.2348,-9.0851],[-35.2348,-9.0852],[-35.2345,-9.0851]]],[[[-35.2418,-9.0785],[-35.2418,-9.079],[-35.2418,-9.079],[-35.2418,-9.0792],[-35.2418,-9.0785]]],[[[-35.2421,-9.0785],[-35.2421,-9.0785],[-35.2421,-9.0785],[-35.2421,-9.0785],[-35.2421,-9.0785]]],[[[-35.2289,-9.0779],[-35.2289,-9.0782],[-35.229,-9.0782],[-35.229,-9.0783],[-35.2289,-9.0779]]],[[[-35.2289,-9.0778],[-35.2289,-9.0778],[-35.2289,-9.0778],[-35.2289,-9.0778],[-35.2289,-9.0778]]],[[[-35.2404,-9.0742],[-35.2423,-9.0777],[-35.2411,-9.0738],[-35.2404,-9.0742]]],[[[-35.2306,-9.0731],[-35.2306,-9.0731],[-35.2307,-9.0731],[-35.2307,-9.0732],[-35.2306,-9.0731]]],[[[-35.2295,-9.0724],[-35.2295,-9.0725],[-35.2294,-9.0725],[-35.2294,-9.0726],[-35.2295,-9.0724]]],[[[-35.2246,-9.0707],[-35.2246,-9.0707],[-35.2247,-9.0707],[-35.2247,-9.0707],[-35.2246,-9.0707]]],[[[-35.2278,-9.071],[-35.2279,-9.0711],[-35.2285,-9.0711],[-35.2285,-9.0711],[-35.2278,-9.071]]],[[[-35.2283,-9.0683],[-35.2283,-9.0684],[-35.2284,-9.0684],[-35.2284,-9.0683],[-35.2283,-9.0683]]],[[[-35.2226,-9.0666],[-35.2226,-9.0667],[-35.2226,-9.0667],[-35.2226,-9.0667],[-35.2226,-9.0666]]],[[[-35.2251,-9.0619],[-35.225,-9.0619],[-35.225,-9.0621],[-35.2249,-9.0621],[-35.2251,-9.0619]]],[[[-35.2251,-9.0617],[-35.2251,-9.0617],[-35.2252,-9.0617],[-35.2252,-9.0617],[-35.2251,-9.0617]]],[[[-35.2028,-9.0613],[-35.2028,-9.0614],[-35.2023,-9.0614],[-35.2022,-9.0613],[-35.2028,-9.0613]]],[[[-35.2211,-9.0613],[-35.2211,-9.0617],[-35.2211,-9.0617],[-35.2212,-9.0617],[-35.2211,-9.0613]]],[[[-35.2264,-9.0595],[-35.2263,-9.0596],[-35.2262,-9.0596],[-35.2262,-9.0596],[-35.2264,-9.0595]]],[[[-35.2324,-9.0584],[-35.2324,-9.0585],[-35.2323,-9.0586],[-35.2323,-9.0588],[-35.2324,-9.0584]]],[[[-35.2314,-9.0584],[-35.2315,-9.0585],[-35.2317,-9.0585],[-35.2317,-9.0584],[-35.2314,-9.0584]]],[[[-35.2243,-9.058],[-35.2243,-9.058],[-35.2243,-9.058],[-35.2244,-9.0581],[-35.2243,-9.058]]],[[[-35.2332,-9.0576],[-35.2332,-9.0576],[-35.2333,-9.0576],[-35.2334,-9.0575],[-35.2332,-9.0576]]],[[[-35.2322,-9.0564],[-35.2321,-9.0565],[-35.2318,-9.0565],[-35.2318,-9.0565],[-35.2322,-9.0564]]],[[[-35.2039,-9.0564],[-35.2038,-9.0565],[-35.2032,-9.0565],[-35.2032,-9.0565],[-35.2039,-9.0564]]],[[[-35.2191,-9.0563],[-35.219,-9.0564],[-35.219,-9.0564],[-35.2189,-9.0564],[-35.2191,-9.0563]]],[[[-35.234,-9.0557],[-35.234,-9.0558],[-35.234,-9.0558],[-35.2339,-9.0558],[-35.234,-9.0557]]],[[[-35.2183,-9.0569],[-35.2205,-9.0604],[-35.2185,-9.0569],[-35.2183,-9.0569]]],[[[-35.2176,-9.0553],[-35.2176,-9.0553],[-35.2177,-9.0553],[-35.2177,-9.0553],[-35.2176,-9.0553]]],[[[-35.2189,-9.0546],[-35.2188,-9.0547],[-35.2188,-9.0549],[-35.2189,-9.055],[-35.2189,-9.0546]]],[[[-35.2038,-9.0515],[-35.2038,-9.0519],[-35.2039,-9.0519],[-35.2039,-9.052],[-35.2038,-9.0515]]],[[[-35.2041,-9.0511],[-35.2041,-9.0512],[-35.2041,-9.0512],[-35.2041,-9.0511],[-35.2041,-9.0511]]],[[[-35.204,-9.051],[-35.204,-9.051],[-35.204,-9.051],[-35.204,-9.051],[-35.204,-9.051]]],[[[-35.2039,-9.0508],[-35.2039,-9.0509],[-35.2039,-9.0509],[-35.2039,-9.0508],[-35.2039,-9.0508]]],[[[-35.2319,-9.0487],[-35.2319,-9.0487],[-35.232,-9.0487],[-35.232,-9.0487],[-35.2319,-9.0487]]],[[[-35.2012,-9.0464],[-35.2012,-9.0467],[-35.2011,-9.0468],[-35.201,-9.0468],[-35.2012,-9.0464]]],[[[-35.2292,-9.0436],[-35.2292,-9.0438],[-35.2292,-9.0438],[-35.2287,-9.0438],[-35.2292,-9.0436]]],[[[-35.1933,-9.0413],[-35.1942,-9.0452],[-35.196,-9.0488],[-35.1984,-9.0522],[-35.199,-9.0482],[-35.199,-9.044],[-35.195,-9.044],[-35.1933,-9.0413]]],[[[-35.1934,-9.0413],[-35.1934,-9.0414],[-35.1934,-9.0414],[-35.1934,-9.0413],[-35.1934,-9.0413]]],[[[-35.1981,-9.0443],[-35.1981,-9.0443],[-35.1981,-9.0443],[-35.1982,-9.0442],[-35.1981,-9.0443]]],[[[-35.198,-9.0446],[-35.198,-9.045],[-35.1979,-9.0451],[-35.1979,-9.0451],[-35.198,-9.0446]]],[[[-35.1957,-9.0457],[-35.1957,-9.0458],[-35.1958,-9.0458],[-35.1958,-9.0458],[-35.1957,-9.0457]]],[[[-35.1976,-9.0478],[-35.1977,-9.0478],[-35.1978,-9.0478],[-35.1978,-9.0478],[-35.1976,-9.0478]]],[[[-35.1959,-9.0412],[-35.1958,-9.0412],[-35.1958,-9.0413],[-35.1957,-9.0413],[-35.1959,-9.0412]]],[[[-35.1984,-9.0411],[-35.1983,-9.0411],[-35.1982,-9.0411],[-35.1981,-9.0411],[-35.1984,-9.0411]]],[[[-35.199,-9.0413],[-35.199,-9.0413],[-35.1993,-9.0413],[-35.1993,-9.0413],[-35.199,-9.0413]]],[[[-35.2301,-9.0392],[-35.2301,-9.0393],[-35.2301,-9.0393],[-35.2301,-9.0392],[-35.2301,-9.0392]]],[[[-35.23,-9.0392],[-35.23,-9.0392],[-35.2301,-9.0392],[-35.2301,-9.0391],[-35.23,-9.0392]]],[[[-35.1919,-9.0386],[-35.1919,-9.039],[-35.192,-9.0391],[-35.192,-9.0391],[-35.1919,-9.0386]]],[[[-35.1909,-9.0384],[-35.1907,-9.0384],[-35.1907,-9.0384],[-35.1907,-9.0383],[-35.1909,-9.0384]]],[[[-35.1924,-9.0379],[-35.1924,-9.0379],[-35.1922,-9.0379],[-35.1922,-9.038],[-35.1924,-9.0379]]],[[[-35.195,-9.0378],[-35.195,-9.0378],[-35.1949,-9.0378],[-35.1949,-9.0378],[-35.195,-9.0378]]],[[[-35.195,-9.0379],[-35.195,-9.0379],[-35.195,-9.0378],[-35.195,-9.0378],[-35.195,-9.0379]]],[[[-35.1959,-9.0376],[-35.1959,-9.0378],[-35.196,-9.0379],[-35.1962,-9.0379],[-35.1959,-9.0376]]],[[[-35.224,-9.0376],[-35.2219,-9.0412],[-35.2259,-9.041],[-35.2298,-9.0391],[-35.2258,-9.0387],[-35.224,-9.0376]]],[[[-35.1902,-9.0363],[-35.1902,-9.0365],[-35.1903,-9.0366],[-35.1903,-9.0367],[-35.1902,-9.0363]]],[[[-35.1901,-9.0363],[-35.1901,-9.0363],[-35.1902,-9.0363],[-35.1902,-9.0363],[-35.1901,-9.0363]]],[[[-35.19,-9.0357],[-35.19,-9.0358],[-35.19,-9.0358],[-35.19,-9.0357],[-35.19,-9.0357]]],[[[-35.1899,-9.0356],[-35.1899,-9.0357],[-35.19,-9.0357],[-35.19,-9.0357],[-35.1899,-9.0356]]],[[[-35.1946,-9.0355],[-35.1946,-9.0356],[-35.1946,-9.0358],[-35.1946,-9.0358],[-35.1946,-9.0355]]],[[[-35.221,-9.0355],[-35.221,-9.0356],[-35.2209,-9.0356],[-35.2209,-9.0356],[-35.221,-9.0355]]],[[[-35.1935,-9.035],[-35.1935,-9.035],[-35.1936,-9.035],[-35.1936,-9.035],[-35.1935,-9.035]]],[[[-35.1905,-9.0344],[-35.1905,-9.0347],[-35.1905,-9.0347],[-35.1905,-9.0347],[-35.1905,-9.0344]]],[[[-35.1925,-9.0344],[-35.1926,-9.0345],[-35.1926,-9.0345],[-35.1927,-9.0346],[-35.1925,-9.0344]]],[[[-35.1895,-9.0328],[-35.1895,-9.0329],[-35.1895,-9.0329],[-35.1896,-9.0329],[-35.1895,-9.0328]]],[[[-35.1941,-9.0318],[-35.1941,-9.0322],[-35.1942,-9.0323],[-35.1942,-9.0325],[-35.1941,-9.0318]]],[[[-35.203,-9.0314],[-35.203,-9.0314],[-35.203,-9.0315],[-35.203,-9.0316],[-35.203,-9.0314]]],[[[-35.186,-9.0309],[-35.186,-9.0309],[-35.1862,-9.0309],[-35.1862,-9.031],[-35.186,-9.0309]]],[[[-35.1862,-9.0303],[-35.1862,-9.0304],[-35.1862,-9.0304],[-35.1862,-9.0303],[-35.1862,-9.0303]]],[[[-35.2029,-9.0294],[-35.2029,-9.0302],[-35.2029,-9.0302],[-35.203,-9.0302],[-35.2029,-9.0294]]],[[[-35.1875,-9.0298],[-35.1876,-9.0298],[-35.1876,-9.0298],[-35.1877,-9.0299],[-35.1875,-9.0298]]],[[[-35.1898,-9.0278],[-35.1895,-9.0321],[-35.1935,-9.0311],[-35.1905,-9.0283],[-35.1898,-9.0278]]],[[[-35.1898,-9.0279],[-35.1898,-9.0279],[-35.1898,-9.0278],[-35.1898,-9.0278],[-35.1898,-9.0279]]],[[[-35.1907,-9.0309],[-35.1907,-9.0315],[-35.1908,-9.0315],[-35.1908,-9.0316],[-35.1907,-9.0309]]],[[[-35.1896,-9.0306],[-35.1895,-9.0306],[-35.1895,-9.0306],[-35.1895,-9.0306],[-35.1896,-9.0306]]],[[[-35.2021,-9.0281],[-35.2021,-9.0281],[-35.2021,-9.0282],[-35.202,-9.0282],[-35.2021,-9.0281]]],[[[-35.2012,-9.0271],[-35.2012,-9.0272],[-35.2013,-9.0272],[-35.2013,-9.0274],[-35.2012,-9.0271]]],[[[-35.2173,-9.0263],[-35.2173,-9.028],[-35.2174,-9.028],[-35.2174,-9.028],[-35.2173,-9.0263]]],[[[-35.2018,-9.0255],[-35.2017,-9.0256],[-35.2017,-9.0259],[-35.2018,-9.0259],[-35.2018,-9.0255]]],[[[-35.1931,-9.0252],[-35.1929,-9.0253],[-35.1929,-9.0254],[-35.193,-9.0254],[-35.1931,-9.0252]]],[[[-35.1931,-9.0252],[-35.1931,-9.0252],[-35.1931,-9.0252],[-35.1931,-9.0252],[-35.1931,-9.0252]]],[[[-35.2009,-9.0253],[-35.2009,-9.0253],[-35.201,-9.0253],[-35.2011,-9.0254],[-35.2009,-9.0253]]],[[[-35.2051,-9.0245],[-35.2051,-9.0246],[-35.2052,-9.0246],[-35.2052,-9.0247],[-35.2051,-9.0245]]],[[[-35.2009,-9.0244],[-35.2009,-9.0246],[-35.2009,-9.0246],[-35.201,-9.0246],[-35.2009,-9.0244]]],[[[-35.2061,-9.0245],[-35.2062,-9.0245],[-35.2062,-9.0245],[-35.2063,-9.0246],[-35.2061,-9.0245]]],[[[-35.2,-9.0253],[-35.2,-9.0253],[-35.2001,-9.0253],[-35.2001,-9.0253],[-35.2,-9.0253]]],[[[-35.2062,-9.0241],[-35.2062,-9.0242],[-35.2063,-9.0242],[-35.2063,-9.0242],[-35.2062,-9.0241]]],[[[-35.2229,-9.023],[-35.2223,-9.027],[-35.2234,-9.0309],[-35.2238,-9.0268],[-35.2229,-9.023]]],[[[-35.2004,-9.023],[-35.2004,-9.0234],[-35.2003,-9.0234],[-35.2004,-9.0235],[-35.2004,-9.023]]],[[[-35.1969,-9.0224],[-35.1969,-9.0224],[-35.1969,-9.0224],[-35.197,-9.0225],[-35.1969,-9.0224]]],[[[-35.2123,-9.0209],[-35.2123,-9.0215],[-35.2123,-9.0215],[-35.2123,-9.0215],[-35.2123,-9.0209]]],[[[-35.1958,-9.0201],[-35.1958,-9.0202],[-35.1959,-9.0202],[-35.1959,-9.0202],[-35.1958,-9.0201]]],[[[-35.1998,-9.018],[-35.2003,-9.022],[-35.2003,-9.018],[-35.1998,-9.018]]],[[[-35.1958,-9.0177],[-35.1958,-9.0181],[-35.1959,-9.0182],[-35.1959,-9.0182],[-35.1958,-9.0177]]],[[[-35.1957,-9.0176],[-35.1958,-9.0176],[-35.1958,-9.0176],[-35.1958,-9.0176],[-35.1957,-9.0176]]],[[[-35.1958,-9.0171],[-35.1958,-9.0171],[-35.1959,-9.017],[-35.1959,-9.0169],[-35.1958,-9.0171]]],[[[-35.1971,-9.0167],[-35.1971,-9.018],[-35.1972,-9.018],[-35.1972,-9.0181],[-35.1971,-9.0167]]],[[[-35.2017,-9.016],[-35.2017,-9.016],[-35.2017,-9.0161],[-35.2016,-9.0161],[-35.2017,-9.016]]],[[[-35.1881,-9.0134],[-35.188,-9.0134],[-35.188,-9.0138],[-35.1881,-9.0138],[-35.1881,-9.0134]]],[[[-35.1916,-9.0089],[-35.1916,-9.0089],[-35.1917,-9.0089],[-35.1917,-9.0089],[-35.1916,-9.0089]]],[[[-35.212,-9.0071],[-35.2152,-9.0101],[-35.2124,-9.0072],[-35.212,-9.0071]]],[[[-35.1852,-9.0044],[-35.1851,-9.0045],[-35.185,-9.0045],[-35.185,-9.0045],[-35.1852,-9.0044]]],[[[-35.1843,-9.0029],[-35.1844,-9.003],[-35.1844,-9.0029],[-35.1844,-9.0029],[-35.1843,-9.0029]]],[[[-35.1828,-9.0024],[-35.1829,-9.0025],[-35.1829,-9.0025],[-35.183,-9.0025],[-35.1828,-9.0024]]],[[[-35.1857,-9.0021],[-35.1858,-9.0021],[-35.1858,-9.0021],[-35.1859,-9.0022],[-35.1857,-9.0021]]],[[[-35.1957,-9.0012],[-35.1967,-9.005],[-35.1965,-9.001],[-35.1957,-9.0012]]],[[[-35.1819,-9.0009],[-35.1819,-9.0009],[-35.1822,-9.0009],[-35.1822,-9.001],[-35.1819,-9.0009]]],[[[-35.1763,-9.001],[-35.1763,-9.001],[-35.1763,-9.0011],[-35.1763,-9.0011],[-35.1763,-9.001]]],[[[-35.1818,-9.0004],[-35.1818,-9.0005],[-35.182,-9.0005],[-35.182,-9.0004],[-35.1818,-9.0004]]],[[[-35.1781,-8.9969],[-35.178,-9.001],[-35.1797,-9.0047],[-35.1805,-9.0087],[-35.1845,-9.0091],[-35.1814,-9.0066],[-35.1806,-9.0025],[-35.1793,-8.9986],[-35.1781,-8.9969]]],[[[-35.1849,-8.9949],[-35.1849,-8.995],[-35.1848,-8.995],[-35.1847,-8.9951],[-35.1849,-8.9949]]],[[[-35.1805,-8.9834],[-35.1805,-8.984],[-35.1806,-8.984],[-35.1808,-8.984],[-35.1805,-8.9834]]],[[[-35.1671,-8.9702],[-35.1671,-8.9702],[-35.1672,-8.9702],[-35.1672,-8.9702],[-35.1671,-8.9702]]],[[[-35.1677,-8.97],[-35.1666,-8.9739],[-35.1656,-8.9778],[-35.1674,-8.9814],[-35.1689,-8.9854],[-35.1711,-8.9889],[-35.1739,-8.9919],[-35.1769,-8.9945],[-35.1759,-8.9905],[-35.1744,-8.9868],[-35.1714,-8.9842],[-35.1715,-8.9801],[-35.1698,-8.9765],[-35.1681,-8.9726],[-35.1677,-8.97]]],[[[-35.1711,-8.9792],[-35.1711,-8.9792],[-35.1711,-8.9792],[-35.1711,-8.9792],[-35.1711,-8.9792]]],[[[-35.1698,-8.9791],[-35.1699,-8.9792],[-35.1699,-8.9793],[-35.17,-8.9793],[-35.1698,-8.9791]]],[[[-35.1702,-8.9815],[-35.1702,-8.9816],[-35.1703,-8.9816],[-35.1705,-8.9816],[-35.1702,-8.9815]]],[[[-35.1692,-8.9843],[-35.1693,-8.9844],[-35.1693,-8.9845],[-35.1694,-8.9845],[-35.1692,-8.9843]]],[[[-35.1692,-8.9843],[-35.1692,-8.9843],[-35.1692,-8.9843],[-35.1692,-8.9843],[-35.1692,-8.9843]]],[[[-35.1691,-8.9843],[-35.169,-8.9843],[-35.169,-8.9842],[-35.1691,-8.9842],[-35.1691,-8.9843]]],[[[-35.1731,-8.9861],[-35.1731,-8.9862],[-35.173,-8.9862],[-35.173,-8.9863],[-35.1731,-8.9861]]],[[[-35.1742,-8.9931],[-35.1742,-8.9931],[-35.1744,-8.9933],[-35.1744,-8.9934],[-35.1742,-8.9931]]],[[[-35.1739,-8.9929],[-35.1739,-8.993],[-35.1739,-8.993],[-35.1739,-8.9929],[-35.1739,-8.9929]]],[[[-35.1739,-8.9929],[-35.1739,-8.9929],[-35.1739,-8.9929],[-35.1738,-8.9929],[-35.1739,-8.9929]]],[[[-35.1745,-8.9936],[-35.1745,-8.9936],[-35.1745,-8.9936],[-35.1747,-8.9938],[-35.1745,-8.9936]]],[[[-35.1648,-8.9634],[-35.162,-8.9667],[-35.1638,-8.9703],[-35.167,-8.9677],[-35.1657,-8.9636],[-35.1648,-8.9634]]],[[[-35.1621,-8.9669],[-35.162,-8.9669],[-35.162,-8.9668],[-35.1621,-8.9668],[-35.1621,-8.9669]]],[[[-35.1622,-8.967],[-35.1621,-8.967],[-35.1621,-8.9669],[-35.1622,-8.9669],[-35.1622,-8.967]]],[[[-35.1625,-8.9673],[-35.1625,-8.9674],[-35.1625,-8.9674],[-35.1625,-8.9673],[-35.1625,-8.9673]]],[[[-35.1634,-8.9691],[-35.1633,-8.9691],[-35.1633,-8.969],[-35.1634,-8.969],[-35.1634,-8.9691]]],[[[-35.1642,-8.9706],[-35.1642,-8.9706],[-35.1642,-8.9706],[-35.1642,-8.9705],[-35.1642,-8.9706]]],[[[-35.155,-8.9421],[-35.1553,-8.9461],[-35.1574,-8.9496],[-35.1591,-8.9532],[-35.16,-8.9572],[-35.1611,-8.9613],[-35.1638,-8.9643],[-35.1642,-8.9603],[-35.1626,-8.9566],[-35.1603,-8.9532],[-35.1591,-8.9491],[-35.1594,-8.9451],[-35.1555,-8.9458],[-35.155,-8.9421]]],[[[-35.1619,-8.9614],[-35.1619,-8.9614],[-35.1621,-8.9614],[-35.1622,-8.9615],[-35.1619,-8.9614]]],[[[-35.155,-8.9413],[-35.155,-8.9414],[-35.1551,-8.9414],[-35.1552,-8.9414],[-35.155,-8.9413]]],[[[-35.1508,-8.9401],[-35.1508,-8.9407],[-35.1509,-8.9408],[-35.1509,-8.941],[-35.1508,-8.9401]]],[[[-35.1565,-8.9384],[-35.1565,-8.9385],[-35.1564,-8.9386],[-35.1564,-8.9389],[-35.1565,-8.9384]]],[[[-35.1624,-8.9383],[-35.1624,-8.9383],[-35.1625,-8.9383],[-35.1625,-8.9384],[-35.1624,-8.9383]]],[[[-35.1591,-8.933],[-35.1592,-8.933],[-35.1593,-8.933],[-35.1593,-8.933],[-35.1591,-8.933]]],[[[-35.1551,-8.9291],[-35.155,-8.9292],[-35.155,-8.9292],[-35.1549,-8.9292],[-35.1551,-8.9291]]],[[[-35.1482,-8.9277],[-35.1486,-8.9321],[-35.1521,-8.9341],[-35.1553,-8.9364],[-35.1522,-8.9336],[-35.1521,-8.9296],[-35.1485,-8.9273],[-35.1482,-8.9277]]],[[[-35.1531,-8.9341],[-35.1531,-8.9341],[-35.1533,-8.9341],[-35.1533,-8.9341],[-35.1531,-8.9341]]],[[[-35.155,-8.9266],[-35.1549,-8.9267],[-35.1548,-8.9267],[-35.1547,-8.9268],[-35.155,-8.9266]]],[[[-35.145,-8.9226],[-35.1461,-8.9265],[-35.1451,-8.9226],[-35.145,-8.9226]]],[[[-35.144,-8.9217],[-35.1441,-8.9218],[-35.1441,-8.9218],[-35.1441,-8.9218],[-35.144,-8.9217]]],[[[-35.1431,-8.917],[-35.1431,-8.9172],[-35.1431,-8.9172],[-35.1431,-8.9173],[-35.1431,-8.917]]],[[[-35.1443,-8.9108],[-35.1438,-8.9151],[-35.145,-8.9113],[-35.1443,-8.9108]]],[[[-35.1432,-8.9099],[-35.1432,-8.91],[-35.1431,-8.91],[-35.1431,-8.9103],[-35.1432,-8.9099]]],[[[-35.1314,-8.8896],[-35.132,-8.8936],[-35.1332,-8.8976],[-35.1343,-8.9015],[-35.1363,-8.905],[-35.1393,-8.9078],[-35.1433,-8.9085],[-35.1409,-8.9053],[-35.1373,-8.9027],[-35.1365,-8.8988],[-35.1356,-8.8948],[-35.1328,-8.8919],[-35.1314,-8.8896]]],[[[-35.1329,-8.8942],[-35.1329,-8.8946],[-35.1331,-8.8947],[-35.1331,-8.8948],[-35.1329,-8.8942]]],[[[-35.1334,-8.8951],[-35.1336,-8.8951],[-35.1336,-8.8952],[-35.1336,-8.8952],[-35.1334,-8.8951]]],[[[-35.1359,-8.8977],[-35.1359,-8.8976],[-35.1358,-8.8976],[-35.1358,-8.8975],[-35.1359,-8.8977]]],[[[-35.1348,-8.8984],[-35.1347,-8.8985],[-35.1346,-8.8985],[-35.1345,-8.8985],[-35.1348,-8.8984]]],[[[-35.1358,-8.8975],[-35.1358,-8.8975],[-35.1358,-8.8975],[-35.1358,-8.8975],[-35.1358,-8.8975]]],[[[-35.1357,-8.8967],[-35.1356,-8.8967],[-35.1356,-8.8966],[-35.1356,-8.8966],[-35.1357,-8.8967]]],[[[-35.1352,-8.8992],[-35.1352,-8.8992],[-35.1352,-8.8993],[-35.1353,-8.8993],[-35.1352,-8.8992]]],[[[-35.1357,-8.9003],[-35.1357,-8.9003],[-35.1358,-8.9003],[-35.1359,-8.9004],[-35.1357,-8.9003]]],[[[-35.1361,-8.9029],[-35.1361,-8.903],[-35.1361,-8.903],[-35.136,-8.9029],[-35.1361,-8.9029]]],[[[-35.1361,-8.903],[-35.1365,-8.903],[-35.1365,-8.903],[-35.1366,-8.9031],[-35.1361,-8.903]]],[[[-35.1372,-8.9034],[-35.1372,-8.9034],[-35.1372,-8.9034],[-35.1373,-8.9035],[-35.1372,-8.9034]]],[[[-35.1377,-8.9047],[-35.1377,-8.9047],[-35.1377,-8.9047],[-35.1377,-8.9047],[-35.1377,-8.9047]]],[[[-35.1382,-8.9047],[-35.1384,-8.9047],[-35.1384,-8.9047],[-35.1384,-8.9048],[-35.1382,-8.9047]]],[[[-35.1388,-8.9055],[-35.1388,-8.9056],[-35.1389,-8.9056],[-35.139,-8.9057],[-35.1388,-8.9055]]],[[[-35.1272,-8.8806],[-35.1297,-8.8842],[-35.1314,-8.8885],[-35.1324,-8.8846],[-35.1287,-8.8825],[-35.1272,-8.8806]]],[[[-35.1322,-8.8857],[-35.1321,-8.8857],[-35.1321,-8.8857],[-35.1321,-8.8856],[-35.1322,-8.8857]]],[[[-35.1235,-8.8802],[-35.1236,-8.8803],[-35.1236,-8.8803],[-35.1237,-8.8803],[-35.1235,-8.8802]]],[[[-35.1296,-8.8789],[-35.1302,-8.8829],[-35.1299,-8.8789],[-35.1296,-8.8789]]],[[[-35.1272,-8.8676],[-35.1272,-8.8677],[-35.1272,-8.8678],[-35.1271,-8.8678],[-35.1272,-8.8676]]],[[[-35.1211,-8.867],[-35.1211,-8.867],[-35.1212,-8.867],[-35.1212,-8.867],[-35.1211,-8.867]]],[[[-35.126,-8.8651],[-35.126,-8.8652],[-35.126,-8.8652],[-35.126,-8.8651],[-35.126,-8.8651]]],[[[-35.1191,-8.8579],[-35.1189,-8.862],[-35.12,-8.858],[-35.1191,-8.8579]]],[[[-35.1199,-8.8582],[-35.1198,-8.8582],[-35.1198,-8.8581],[-35.1199,-8.8581],[-35.1199,-8.8582]]],[[[-35.1191,-8.8473],[-35.1191,-8.8478],[-35.1191,-8.8478],[-35.119,-8.8478],[-35.1191,-8.8473]]],[[[-35.1092,-8.8187],[-35.1092,-8.8188],[-35.1093,-8.8188],[-35.1093,-8.8187],[-35.1092,-8.8187]]],[[[-35.1095,-8.8185],[-35.1095,-8.8186],[-35.1094,-8.8186],[-35.1094,-8.8186],[-35.1095,-8.8185]]],[[[-35.1198,-8.8152],[-35.1198,-8.8154],[-35.1199,-8.8154],[-35.1199,-8.8158],[-35.1198,-8.8152]]],[[[-35.1084,-8.8151],[-35.1083,-8.8151],[-35.1082,-8.815],[-35.1082,-8.8149],[-35.1084,-8.8151]]],[[[-35.1174,-8.8121],[-35.1174,-8.8123],[-35.1174,-8.8124],[-35.1176,-8.8124],[-35.1174,-8.8121]]],[[[-35.1049,-8.8076],[-35.1049,-8.8081],[-35.1051,-8.8083],[-35.1051,-8.8085],[-35.1049,-8.8076]]],[[[-35.105,-8.8074],[-35.105,-8.8075],[-35.1051,-8.8075],[-35.1051,-8.8074],[-35.105,-8.8074]]],[[[-35.1163,-8.8066],[-35.1162,-8.8067],[-35.1149,-8.8067],[-35.1148,-8.8066],[-35.1163,-8.8066]]],[[[-35.1003,-8.8026],[-35.1003,-8.8027],[-35.1002,-8.8027],[-35.1002,-8.8027],[-35.1003,-8.8026]]],[[[-35.0986,-8.8016],[-35.0986,-8.8019],[-35.0986,-8.8019],[-35.0985,-8.8019],[-35.0986,-8.8016]]],[[[-35.0973,-8.8004],[-35.0973,-8.8005],[-35.0975,-8.8005],[-35.0975,-8.8005],[-35.0973,-8.8004]]],[[[-35.1007,-8.7851],[-35.1008,-8.7852],[-35.1009,-8.7852],[-35.1009,-8.7852],[-35.1007,-8.7851]]],[[[-35.0958,-8.7827],[-35.0957,-8.7867],[-35.0958,-8.7909],[-35.0963,-8.795],[-35.0982,-8.7989],[-35.1015,-8.7963],[-35.0995,-8.7927],[-35.0966,-8.7896],[-35.0969,-8.7856],[-35.0958,-8.7827]]],[[[-35.0962,-8.7843],[-35.0962,-8.7843],[-35.0962,-8.7843],[-35.0962,-8.7843],[-35.0962,-8.7843]]],[[[-35.0962,-8.7843],[-35.0963,-8.7843],[-35.0963,-8.7844],[-35.0963,-8.7844],[-35.0962,-8.7843]]],[[[-35.0963,-8.7844],[-35.0963,-8.7844],[-35.0963,-8.7845],[-35.0963,-8.7845],[-35.0963,-8.7844]]],[[[-35.0967,-8.7877],[-35.0967,-8.7877],[-35.0967,-8.7877],[-35.0967,-8.7877],[-35.0967,-8.7877]]],[[[-35.1003,-8.7954],[-35.1003,-8.7954],[-35.1009,-8.7954],[-35.101,-8.7954],[-35.1003,-8.7954]]],[[[-35.096,-8.7776],[-35.0959,-8.7776],[-35.0957,-8.7775],[-35.0956,-8.7775],[-35.096,-8.7776]]],[[[-35.093,-8.7774],[-35.093,-8.7775],[-35.0929,-8.7776],[-35.0929,-8.7777],[-35.093,-8.7774]]],[[[-35.0881,-8.7705],[-35.0881,-8.7705],[-35.0882,-8.7705],[-35.0882,-8.7705],[-35.0881,-8.7705]]],[[[-35.0835,-8.7571],[-35.0835,-8.7572],[-35.0836,-8.7572],[-35.0836,-8.7572],[-35.0835,-8.7571]]],[[[-35.082,-8.7563],[-35.0838,-8.7599],[-35.0853,-8.7636],[-35.0892,-8.7621],[-35.085,-8.7619],[-35.0834,-8.7576],[-35.082,-8.7563]]],[[[-35.0866,-8.7643],[-35.0866,-8.7644],[-35.0865,-8.7644],[-35.0865,-8.7643],[-35.0866,-8.7643]]],[[[-35.0865,-8.7642],[-35.0865,-8.7643],[-35.0864,-8.7643],[-35.0864,-8.7642],[-35.0865,-8.7642]]],[[[-35.0855,-8.7628],[-35.0855,-8.7628],[-35.0856,-8.7629],[-35.0856,-8.7629],[-35.0855,-8.7628]]],[[[-35.0855,-8.7627],[-35.0855,-8.7628],[-35.0854,-8.7628],[-35.0854,-8.7627],[-35.0855,-8.7627]]],[[[-35.0854,-8.7626],[-35.0854,-8.7627],[-35.0853,-8.7627],[-35.0853,-8.7626],[-35.0854,-8.7626]]],[[[-35.0853,-8.7626],[-35.0853,-8.7626],[-35.0852,-8.7626],[-35.0852,-8.7626],[-35.0853,-8.7626]]],[[[-35.0852,-8.7626],[-35.0852,-8.7626],[-35.0852,-8.7625],[-35.0851,-8.7625],[-35.0852,-8.7626]]],[[[-35.0867,-8.7645],[-35.0867,-8.7646],[-35.0866,-8.7646],[-35.0866,-8.7645],[-35.0867,-8.7645]]],[[[-35.0866,-8.7645],[-35.0866,-8.7645],[-35.0866,-8.7644],[-35.0866,-8.7644],[-35.0866,-8.7645]]],[[[-35.0869,-8.7647],[-35.0869,-8.7648],[-35.087,-8.7648],[-35.087,-8.7648],[-35.0869,-8.7647]]],[[[-35.0869,-8.7647],[-35.0868,-8.7647],[-35.0868,-8.7647],[-35.0869,-8.7647],[-35.0869,-8.7647]]],[[[-35.0888,-8.7549],[-35.0888,-8.7549],[-35.0888,-8.7549],[-35.0889,-8.755],[-35.0888,-8.7549]]],[[[-35.0824,-8.7469],[-35.0803,-8.7504],[-35.0831,-8.7533],[-35.0871,-8.7546],[-35.0853,-8.751],[-35.0828,-8.7478],[-35.0824,-8.7469]]],[[[-35.0808,-8.7484],[-35.0807,-8.7485],[-35.0807,-8.7485],[-35.0808,-8.7485],[-35.0808,-8.7484]]],[[[-35.0871,-8.754],[-35.0871,-8.7541],[-35.087,-8.7541],[-35.087,-8.7541],[-35.0871,-8.754]]],[[[-35.0766,-8.746],[-35.0787,-8.7495],[-35.0766,-8.746],[-35.0766,-8.746]]],[[[-35.0765,-8.7459],[-35.0765,-8.746],[-35.0766,-8.746],[-35.0766,-8.7459],[-35.0765,-8.7459]]],[[[-35.0764,-8.7457],[-35.0764,-8.7458],[-35.0764,-8.7458],[-35.0764,-8.7458],[-35.0764,-8.7457]]],[[[-35.0844,-8.7447],[-35.0844,-8.7448],[-35.0844,-8.7448],[-35.0845,-8.7448],[-35.0844,-8.7447]]],[[[-35.0769,-8.7435],[-35.0769,-8.7437],[-35.0769,-8.7437],[-35.0767,-8.7437],[-35.0769,-8.7435]]],[[[-35.0834,-8.7426],[-35.0833,-8.7426],[-35.0833,-8.7428],[-35.0834,-8.7429],[-35.0834,-8.7426]]],[[[-35.0838,-8.7384],[-35.0838,-8.7386],[-35.0837,-8.7386],[-35.0837,-8.7387],[-35.0838,-8.7384]]],[[[-35.0743,-8.7378],[-35.0743,-8.7382],[-35.0741,-8.7383],[-35.0741,-8.7384],[-35.0743,-8.7378]]],[[[-35.0847,-8.7373],[-35.0847,-8.7374],[-35.0846,-8.7375],[-35.0846,-8.7375],[-35.0847,-8.7373]]],[[[-35.0762,-8.7364],[-35.0758,-8.7404],[-35.0765,-8.7364],[-35.0762,-8.7364]]],[[[-35.0771,-8.7377],[-35.0772,-8.7377],[-35.0773,-8.7377],[-35.0773,-8.7377],[-35.0771,-8.7377]]],[[[-35.0772,-8.7393],[-35.0772,-8.7394],[-35.0773,-8.7394],[-35.0774,-8.7394],[-35.0772,-8.7393]]],[[[-35.0759,-8.7397],[-35.0759,-8.7398],[-35.0759,-8.7398],[-35.0758,-8.7398],[-35.0759,-8.7397]]],[[[-35.0816,-8.7336],[-35.0789,-8.7366],[-35.0826,-8.7382],[-35.0823,-8.7341],[-35.0816,-8.7336]]],[[[-35.0709,-8.734],[-35.071,-8.734],[-35.071,-8.7341],[-35.0711,-8.7342],[-35.0709,-8.734]]],[[[-35.0748,-8.7326],[-35.0748,-8.7326],[-35.0749,-8.7327],[-35.0749,-8.7328],[-35.0748,-8.7326]]],[[[-35.0832,-8.7261],[-35.0832,-8.7261],[-35.0832,-8.7261],[-35.0834,-8.7259],[-35.0832,-8.7261]]],[[[-35.0861,-8.7237],[-35.0861,-8.7237],[-35.0862,-8.7237],[-35.0862,-8.7237],[-35.0861,-8.7237]]],[[[-35.0732,-8.7225],[-35.0732,-8.7225],[-35.0732,-8.7225],[-35.0732,-8.7225],[-35.0732,-8.7225]]],[[[-35.0735,-8.7228],[-35.0734,-8.7228],[-35.0734,-8.7227],[-35.0734,-8.7227],[-35.0735,-8.7228]]],[[[-35.0664,-8.7239],[-35.0665,-8.7239],[-35.0665,-8.7239],[-35.0666,-8.7239],[-35.0664,-8.7239]]],[[[-35.0711,-8.7212],[-35.0711,-8.7217],[-35.0711,-8.7217],[-35.0711,-8.7224],[-35.0711,-8.7212]]],[[[-35.0647,-8.7194],[-35.0647,-8.7194],[-35.0649,-8.7194],[-35.0649,-8.7194],[-35.0647,-8.7194]]],[[[-35.0655,-8.7192],[-35.0655,-8.7193],[-35.0657,-8.7193],[-35.0657,-8.7192],[-35.0655,-8.7192]]],[[[-35.0821,-8.7161],[-35.0821,-8.7162],[-35.0822,-8.7162],[-35.0822,-8.7162],[-35.0821,-8.7161]]],[[[-35.082,-8.7159],[-35.082,-8.716],[-35.0821,-8.716],[-35.0821,-8.7159],[-35.082,-8.7159]]],[[[-35.0797,-8.7147],[-35.0798,-8.7148],[-35.0798,-8.7148],[-35.0799,-8.7148],[-35.0797,-8.7147]]],[[[-35.0804,-8.7123],[-35.0804,-8.7124],[-35.0804,-8.7124],[-35.0805,-8.7124],[-35.0804,-8.7123]]],[[[-35.0649,-8.7133],[-35.0649,-8.7134],[-35.065,-8.7134],[-35.065,-8.7134],[-35.0649,-8.7133]]],[[[-35.0657,-8.7111],[-35.0657,-8.7117],[-35.0658,-8.7117],[-35.0658,-8.7118],[-35.0657,-8.7111]]],[[[-35.0656,-8.711],[-35.0656,-8.711],[-35.0657,-8.711],[-35.0657,-8.711],[-35.0656,-8.711]]],[[[-35.0655,-8.7109],[-35.0655,-8.711],[-35.0656,-8.711],[-35.0656,-8.711],[-35.0655,-8.7109]]],[[[-35.0723,-8.7103],[-35.0723,-8.7102],[-35.0722,-8.7102],[-35.0722,-8.7103],[-35.0723,-8.7103]]],[[[-35.072,-8.7101],[-35.072,-8.7101],[-35.0721,-8.7101],[-35.0721,-8.7101],[-35.072,-8.7101]]],[[[-35.0669,-8.7096],[-35.0669,-8.7097],[-35.0669,-8.7098],[-35.0669,-8.7098],[-35.0669,-8.7096]]],[[[-35.0704,-8.7081],[-35.0712,-8.7123],[-35.0739,-8.7154],[-35.0779,-8.7139],[-35.0762,-8.7102],[-35.0713,-8.7083],[-35.0704,-8.7081]]],[[[-35.0736,-8.7091],[-35.0736,-8.7091],[-35.0736,-8.7091],[-35.0737,-8.7091],[-35.0736,-8.7091]]],[[[-35.0704,-8.7096],[-35.0704,-8.7096],[-35.0704,-8.7098],[-35.0704,-8.7099],[-35.0704,-8.7096]]],[[[-35.072,-8.7101],[-35.072,-8.7099],[-35.0721,-8.7099],[-35.0721,-8.7099],[-35.072,-8.7101]]],[[[-35.0748,-8.713],[-35.0748,-8.713],[-35.0751,-8.713],[-35.0752,-8.7131],[-35.0748,-8.713]]],[[[-35.0746,-8.7138],[-35.0746,-8.714],[-35.0746,-8.7141],[-35.0746,-8.7142],[-35.0746,-8.7138]]],[[[-35.0759,-8.7143],[-35.0759,-8.7142],[-35.0758,-8.7142],[-35.0758,-8.7142],[-35.0759,-8.7143]]],[[[-35.0591,-8.7055],[-35.0605,-8.7093],[-35.0625,-8.7129],[-35.0608,-8.7092],[-35.0592,-8.7054],[-35.0591,-8.7055]]],[[[-35.0727,-8.7046],[-35.0726,-8.7047],[-35.0726,-8.7047],[-35.0726,-8.7047],[-35.0727,-8.7046]]],[[[-35.0672,-8.7055],[-35.0671,-8.7055],[-35.0669,-8.7053],[-35.0666,-8.7053],[-35.0672,-8.7055]]],[[[-34.9248,-6.7278],[-34.9248,-6.7279],[-34.9249,-6.7279],[-34.9249,-6.728],[-34.9248,-6.7278]]],[[[-35.0994,-6.0558],[-35.0994,-6.0558],[-35.0995,-6.0558],[-35.0994,-6.0558]]],[[[-35.0994,-6.0558],[-35.0956,-6.0572],[-35.0936,-6.0606],[-35.0959,-6.064],[-35.0961,-6.06],[-35.0973,-6.0562],[-35.0994,-6.0558]]],[[[-35.0993,-6.0556],[-35.0993,-6.0556],[-35.0993,-6.0557],[-35.0993,-6.0556]]],[[[-35.2106,-5.6856],[-35.2078,-5.6885],[-35.2111,-5.6862],[-35.2106,-5.6856]]],[[[-33.8024,-3.8695],[-33.8024,-3.8699],[-33.8025,-3.8699],[-33.8025,-3.8701],[-33.8024,-3.8695]]],[[[-33.8105,-3.8672],[-33.8106,-3.8672],[-33.8108,-3.8672],[-33.8108,-3.8671],[-33.8105,-3.8672]]],[[[-33.8148,-3.8587],[-33.8148,-3.8588],[-33.8149,-3.8588],[-33.8149,-3.8589],[-33.8148,-3.8587]]],[[[-33.8159,-3.859],[-33.8159,-3.8591],[-33.816,-3.8591],[-33.816,-3.8588],[-33.8159,-3.859]]],[[[-33.8126,-3.8569],[-33.8125,-3.8569],[-33.8124,-3.8569],[-33.8123,-3.8569],[-33.8126,-3.8569]]],[[[-33.7992,-3.8548],[-33.7992,-3.8548],[-33.7992,-3.8548],[-33.7992,-3.8548]]],[[[-33.7992,-3.8548],[-33.7953,-3.8565],[-33.7926,-3.8596],[-33.7897,-3.8625],[-33.789,-3.8666],[-33.7893,-3.8706],[-33.7918,-3.8739],[-33.7956,-3.8756],[-33.7994,-3.8768],[-33.8036,-3.8773],[-33.8079,-3.877],[-33.8113,-3.8749],[-33.8152,-3.8738],[-33.818,-3.8708],[-33.8193,-3.8666],[-33.8198,-3.8625],[-33.8181,-3.8588],[-33.8156,-3.8556],[-33.8125,-3.8529],[-33.808,-3.8537],[-33.8047,-3.8562],[-33.8006,-3.8546],[-33.7992,-3.8548]]],[[[-33.7964,-3.8565],[-33.7962,-3.8567],[-33.796,-3.8566],[-33.796,-3.8564],[-33.7964,-3.8565]]],[[[-33.8131,-3.8562],[-33.8167,-3.8581],[-33.8172,-3.8621],[-33.8187,-3.8658],[-33.817,-3.8695],[-33.8133,-3.8709],[-33.81,-3.8733],[-33.8056,-3.8737],[-33.8014,-3.8736],[-33.7974,-3.8732],[-33.7977,-3.8692],[-33.795,-3.8661],[-33.7918,-3.8636],[-33.7953,-3.8657],[-33.7992,-3.8649],[-33.8022,-3.8613],[-33.8056,-3.8592],[-33.8099,-3.8592],[-33.8129,-3.8564],[-33.8131,-3.8562]]],[[[-33.802,-3.8571],[-33.7993,-3.8603],[-33.7947,-3.8612],[-33.7977,-3.8585],[-33.8016,-3.8572],[-33.802,-3.8571]]],[[[-33.7914,-3.8616],[-33.7912,-3.8617],[-33.7911,-3.8618],[-33.791,-3.862],[-33.7914,-3.8616]]],[[[-33.7927,-3.8622],[-33.793,-3.8622],[-33.7931,-3.8624],[-33.7935,-3.8624],[-33.7927,-3.8622]]],[[[-33.7961,-3.8618],[-33.7969,-3.8618],[-33.7971,-3.862],[-33.7971,-3.8624],[-33.7961,-3.8618]]],[[[-33.7954,-3.8646],[-33.7948,-3.8652],[-33.7945,-3.8652],[-33.7944,-3.8651],[-33.7954,-3.8646]]],[[[-33.791,-3.8649],[-33.7937,-3.8687],[-33.7908,-3.866],[-33.791,-3.8649]]],[[[-33.7958,-3.8691],[-33.7958,-3.8687],[-33.7958,-3.8686],[-33.7962,-3.8686],[-33.7958,-3.8691]]],[[[-33.7925,-3.8658],[-33.7926,-3.8657],[-33.7931,-3.8657],[-33.7931,-3.8661],[-33.7925,-3.8658]]],[[[-33.8107,-3.8744],[-33.8112,-3.8744],[-33.8112,-3.8746],[-33.8111,-3.8747],[-33.8107,-3.8744]]],[[[-33.8096,-3.875],[-33.8096,-3.8753],[-33.8094,-3.8754],[-33.8094,-3.8755],[-33.8096,-3.875]]],[[[-33.8037,-3.8756],[-33.8035,-3.8758],[-33.8031,-3.8758],[-33.8031,-3.8757],[-33.8037,-3.8756]]],[[[-33.8079,-3.8553],[-33.8081,-3.8553],[-33.8083,-3.8553],[-33.8084,-3.8555],[-33.8079,-3.8553]]],[[[-33.8066,-3.8545],[-33.8068,-3.8545],[-33.8068,-3.8549],[-33.8068,-3.855],[-33.8066,-3.8545]]],[[[-33.8097,-3.8534],[-33.8102,-3.8534],[-33.8102,-3.8539],[-33.8101,-3.8539],[-33.8097,-3.8534]]],[[[-33.8073,-3.8763],[-33.8069,-3.8763],[-33.8069,-3.8762],[-33.8069,-3.8761],[-33.8073,-3.8763]]],[[[-32.3976,-3.8293],[-32.3962,-3.8331],[-32.3983,-3.8296],[-32.3976,-3.8293]]],[[[-44.2934,-0.8155],[-44.2891,-0.816],[-44.2849,-0.8159],[-44.2811,-0.818],[-44.2771,-0.8182],[-44.2737,-0.816],[-44.2696,-0.8144],[-44.2655,-0.8166],[-44.262,-0.8189],[-44.2577,-0.8204],[-44.2532,-0.8218],[-44.2495,-0.8234],[-44.2459,-0.8254],[-44.2421,-0.8284],[-44.2389,-0.8322],[-44.2357,-0.8358],[-44.2327,-0.8388],[-44.2294,-0.8422],[-44.2322,-0.8455],[-44.2367,-0.8469],[-44.2391,-0.8508],[-44.2379,-0.8549],[-44.2333,-0.8551],[-44.2286,-0.8546],[-44.2243,-0.8566],[-44.224,-0.8607],[-44.2234,-0.8652],[-44.2228,-0.87],[-44.226,-0.8726],[-44.2305,-0.8733],[-44.2301,-0.8781],[-44.2283,-0.8819],[-44.2282,-0.8866],[-44.2249,-0.8899],[-44.2268,-0.8935],[-44.2299,-0.8964],[-44.2331,-0.8996],[-44.2365,-0.9019],[-44.2404,-0.9039],[-44.2449,-0.9054],[-44.2492,-0.9074],[-44.2525,-0.9108],[-44.2516,-0.9154],[-44.2532,-0.9193],[-44.2572,-0.9203],[-44.2623,-0.9223],[-44.2652,-0.9262],[-44.2681,-0.9291],[-44.2723,-0.9288],[-44.2767,-0.9267],[-44.2809,-0.9271],[-44.2842,-0.9303],[-44.2882,-0.9283],[-44.292,-0.927],[-44.2958,-0.9238],[-44.2995,-0.9211],[-44.3025,-0.9181],[-44.3066,-0.9176],[-44.3113,-0.9168],[-44.312,-0.9124],[-44.3129,-0.9076],[-44.314,-0.9035],[-44.3148,-0.8995],[-44.3139,-0.895],[-44.3114,-0.8917],[-44.3095,-0.8881],[-44.3054,-0.8884],[-44.3009,-0.8899],[-44.2964,-0.8897],[-44.2934,-0.8861],[-44.2959,-0.8822],[-44.2995,-0.8803],[-44.304,-0.8787],[-44.3065,-0.8755],[-44.3074,-0.8709],[-44.31,-0.8678],[-44.3114,-0.8638],[-44.3123,-0.8595],[-44.3156,-0.8571],[-44.3196,-0.8561],[-44.3216,-0.8514],[-44.3214,-0.8466],[-44.3209,-0.8425],[-44.3211,-0.8378],[-44.3228,-0.8335],[-44.3241,-0.8296],[-44.3243,-0.8249],[-44.3244,-0.8208],[-44.3265,-0.8171],[-44.3301,-0.8142],[-44.3299,-0.8095],[-44.3279,-0.806],[-44.3226,-0.8069],[-44.3203,-0.8108],[-44.3177,-0.8145],[-44.3138,-0.8156],[-44.3094,-0.8146],[-44.3074,-0.8103],[-44.3067,-0.8057],[-44.3048,-0.8008],[-44.3005,-0.801],[-44.2991,-0.8049],[-44.2979,-0.8093],[-44.2957,-0.8131],[-44.2934,-0.8155]]],[[[-39.0084,-17.7783],[-39.0084,-17.7741],[-39.0044,-17.7736],[-39.0023,-17.7772],[-39.0049,-17.7803],[-39.0089,-17.7818],[-39.0125,-17.7795],[-39.0086,-17.7782],[-39.0084,-17.7783]]],[[[-39.0085,-17.7754],[-39.0086,-17.7754],[-39.0086,-17.7755],[-39.0085,-17.7755],[-39.0085,-17.7754]]],[[[-39.0085,-17.7756],[-39.0085,-17.7756],[-39.0085,-17.7756],[-39.0085,-17.7756],[-39.0085,-17.7756]]],[[[-39.0084,-17.7757],[-39.0084,-17.7757],[-39.0084,-17.7758],[-39.0085,-17.7758],[-39.0084,-17.7757]]],[[[-39.0091,-17.7761],[-39.0091,-17.776],[-39.0092,-17.776],[-39.0092,-17.7761],[-39.0091,-17.7761]]],[[[-39.009,-17.776],[-39.0087,-17.776],[-39.0087,-17.7759],[-39.0088,-17.7759],[-39.009,-17.776]]],[[[-39.0086,-17.7759],[-39.0085,-17.7759],[-39.0085,-17.7758],[-39.0086,-17.7758],[-39.0086,-17.7759]]],[[[-39.0093,-17.7762],[-39.0093,-17.7762],[-39.0093,-17.7763],[-39.0093,-17.7763],[-39.0093,-17.7762]]],[[[-39.0058,-17.7761],[-39.0058,-17.7761],[-39.0058,-17.7761],[-39.0058,-17.776],[-39.0058,-17.7761]]],[[[-39.0081,-17.7765],[-39.0081,-17.7764],[-39.0081,-17.7764],[-39.0081,-17.7765],[-39.0081,-17.7765]]],[[[-39.008,-17.7766],[-39.008,-17.7765],[-39.008,-17.7765],[-39.008,-17.7766],[-39.008,-17.7766]]],[[[-39.0081,-17.7768],[-39.0081,-17.7769],[-39.0081,-17.7772],[-39.0081,-17.7773],[-39.0081,-17.7768]]],[[[-39.0079,-17.7768],[-39.0079,-17.7768],[-39.0079,-17.7768],[-39.0079,-17.7768],[-39.0079,-17.7768]]],[[[-39.0054,-17.777],[-39.0053,-17.777],[-39.0052,-17.777],[-39.0052,-17.777],[-39.0054,-17.777]]],[[[-39.0084,-17.7783],[-39.0084,-17.7783],[-39.0084,-17.7783],[-39.0084,-17.7783],[-39.0084,-17.7783]]],[[[-39.0084,-17.7784],[-39.0083,-17.7784],[-39.0083,-17.7783],[-39.0084,-17.7783],[-39.0084,-17.7784]]],[[[-39.0083,-17.7784],[-39.0083,-17.7784],[-39.0083,-17.7784],[-39.0083,-17.7784],[-39.0083,-17.7784]]],[[[-39.0082,-17.7784],[-39.0083,-17.7784],[-39.0083,-17.7785],[-39.0082,-17.7785],[-39.0082,-17.7784]]],[[[-39.0047,-17.7789],[-39.0047,-17.779],[-39.0047,-17.779],[-39.0046,-17.7789],[-39.0047,-17.7789]]],[[[-39.0081,-17.7794],[-39.0081,-17.7785],[-39.0081,-17.7785],[-39.0082,-17.7785],[-39.0081,-17.7794]]],[[[-39.0072,-17.7787],[-39.0072,-17.7787],[-39.0072,-17.7785],[-39.0072,-17.7785],[-39.0072,-17.7787]]],[[[-39.0071,-17.779],[-39.0072,-17.779],[-39.0072,-17.7791],[-39.0071,-17.7791],[-39.0071,-17.779]]],[[[-39.007,-17.779],[-39.007,-17.7789],[-39.007,-17.7785],[-39.007,-17.7785],[-39.007,-17.779]]],[[[-39.0061,-17.7783],[-39.0061,-17.7788],[-39.0061,-17.7788],[-39.0061,-17.7787],[-39.0061,-17.7783]]],[[[-39.0048,-17.7777],[-39.0043,-17.7777],[-39.0043,-17.7777],[-39.0043,-17.7775],[-39.0048,-17.7777]]],[[[-39.0037,-17.7782],[-39.0037,-17.7782],[-39.0037,-17.7782],[-39.0037,-17.7782],[-39.0037,-17.7782]]],[[[-39.003,-17.7782],[-39.003,-17.778],[-39.0032,-17.778],[-39.0032,-17.7781],[-39.003,-17.7782]]],[[[-39.003,-17.7782],[-39.0029,-17.7782],[-39.0029,-17.7783],[-39.0028,-17.7783],[-39.003,-17.7782]]],[[[-39.0044,-17.7785],[-39.0043,-17.7785],[-39.0043,-17.7785],[-39.0042,-17.7785],[-39.0044,-17.7785]]],[[[-39.006,-17.7789],[-39.006,-17.779],[-39.0059,-17.779],[-39.0059,-17.7789],[-39.006,-17.7789]]],[[[-39.007,-17.7793],[-39.007,-17.7793],[-39.007,-17.7791],[-39.0071,-17.7791],[-39.007,-17.7793]]],[[[-39.0063,-17.7799],[-39.0063,-17.7794],[-39.0063,-17.7794],[-39.0065,-17.7794],[-39.0063,-17.7799]]],[[[-39.0087,-17.7801],[-39.0088,-17.7801],[-39.0088,-17.7802],[-39.0087,-17.7802],[-39.0087,-17.7801]]],[[[-39.009,-17.7802],[-39.0091,-17.7802],[-39.0091,-17.7803],[-39.0088,-17.7803],[-39.009,-17.7802]]],[[[-39.0084,-17.7804],[-39.0084,-17.7803],[-39.0085,-17.7803],[-39.0085,-17.7802],[-39.0084,-17.7804]]],[[[-39.0082,-17.7804],[-39.0082,-17.7803],[-39.0083,-17.7803],[-39.0083,-17.7804],[-39.0082,-17.7804]]],[[[-39.0081,-17.7802],[-39.0081,-17.7803],[-39.0081,-17.7803],[-39.0081,-17.7802],[-39.0081,-17.7802]]],[[[-39.008,-17.7801],[-39.008,-17.7801],[-39.008,-17.7802],[-39.008,-17.7802],[-39.008,-17.7801]]],[[[-39.0063,-17.7799],[-39.0063,-17.7799],[-39.0063,-17.78],[-39.0067,-17.78],[-39.0063,-17.7799]]],[[[-39.0054,-17.7797],[-39.0054,-17.7797],[-39.0055,-17.7797],[-39.0056,-17.7798],[-39.0054,-17.7797]]],[[[-39.0075,-17.7802],[-39.0075,-17.7802],[-39.0075,-17.7802],[-39.0075,-17.7802],[-39.0075,-17.7802]]],[[[-39.0068,-17.7801],[-39.0068,-17.7802],[-39.0068,-17.7802],[-39.0068,-17.7801],[-39.0068,-17.7801]]],[[[-39.0075,-17.7803],[-39.0075,-17.7803],[-39.0075,-17.7802],[-39.0075,-17.7802],[-39.0075,-17.7803]]],[[[-39.0075,-17.7803],[-39.0074,-17.7803],[-39.0074,-17.7803],[-39.0075,-17.7803],[-39.0075,-17.7803]]],[[[-39.0074,-17.7805],[-39.0068,-17.7805],[-39.0068,-17.7805],[-39.0074,-17.7805],[-39.0074,-17.7805]]],[[[-38.9524,-17.7095],[-38.9556,-17.7071],[-38.9533,-17.7038],[-38.9494,-17.7033],[-38.9478,-17.6996],[-38.9487,-17.7035],[-38.9506,-17.7071],[-38.9522,-17.7108],[-38.9524,-17.7095]]],[[[-38.9543,-17.7072],[-38.9543,-17.7072],[-38.9544,-17.7072],[-38.9545,-17.7073],[-38.9543,-17.7072]]],[[[-38.9546,-17.7076],[-38.9546,-17.7075],[-38.9546,-17.7075],[-38.9546,-17.7076],[-38.9546,-17.7076]]],[[[-38.9546,-17.7076],[-38.9547,-17.7076],[-38.9547,-17.7076],[-38.9548,-17.7077],[-38.9546,-17.7076]]],[[[-38.9546,-17.708],[-38.9546,-17.7079],[-38.9547,-17.7079],[-38.9547,-17.7079],[-38.9546,-17.708]]],[[[-38.9545,-17.7081],[-38.9545,-17.7081],[-38.9545,-17.7081],[-38.9545,-17.7081],[-38.9545,-17.7081]]],[[[-38.9544,-17.7082],[-38.9544,-17.7082],[-38.9545,-17.7082],[-38.9545,-17.7082],[-38.9544,-17.7082]]],[[[-38.9549,-17.7086],[-38.9549,-17.7085],[-38.955,-17.7085],[-38.955,-17.7086],[-38.9549,-17.7086]]],[[[-38.9547,-17.7088],[-38.9547,-17.7087],[-38.9548,-17.7087],[-38.9548,-17.7087],[-38.9547,-17.7088]]],[[[-38.9546,-17.7089],[-38.9546,-17.7089],[-38.9546,-17.709],[-38.9546,-17.709],[-38.9546,-17.7089]]],[[[-38.9546,-17.709],[-38.9546,-17.709],[-38.9545,-17.709],[-38.9544,-17.7091],[-38.9546,-17.709]]],[[[-38.9539,-17.7087],[-38.9538,-17.7087],[-38.9537,-17.7087],[-38.9536,-17.7088],[-38.9539,-17.7087]]],[[[-38.9515,-17.7067],[-38.9514,-17.7068],[-38.9514,-17.7068],[-38.9514,-17.7068],[-38.9515,-17.7067]]],[[[-38.9522,-17.7094],[-38.9522,-17.7094],[-38.9521,-17.7094],[-38.9521,-17.7093],[-38.9522,-17.7094]]],[[[-38.9524,-17.7095],[-38.9524,-17.7094],[-38.9524,-17.7094],[-38.9524,-17.7095],[-38.9524,-17.7095]]],[[[-38.9521,-17.7114],[-38.9521,-17.7114],[-38.9521,-17.7114],[-38.9521,-17.7114],[-38.9521,-17.7114]]],[[[-39.0431,-17.4683],[-39.0431,-17.4683],[-39.0431,-17.4683],[-39.0431,-17.4683],[-39.0431,-17.4683]]],[[[-39.0431,-17.4683],[-39.0431,-17.4683],[-39.0431,-17.4683],[-39.0431,-17.4683]]],[[[-39.0431,-17.4683],[-39.0431,-17.4683],[-39.0431,-17.4683],[-39.0431,-17.4683],[-39.0431,-17.4683]]],[[[-39.05,-17.4674],[-39.05,-17.4674],[-39.05,-17.4674],[-39.05,-17.4675],[-39.05,-17.4674]]],[[[-39.05,-17.4674],[-39.05,-17.4674],[-39.05,-17.4674],[-39.05,-17.4674]]],[[[-39.05,-17.4674],[-39.05,-17.4674],[-39.05,-17.4674],[-39.05,-17.4674]]],[[[-35.1899,-9.0246],[-35.1885,-9.0208],[-35.1868,-9.0171],[-35.1864,-9.0131],[-35.1862,-9.0171],[-35.1864,-9.0214],[-35.1883,-9.025],[-35.1899,-9.0246]]],[[[-35.1851,-9.0138],[-35.1851,-9.0137],[-35.185,-9.0137],[-35.185,-9.0137],[-35.1851,-9.0138]]],[[[-35.1899,-9.0246],[-35.1899,-9.0247],[-35.1899,-9.0247],[-35.1899,-9.0246],[-35.1899,-9.0246]]]]},"properties":{"nome":"Recifes Central da Bahia (Salvador/Tinhar\u00e9) (\u00e1rea 2)","regiao":"Recifes Central da Bahia (Salvador/Tinhar\u00e9)","area_km2":483.25}},{"type":"Feature","geometry":{"type":"MultiPolygon","coordinates":[[[[-28.8499,-20.4944],[-28.8499,-20.4946],[-28.8493,-20.4946],[-28.8493,-20.4949],[-28.8499,-20.4944]]],[[[-28.8552,-20.4612],[-28.8515,-20.4635],[-28.8487,-20.4665],[-28.8452,-20.4689],[-28.8415,-20.4712],[-28.8381,-20.4734],[-28.8364,-20.4782],[-28.8396,-20.4812],[-28.8416,-20.4777],[-28.8444,-20.4746],[-28.8484,-20.4727],[-28.8522,-20.471],[-28.8562,-20.4723],[-28.8577,-20.4761],[-28.8589,-20.4802],[-28.8589,-20.4845],[-28.8546,-20.4865],[-28.8558,-20.4905],[-28.8596,-20.4924],[-28.8662,-20.4926],[-28.8696,-20.4904],[-28.874,-20.4903],[-28.878,-20.4903],[-28.8814,-20.4881],[-28.8825,-20.4797],[-28.8841,-20.4756],[-28.8832,-20.4712],[-28.8814,-20.4675],[-28.8777,-20.4648],[-28.8734,-20.4643],[-28.869,-20.4646],[-28.8644,-20.4639],[-28.8598,-20.4634],[-28.8552,-20.4612]]],[[[-28.8544,-20.4651],[-28.8573,-20.468],[-28.8536,-20.4697],[-28.8527,-20.4653],[-28.8544,-20.4651]]]]},"properties":{"nome":"Banco de Vit\u00f3ria / Trindade (\u00e1rea 1)","regiao":"Banco de Vit\u00f3ria / Trindade","area_km2":9.355}},{"type":"Feature","geometry":{"type":"MultiPolygon","coordinates":[[[[-29.3066,-20.5035],[-29.3053,-20.5076],[-29.3042,-20.5122],[-29.3076,-20.51],[-29.3093,-20.5059],[-29.3066,-20.5035]]],[[[-29.3317,-20.4883],[-29.3303,-20.4921],[-29.3329,-20.4888],[-29.3317,-20.4883]]]]},"properties":{"nome":"Banco de Vit\u00f3ria / Trindade (\u00e1rea 2)","regiao":"Banco de Vit\u00f3ria / Trindade","area_km2":0.384}},{"type":"Feature","geometry":{"type":"MultiPolygon","coordinates":[[[[-29.3087,-20.5051],[-29.3087,-20.5057],[-29.309,-20.5057],[-29.309,-20.5059],[-29.3087,-20.5051]]],[[[-29.3087,-20.5051],[-29.3087,-20.5049],[-29.3084,-20.5049],[-29.3084,-20.5051],[-29.3087,-20.5051]]],[[[-29.3269,-20.4932],[-29.3241,-20.4963],[-29.3198,-20.4977],[-29.3178,-20.5023],[-29.3149,-20.4991],[-29.3129,-20.5026],[-29.3153,-20.5064],[-29.3184,-20.5036],[-29.3207,-20.5001],[-29.3238,-20.4973],[-29.3275,-20.4957],[-29.3269,-20.4932]]]]},"properties":{"nome":"Banco de Vit\u00f3ria / Trindade (\u00e1rea 3)","regiao":"Banco de Vit\u00f3ria / Trindade","area_km2":0.645}},{"type":"Feature","geometry":{"type":"Polygon","coordinates":[[[-29.3368,-20.4852],[-29.3349,-20.4891],[-29.3383,-20.4866],[-29.3368,-20.4852]]]},"properties":{"nome":"Banco de Vit\u00f3ria / Trindade (\u00e1rea 4)","regiao":"Banco de Vit\u00f3ria / Trindade","area_km2":0.068}},{"type":"Feature","geometry":{"type":"Polygon","coordinates":[[[-29.313,-20.5064],[-29.313,-20.5067],[-29.3116,-20.5067],[-29.3116,-20.507],[-29.313,-20.5064]]]},"properties":{"nome":"Banco de Vit\u00f3ria / Trindade (\u00e1rea 5)","regiao":"Banco de Vit\u00f3ria / Trindade","area_km2":0.027}},{"type":"Feature","geometry":{"type":"MultiPolygon","coordinates":[[[[-29.3115,-20.5054],[-29.3116,-20.5056],[-29.3113,-20.5056],[-29.3113,-20.5059],[-29.3115,-20.5054]]],[[[-29.3346,-20.4891],[-29.3346,-20.4893],[-29.3349,-20.4893],[-29.3349,-20.4891],[-29.3346,-20.4891]]],[[[-28.8504,-20.4708],[-28.8461,-20.4727],[-28.8433,-20.4757],[-28.8408,-20.479],[-28.8422,-20.4828],[-28.8483,-20.4838],[-28.8523,-20.4843],[-28.8567,-20.4864],[-28.8595,-20.4829],[-28.858,-20.4788],[-28.8565,-20.4745],[-28.853,-20.4718],[-28.8504,-20.4708]]],[[[-28.8519,-20.4719],[-28.8539,-20.4759],[-28.8517,-20.4794],[-28.8485,-20.4768],[-28.8505,-20.4732],[-28.8519,-20.4719]]],[[[-28.8551,-20.4732],[-28.8551,-20.4724],[-28.8556,-20.4724],[-28.8556,-20.4732],[-28.8551,-20.4732]]],[[[-28.853,-20.4651],[-28.8527,-20.4691],[-28.8565,-20.4713],[-28.857,-20.4669],[-28.853,-20.4651]]]]},"properties":{"nome":"Banco de Vit\u00f3ria / Trindade (\u00e1rea 6)","regiao":"Banco de Vit\u00f3ria / Trindade","area_km2":2.246}}]}